{
  "w": [
    1.0689947107000002,
    0.6841943546317599,
    1.1833788016687812
  ],
  "b": -0.3701245442780998,
  "mean": [
    -0.00790720700372276,
    -1.8489049713698837,
    1.0842955560492087
  ],
  "std": [
    0.9883019556330543,
    0.9990504886921503,
    1.3678050158226702
  ],
  "feature_names": [
    "sat_z",
    "gpa_centered",
    "logit_acceptance_rate"
  ],
  "sat_sigma": 130,
  "version": 1,
  "synthetic": true,
  "git_sha": "ee2d318",
  "trained_at": "2026-06-21T17:49:58.184Z"
}