{
  "w": [
    1.0961120505113815,
    0.6757878167140997,
    1.190807508589233
  ],
  "b": -0.28306849390504296,
  "mean": [
    -0.014267945055079159,
    -1.7400489480880024,
    1.0856457277357812
  ],
  "std": [
    0.9813516347238904,
    1.0177540144235295,
    1.412910556213947
  ],
  "feature_names": [
    "sat_z",
    "gpa_centered",
    "logit_acceptance_rate"
  ],
  "sat_sigma": 130,
  "version": 2,
  "synthetic": true,
  "git_sha": "2f5a27b",
  "trained_at": "2026-06-22T13:21:36.710Z"
}