{
  "w": [
    1.138552494461577,
    0.7136027078136774,
    1.255289690436637
  ],
  "b": -0.3394110729946231,
  "mean": [
    0.0053122507259767615,
    -1.8442949920533454,
    1.0805276016991692
  ],
  "std": [
    0.9836549812486151,
    0.9873366153717769,
    1.352629406943839
  ],
  "feature_names": [
    "sat_z",
    "gpa_centered",
    "logit_acceptance_rate"
  ],
  "sat_sigma": 130,
  "version": 1,
  "trained_at": "2026-06-20T18:38:50.983Z"
}