applicant_id,university_raw,decision,round,gpa_uw,gpa_w,sat_total,act_composite,num_ap,ec_tier,gender,first_gen,income_band,geography_region,international_flag,extraction_method,completeness,needs_review
ac0b72beee1e111ab195a411,ED to Columbia,DEFER,UNKNOWN,,,,,8,,,,,,False,REGEX_PARTIAL,0.2,True
794ab012ff9f874d0418e487,deferred,REJECT,UNKNOWN,,,,36,17,,,,,,False,REGEX_PARTIAL,0.4,True
b9c561cade50bf208b9b7aec,WL,ACCEPT,UNKNOWN,,,,35,,,,,,,False,REGEX_PARTIAL,0.4,True
b9c561cade50bf208b9b7aec,WL,ACCEPT,UNKNOWN,,,,35,,,,,,,False,REGEX_PARTIAL,0.4,True
f3182957fce1df7834255b9b,UK,ACCEPT,UNKNOWN,,,,35,11,,,,,,False,REGEX,0.4,True
f3182957fce1df7834255b9b,UAH,ACCEPT,UNKNOWN,,,,35,11,,,,,,False,REGEX,0.4,True
f3182957fce1df7834255b9b,GT,ACCEPT,UNKNOWN,,,,35,11,,,,,,False,REGEX,0.4,True
f3182957fce1df7834255b9b,UVA,ACCEPT,UNKNOWN,,,,35,11,,,,,,False,REGEX,0.4,True
f3182957fce1df7834255b9b,MIT,DEFER,UNKNOWN,,,,35,11,,,,,,False,REGEX,0.4,True
f3182957fce1df7834255b9b,UCD,ACCEPT,UNKNOWN,,,,35,11,,,,,,False,REGEX,0.4,True
f3182957fce1df7834255b9b,UCLA,ACCEPT,UNKNOWN,,,,35,11,,,,,,False,REGEX,0.4,True
f3182957fce1df7834255b9b,CWRU,ACCEPT,UNKNOWN,,,,35,11,,,,,,False,REGEX,0.4,True
f3182957fce1df7834255b9b,UCSD,ACCEPT,UNKNOWN,,,,35,11,,,,,,False,REGEX,0.4,True
f3182957fce1df7834255b9b,UCI,ACCEPT,UNKNOWN,,,,35,11,,,,,,False,REGEX,0.4,True
f3182957fce1df7834255b9b,UC Berkeley,REJECT,UNKNOWN,,,,35,11,,,,,,False,REGEX,0.4,True
f3182957fce1df7834255b9b,UPenn,REJECT,UNKNOWN,,,,35,11,,,,,,False,REGEX,0.4,True
f3182957fce1df7834255b9b,Princeton,REJECT,UNKNOWN,,,,35,11,,,,,,False,REGEX,0.4,True
f3182957fce1df7834255b9b,Harvard,WAITLIST,UNKNOWN,,,,35,11,,,,,,False,REGEX,0.4,True
f3182957fce1df7834255b9b,Yale,WAITLIST,UNKNOWN,,,,35,11,,,,,,False,REGEX,0.4,True
f3182957fce1df7834255b9b,Dartmouth,WAITLIST,UNKNOWN,,,,35,11,,,,,,False,REGEX,0.4,True
f3182957fce1df7834255b9b,Brown,WAITLIST,UNKNOWN,,,,35,11,,,,,,False,REGEX,0.4,True
f3182957fce1df7834255b9b,Columbia,WAITLIST,UNKNOWN,,,,35,11,,,,,,False,REGEX,0.4,True
f3182957fce1df7834255b9b,Stanford,REJECT,UNKNOWN,,,,35,11,,,,,,False,REGEX,0.4,True
f3182957fce1df7834255b9b,CalTech,REJECT,UNKNOWN,,,,35,11,,,,,,False,REGEX,0.4,True
f3182957fce1df7834255b9b,UMich,WAITLIST,UNKNOWN,,,,35,11,,,,,,False,REGEX,0.4,True
b87ab6d4a64567ca7bd4cd17,UChicago,DEFER,UNKNOWN,,,,,8,,,,,,False,REGEX,0.2,True
b87ab6d4a64567ca7bd4cd17,USC,DEFER,UNKNOWN,,,,,8,,,,,,False,REGEX,0.2,True
b87ab6d4a64567ca7bd4cd17,UMich,DEFER,UNKNOWN,,,,,8,,,,,,False,REGEX,0.2,True
b87ab6d4a64567ca7bd4cd17,BU,WAITLIST,UNKNOWN,,,,,8,,,,,,False,REGEX,0.2,True
b87ab6d4a64567ca7bd4cd17,UCSD,WAITLIST,UNKNOWN,,,,,8,,,,,,False,REGEX,0.2,True
9b9ba8073bc621e4067b762a,EA,DEFER,UNKNOWN,,,,,10,,,,,,False,REGEX_PARTIAL,0.2,True
20c4710fbf0836b53fe8cdb9,Northwestern,REJECT,UNKNOWN,,,1420,,,,,,,,False,REGEX,0.4,True
20c4710fbf0836b53fe8cdb9,Umich,REJECT,UNKNOWN,,,1420,,,,,,,,False,REGEX,0.4,True
20c4710fbf0836b53fe8cdb9,Boston University,REJECT,UNKNOWN,,,1420,,,,,,,,False,REGEX,0.4,True
20c4710fbf0836b53fe8cdb9,Rice,REJECT,UNKNOWN,,,1420,,,,,,,,False,REGEX,0.4,True
20c4710fbf0836b53fe8cdb9,UC Berkely,REJECT,UNKNOWN,,,1420,,,,,,,,False,REGEX,0.4,True
20c4710fbf0836b53fe8cdb9,Northeastern,WAITLIST,UNKNOWN,,,1420,,,,,,,,False,REGEX,0.4,True
20c4710fbf0836b53fe8cdb9,UCLA,WAITLIST,UNKNOWN,,,1420,,,,,,,,False,REGEX,0.4,True
20c4710fbf0836b53fe8cdb9,UVA,WAITLIST,UNKNOWN,,,1420,,,,,,,,False,REGEX,0.4,True
20c4710fbf0836b53fe8cdb9,UCSD,ACCEPT,UNKNOWN,,,1420,,,,,,,,False,REGEX,0.4,True
20c4710fbf0836b53fe8cdb9,UCD,ACCEPT,UNKNOWN,,,1420,,,,,,,,False,REGEX,0.4,True
20c4710fbf0836b53fe8cdb9,Tulane,ACCEPT,UNKNOWN,,,1420,,,,,,,,False,REGEX,0.4,True
0d5acf03a2468d5451c44c4a,Northwestern,REJECT,UNKNOWN,,,,,,,,,,,False,REGEX,0.2,True
0d5acf03a2468d5451c44c4a,Umich,REJECT,UNKNOWN,,,,,,,,,,,False,REGEX,0.2,True
0d5acf03a2468d5451c44c4a,Boston University,REJECT,UNKNOWN,,,,,,,,,,,False,REGEX,0.2,True
0d5acf03a2468d5451c44c4a,Rice,REJECT,UNKNOWN,,,,,,,,,,,False,REGEX,0.2,True
0d5acf03a2468d5451c44c4a,Northeastern,WAITLIST,UNKNOWN,,,,,,,,,,,False,REGEX,0.2,True
0d5acf03a2468d5451c44c4a,Tulane,ACCEPT,UNKNOWN,,,,,,,,,,,False,REGEX,0.2,True
0d5acf03a2468d5451c44c4a,UVA,WAITLIST,UNKNOWN,,,,,,,,,,,False,REGEX,0.2,True
0d5acf03a2468d5451c44c4a,UCSD,ACCEPT,UNKNOWN,,,,,,,,,,,False,REGEX,0.2,True
0d5acf03a2468d5451c44c4a,UCD,ACCEPT,UNKNOWN,,,,,,,,,,,False,REGEX,0.2,True
0d5acf03a2468d5451c44c4a,UCLA,WAITLIST,UNKNOWN,,,,,,,,,,,False,REGEX,0.2,True
0d5acf03a2468d5451c44c4a,UC berkely,REJECT,UNKNOWN,,,,,,,,,,,False,REGEX,0.2,True
e0a0c4d097cd8af1ee6fcb49,Lehigh,REJECT,UNKNOWN,,,1500,,9,,,,,,False,REGEX,0.4,True
e0a0c4d097cd8af1ee6fcb49,UVA,REJECT,UNKNOWN,,,1500,,9,,,,,,False,REGEX,0.4,True
e0a0c4d097cd8af1ee6fcb49,Princeton,REJECT,UNKNOWN,,,1500,,9,,,,,,False,REGEX,0.4,True
e0a0c4d097cd8af1ee6fcb49,UIUC,REJECT,UNKNOWN,,,1500,,9,,,,,,False,REGEX,0.4,True
e0a0c4d097cd8af1ee6fcb49,UCLA,REJECT,UNKNOWN,,,1500,,9,,,,,,False,REGEX,0.4,True
e0a0c4d097cd8af1ee6fcb49,Def - WL,ACCEPT,UNKNOWN,,,1500,,9,,,,,,False,REGEX,0.4,True
e0a0c4d097cd8af1ee6fcb49,Def,REJECT,UNKNOWN,,,1500,,9,,,,,,False,REGEX,0.4,True
e0a0c4d097cd8af1ee6fcb49,W,ACCEPT,UNKNOWN,,,1500,,9,,,,,,False,REGEX,0.4,True
e0a0c4d097cd8af1ee6fcb49,W,ACCEPT,UNKNOWN,,,1500,,9,,,,,,False,REGEX,0.4,True
e0a0c4d097cd8af1ee6fcb49,SDSU,ACCEPT,UNKNOWN,,,1500,,9,,,,,,False,REGEX,0.4,True
e0a0c4d097cd8af1ee6fcb49,UMD,ACCEPT,UNKNOWN,,,1500,,9,,,,,,False,REGEX,0.4,True
e0a0c4d097cd8af1ee6fcb49,Rutgers,ACCEPT,UNKNOWN,,,1500,,9,,,,,,False,REGEX,0.4,True
e0a0c4d097cd8af1ee6fcb49,Pitt,ACCEPT,UNKNOWN,,,1500,,9,,,,,,False,REGEX,0.4,True
6547bcc197d353436bf164f1,UMass Amherst,ACCEPT,UNKNOWN,,,,,,,,,,,False,REGEX,0.2,True
6547bcc197d353436bf164f1,RPI,ACCEPT,UNKNOWN,,,,,,,,,,,False,REGEX,0.2,True
6547bcc197d353436bf164f1,Union,ACCEPT,UNKNOWN,,,,,,,,,,,False,REGEX,0.2,True
6547bcc197d353436bf164f1,Harvey Mudd,WAITLIST,UNKNOWN,,,,,,,,,,,False,REGEX,0.2,True
6547bcc197d353436bf164f1,WPI,ACCEPT,UNKNOWN,,,,,,,,,,,False,REGEX,0.2,True
6547bcc197d353436bf164f1,Yale,REJECT,UNKNOWN,,,,,,,,,,,False,REGEX,0.2,True
6547bcc197d353436bf164f1,Harvard,REJECT,UNKNOWN,,,,,,,,,,,False,REGEX,0.2,True
6547bcc197d353436bf164f1,Stanford,REJECT,UNKNOWN,,,,,,,,,,,False,REGEX,0.2,True
6547bcc197d353436bf164f1,CalTech,REJECT,UNKNOWN,,,,,,,,,,,False,REGEX,0.2,True
6547bcc197d353436bf164f1,MIT,REJECT,UNKNOWN,,,,,,,,,,,False,REGEX,0.2,True
6547bcc197d353436bf164f1,UPenn,WAITLIST,UNKNOWN,,,,,,,,,,,False,REGEX,0.2,True
6547bcc197d353436bf164f1,Princeton,ACCEPT,UNKNOWN,,,,,,,,,,,False,REGEX,0.2,True
b0292ea43be475d9cd5a576d,University of Minnesota morris,REJECT,UNKNOWN,,,,,8,,,,,,False,REGEX_PARTIAL,0.2,True
b0292ea43be475d9cd5a576d,University of Minnesota- twin cities,REJECT,UNKNOWN,,,,,8,,,,,,False,REGEX_PARTIAL,0.2,True
1b4b9698569779a229cf112e,UWash,ACCEPT,UNKNOWN,,,,35,6,,,,,,False,REGEX,0.4,True
1b4b9698569779a229cf112e,UMich,DEFER,UNKNOWN,,,,35,6,,,,,,False,REGEX,0.4,True
1b4b9698569779a229cf112e,NYU,REJECT,UNKNOWN,,,,35,6,,,,,,False,REGEX,0.4,True
1b4b9698569779a229cf112e,JHU,REJECT,UNKNOWN,,,,35,6,,,,,,False,REGEX,0.4,True
1b4b9698569779a229cf112e,UCSD,ACCEPT,UNKNOWN,,,,35,6,,,,,,False,REGEX,0.4,True
1b4b9698569779a229cf112e,UCLA,REJECT,UNKNOWN,,,,35,6,,,,,,False,REGEX,0.4,True
1b4b9698569779a229cf112e,UC Berkeley,REJECT,UNKNOWN,,,,35,6,,,,,,False,REGEX,0.4,True
1b4b9698569779a229cf112e,Duke,REJECT,UNKNOWN,,,,35,6,,,,,,False,REGEX,0.4,True
1b4b9698569779a229cf112e,CMU,REJECT,UNKNOWN,,,,35,6,,,,,,False,REGEX,0.4,True
1b4b9698569779a229cf112e,Rice,WAITLIST,UNKNOWN,,,,35,6,,,,,,False,REGEX,0.4,True
1b4b9698569779a229cf112e,Cornell,WAITLIST,UNKNOWN,,,,35,6,,,,,,False,REGEX,0.4,True
1b4b9698569779a229cf112e,UPenn,REJECT,UNKNOWN,,,,35,6,,,,,,False,REGEX,0.4,True
1b4b9698569779a229cf112e,Princeton,REJECT,UNKNOWN,,,,35,6,,,,,,False,REGEX,0.4,True
1b4b9698569779a229cf112e,Harvard,REJECT,UNKNOWN,,,,35,6,,,,,,False,REGEX,0.4,True
1b4b9698569779a229cf112e,MIT,REJECT,UNKNOWN,,,,35,6,,,,,,False,REGEX,0.4,True
1b4b9698569779a229cf112e,Columbia,ACCEPT,UNKNOWN,,,,35,6,,,,,,False,REGEX,0.4,True
1b4b9698569779a229cf112e,Stanford,ACCEPT,UNKNOWN,,,,35,6,,,,,,False,REGEX,0.4,True
61795f5cd37372682ea7197e,Canada,ACCEPT,UNKNOWN,,,,,,,,,,,False,REGEX_PARTIAL,0.2,True
9b941e6c02c5aa0572bc3090,auto,ACCEPT,UNKNOWN,,,,36,,,,,,,False,REGEX_PARTIAL,0.4,True
a75c8f66a0492814b58002ad,Schools,ACCEPT,UNKNOWN,,,,,9,,,,,,False,REGEX_PARTIAL,0.2,True
7bbb405357f8f83d5faff70f,Tennessee,ACCEPT,UNKNOWN,,,,35,15,,,,,,False,REGEX,0.4,True
7bbb405357f8f83d5faff70f,UNC Chapel,ACCEPT,UNKNOWN,,,,35,15,,,,,,False,REGEX,0.4,True
7bbb405357f8f83d5faff70f,Georgia Tech,DEFER,UNKNOWN,,,,35,15,,,,,,False,REGEX,0.4,True
7bbb405357f8f83d5faff70f,Alabama,ACCEPT,UNKNOWN,,,,35,15,,,,,,False,REGEX,0.4,True
7bbb405357f8f83d5faff70f,SCar,ACCEPT,UNKNOWN,,,,35,15,,,,,,False,REGEX,0.4,True
7bbb405357f8f83d5faff70f,Ga Southern,ACCEPT,UNKNOWN,,,,35,15,,,,,,False,REGEX,0.4,True
7bbb405357f8f83d5faff70f,UGA,ACCEPT,UNKNOWN,,,,35,15,,,,,,False,REGEX,0.4,True
7bbb405357f8f83d5faff70f,Emory,REJECT,UNKNOWN,,,,35,15,,,,,,False,REGEX,0.4,True
7bbb405357f8f83d5faff70f,John Hopkins,REJECT,UNKNOWN,,,,35,15,,,,,,False,REGEX,0.4,True
7bbb405357f8f83d5faff70f,Vanderbilt,REJECT,UNKNOWN,,,,35,15,,,,,,False,REGEX,0.4,True
30c8afeca47deb35ced42ee5,all projected Valedictorians and Salutatorians are auto,ACCEPT,UNKNOWN,,,1560,,16,,,,,,False,REGEX_PARTIAL,0.4,True
5c93f5a3fc06999db644f169,UMiami Frost EA,ACCEPT,UNKNOWN,,,,36,11,,,,,,False,REGEX,0.4,True
5c93f5a3fc06999db644f169,Peabody RD,WAITLIST,UNKNOWN,,,,36,11,,,,,,False,REGEX,0.4,True
5c93f5a3fc06999db644f169,Eastman RD,ACCEPT,UNKNOWN,,,,36,11,,,,,,False,REGEX,0.4,True
5c93f5a3fc06999db644f169,Bienen RD,ACCEPT,UNKNOWN,,,,36,11,,,,,,False,REGEX,0.4,True
5c93f5a3fc06999db644f169,Brown RD,ACCEPT,UNKNOWN,,,,36,11,,,,,,False,REGEX,0.4,True
5c93f5a3fc06999db644f169,Columbia RD,ACCEPT,UNKNOWN,,,,36,11,,,,,,False,REGEX,0.4,True
a516210fbf3745a15d5b4ee7,,WAITLIST,UNKNOWN,,,,,12,,,,,,False,REGEX_PARTIAL,0.2,True
537e97773d7b57b1f5069488,,WAITLIST,UNKNOWN,,,,,12,,,,,,False,REGEX_PARTIAL,0.2,True
c5c34986c270aaa963d07eea,Was rejected from every school besides UMass-,WAITLIST,UNKNOWN,,,,,8,,,,,,False,REGEX_PARTIAL,0.2,True
04915d36ce244ed249cf6608,Results,ACCEPT,UNKNOWN,,,,,,,,,,,False,REGEX_PARTIAL,0.2,True
d3168cb81df3b171de99b851,Princeton REA,REJECT,UNKNOWN,,,,36,,,,,,,False,REGEX,0.4,True
d3168cb81df3b171de99b851,Georgia Tech,DEFER,UNKNOWN,,,,36,,,,,,,False,REGEX,0.4,True
d3168cb81df3b171de99b851,,REJECT,UNKNOWN,,,,36,,,,,,,False,REGEX,0.4,True
d3168cb81df3b171de99b851,University of Tennessee Knoxville,ACCEPT,UNKNOWN,,,,36,,,,,,,False,REGEX,0.4,True
d3168cb81df3b171de99b851,University of Alabama,ACCEPT,UNKNOWN,,,,36,,,,,,,False,REGEX,0.4,True
d3168cb81df3b171de99b851,Purdue,ACCEPT,UNKNOWN,,,,36,,,,,,,False,REGEX,0.4,True
d3168cb81df3b171de99b851,,ACCEPT,UNKNOWN,,,,36,,,,,,,False,REGEX,0.4,True
d3168cb81df3b171de99b851,UCSD,ACCEPT,UNKNOWN,,,,36,,,,,,,False,REGEX,0.4,True
d3168cb81df3b171de99b851,UCLA,ACCEPT,UNKNOWN,,,,36,,,,,,,False,REGEX,0.4,True
d3168cb81df3b171de99b851,Johns Hopkins BME,ACCEPT,UNKNOWN,,,,36,,,,,,,False,REGEX,0.4,True
d3168cb81df3b171de99b851,University of Maryland,ACCEPT,UNKNOWN,,,,36,,,,,,,False,REGEX,0.4,True
d3168cb81df3b171de99b851,,ACCEPT,UNKNOWN,,,,36,,,,,,,False,REGEX,0.4,True
d3168cb81df3b171de99b851,,WAITLIST,UNKNOWN,,,,36,,,,,,,False,REGEX,0.4,True
d3168cb81df3b171de99b851,Duke,WAITLIST,UNKNOWN,,,,36,,,,,,,False,REGEX,0.4,True
d3168cb81df3b171de99b851,Columbia,WAITLIST,UNKNOWN,,,,36,,,,,,,False,REGEX,0.4,True
d3168cb81df3b171de99b851,Harvard,WAITLIST,UNKNOWN,,,,36,,,,,,,False,REGEX,0.4,True
d3168cb81df3b171de99b851,University of Michigan,WAITLIST,UNKNOWN,,,,36,,,,,,,False,REGEX,0.4,True
d3168cb81df3b171de99b851,Vanderbilt University,WAITLIST,UNKNOWN,,,,36,,,,,,,False,REGEX,0.4,True
d3168cb81df3b171de99b851,Caltech,REJECT,UNKNOWN,,,,36,,,,,,,False,REGEX,0.4,True
d3168cb81df3b171de99b851,MIT,REJECT,UNKNOWN,,,,36,,,,,,,False,REGEX,0.4,True
d3168cb81df3b171de99b851,Yale,REJECT,UNKNOWN,,,,36,,,,,,,False,REGEX,0.4,True
d3168cb81df3b171de99b851,Cornell,REJECT,UNKNOWN,,,,36,,,,,,,False,REGEX,0.4,True
d3168cb81df3b171de99b851,UPenn,REJECT,UNKNOWN,,,,36,,,,,,,False,REGEX,0.4,True
d3168cb81df3b171de99b851,Stanford,REJECT,UNKNOWN,,,,36,,,,,,,False,REGEX,0.4,True
d3168cb81df3b171de99b851,Berkely,REJECT,UNKNOWN,,,,36,,,,,,,False,REGEX,0.4,True
c91473d120a5c789f1a032ae,,DEFER,UNKNOWN,,,,,,,,,,,False,REGEX_PARTIAL,0.2,True
8933f9475e68121e4aba53ca,Bates College,WAITLIST,UNKNOWN,,,,,,,,,,,False,REGEX,0.2,True
8933f9475e68121e4aba53ca,Williams College,WAITLIST,UNKNOWN,,,,,,,,,,,False,REGEX,0.2,True
8933f9475e68121e4aba53ca,College of the Holy Cross,ACCEPT,UNKNOWN,,,,,,,,,,,False,REGEX,0.2,True
8933f9475e68121e4aba53ca,Yale,REJECT,UNKNOWN,,,,,,,,,,,False,REGEX,0.2,True
8933f9475e68121e4aba53ca,Amherst,REJECT,UNKNOWN,,,,,,,,,,,False,REGEX,0.2,True
8933f9475e68121e4aba53ca,Cornell,REJECT,UNKNOWN,,,,,,,,,,,False,REGEX,0.2,True
8933f9475e68121e4aba53ca,Princeton,REJECT,UNKNOWN,,,,,,,,,,,False,REGEX,0.2,True
8933f9475e68121e4aba53ca,Brown,REJECT,UNKNOWN,,,,,,,,,,,False,REGEX,0.2,True
8933f9475e68121e4aba53ca,Swarthmore,REJECT,UNKNOWN,,,,,,,,,,,False,REGEX,0.2,True
8933f9475e68121e4aba53ca,Boston University,REJECT,UNKNOWN,,,,,,,,,,,False,REGEX,0.2,True
8933f9475e68121e4aba53ca,Colby,WAITLIST,UNKNOWN,,,,,,,,,,,False,REGEX,0.2,True
8933f9475e68121e4aba53ca,Columbia,REJECT,UNKNOWN,,,,,,,,,,,False,REGEX,0.2,True
4fdf72f083311eeb5f2e9d13,Harvard,DEFER,UNKNOWN,,,1540,,,,,,,,False,REGEX_PARTIAL,0.4,True
233f770fc296b38f44ca8275,REA,DEFER,UNKNOWN,,,,34,9,,,,,,False,REGEX_PARTIAL,0.4,True
bebc358ef8042ab48a3adc00,Decisions,ACCEPT,UNKNOWN,,,1500,,5,,,,,,False,REGEX_PARTIAL,0.4,True
122f03b7dc1ededcfe501425,CMU,ACCEPT,UNKNOWN,,,,,,,,,,,False,REGEX_PARTIAL,0.2,True
b73db6df674b54317bd218d4,ED,DEFER,UNKNOWN,,,,,13,,,,,,False,REGEX_PARTIAL,0.2,True
c1427545bbdb1501366656c0,Rice,ACCEPT,UNKNOWN,,,1510,,,,,,,,False,REGEX,0.4,True
c1427545bbdb1501366656c0,Northwestern,ACCEPT,UNKNOWN,,,1510,,,,,,,,False,REGEX,0.4,True
c1427545bbdb1501366656c0,University of Texas,ACCEPT,UNKNOWN,,,1510,,,,,,,,False,REGEX,0.4,True
c1427545bbdb1501366656c0,University of Houston,ACCEPT,UNKNOWN,,,1510,,,,,,,,False,REGEX,0.4,True
c1427545bbdb1501366656c0,University of Cincinnati,ACCEPT,UNKNOWN,,,1510,,,,,,,,False,REGEX,0.4,True
c1427545bbdb1501366656c0,Southern Methodist University,ACCEPT,UNKNOWN,,,1510,,,,,,,,False,REGEX,0.4,True
c1427545bbdb1501366656c0,Juilliard,WAITLIST,UNKNOWN,,,1510,,,,,,,,False,REGEX,0.4,True
f68c84c79496ee7b00c4f421,Caltech RD,WAITLIST,UNKNOWN,,,1540,,3,,,,,,False,REGEX,0.4,True
f68c84c79496ee7b00c4f421,Georgia Tech,DEFER,UNKNOWN,,,1540,,3,,,,,,False,REGEX,0.4,True
f68c84c79496ee7b00c4f421,UC Santa Barbara,WAITLIST,UNKNOWN,,,1540,,3,,,,,,False,REGEX,0.4,True
f68c84c79496ee7b00c4f421,Northeastern RD,WAITLIST,UNKNOWN,,,1540,,3,,,,,,False,REGEX,0.4,True
f68c84c79496ee7b00c4f421,Georgia Tech EA,DEFER,UNKNOWN,,,1540,,3,,,,,,False,REGEX,0.4,True
f68c84c79496ee7b00c4f421,Purdue,DEFER,UNKNOWN,,,1540,,3,,,,,,False,REGEX,0.4,True
ea32421dd7d56b8b7040ea0f,Caltech RD,WAITLIST,UNKNOWN,,,1540,,3,,,,,,False,REGEX,0.4,True
ea32421dd7d56b8b7040ea0f,Georgia Tech,DEFER,UNKNOWN,,,1540,,3,,,,,,False,REGEX,0.4,True
ea32421dd7d56b8b7040ea0f,UC Santa Barbara,WAITLIST,UNKNOWN,,,1540,,3,,,,,,False,REGEX,0.4,True
ea32421dd7d56b8b7040ea0f,Northeastern RD,WAITLIST,UNKNOWN,,,1540,,3,,,,,,False,REGEX,0.4,True
ea32421dd7d56b8b7040ea0f,Georgia Tech EA,DEFER,UNKNOWN,,,1540,,3,,,,,,False,REGEX,0.4,True
ea32421dd7d56b8b7040ea0f,Purdue,DEFER,UNKNOWN,,,1540,,3,,,,,,False,REGEX,0.4,True
d5c65897f59dbc9c70bcb5fa,,REJECT,UNKNOWN,,,1570,,,,,,,,False,REGEX_PARTIAL,0.4,True
d5c65897f59dbc9c70bcb5fa,,WAITLIST,UNKNOWN,,,1570,,,,,,,,False,REGEX_PARTIAL,0.4,True
e407a8af67188720b1130684,yr scholarship,ACCEPT,UNKNOWN,,,,,8,,,,,,False,REGEX,0.2,True
e407a8af67188720b1130684,UIUC - EA,DEFER,UNKNOWN,,,,,8,,,,,,False,REGEX,0.2,True
e407a8af67188720b1130684,GTech - EA,DEFER,UNKNOWN,,,,,8,,,,,,False,REGEX,0.2,True
08abecacfe58817690d3c712,University of Michigan EA,DEFER,UNKNOWN,,,,34,17,,,,,,False,REGEX_PARTIAL,0.4,True
08abecacfe58817690d3c712,RD,WAITLIST,UNKNOWN,,,,34,17,,,,,,False,REGEX_PARTIAL,0.4,True
65e6cf738bf2267577907ffe,. Startup,REJECT,UNKNOWN,,,,36,2,,,,,,False,REGEX_PARTIAL,0.4,True
122a9ba1a406ef7c22ca1111,nd Choice,DEFER,UNKNOWN,,,,,9,,,,,,False,REGEX_PARTIAL,0.2,True
d8f83df5235f9efb0ac24aa6,McGill,ACCEPT,UNKNOWN,,,,,,,,,,,False,REGEX,0.2,True
d8f83df5235f9efb0ac24aa6,UBC,ACCEPT,UNKNOWN,,,,,,,,,,,False,REGEX,0.2,True
d8f83df5235f9efb0ac24aa6,UofT,ACCEPT,UNKNOWN,,,,,,,,,,,False,REGEX,0.2,True
d8f83df5235f9efb0ac24aa6,UNC OOS EA,ACCEPT,UNKNOWN,,,,,,,,,,,False,REGEX,0.2,True
806d03b57828b5bf71bae558,,ACCEPT,UNKNOWN,,,1540,,17,,,,,,False,REGEX,0.4,True
806d03b57828b5bf71bae558,,REJECT,UNKNOWN,,,1540,,17,,,,,,False,REGEX,0.4,True
806d03b57828b5bf71bae558,,WAITLIST,UNKNOWN,,,1540,,17,,,,,,False,REGEX,0.4,True
806d03b57828b5bf71bae558,,ACCEPT,UNKNOWN,,,1540,,17,,,,,,False,REGEX,0.4,True
806d03b57828b5bf71bae558,,REJECT,UNKNOWN,,,1540,,17,,,,,,False,REGEX,0.4,True
806d03b57828b5bf71bae558,,ACCEPT,UNKNOWN,,,1540,,17,,,,,,False,REGEX,0.4,True
806d03b57828b5bf71bae558,,REJECT,UNKNOWN,,,1540,,17,,,,,,False,REGEX,0.4,True
806d03b57828b5bf71bae558,,ACCEPT,UNKNOWN,,,1540,,17,,,,,,False,REGEX,0.4,True
806d03b57828b5bf71bae558,,ACCEPT,UNKNOWN,,,1540,,17,,,,,,False,REGEX,0.4,True
806d03b57828b5bf71bae558,,WAITLIST,UNKNOWN,,,1540,,17,,,,,,False,REGEX,0.4,True
806d03b57828b5bf71bae558,,WAITLIST,UNKNOWN,,,1540,,17,,,,,,False,REGEX,0.4,True
806d03b57828b5bf71bae558,,ACCEPT,UNKNOWN,,,1540,,17,,,,,,False,REGEX,0.4,True
806d03b57828b5bf71bae558,,ACCEPT,UNKNOWN,,,1540,,17,,,,,,False,REGEX,0.4,True
806d03b57828b5bf71bae558,,ACCEPT,UNKNOWN,,,1540,,17,,,,,,False,REGEX,0.4,True
806d03b57828b5bf71bae558,,ACCEPT,UNKNOWN,,,1540,,17,,,,,,False,REGEX,0.4,True
806d03b57828b5bf71bae558,,ACCEPT,UNKNOWN,,,1540,,17,,,,,,False,REGEX,0.4,True
806d03b57828b5bf71bae558,,WAITLIST,UNKNOWN,,,1540,,17,,,,,,False,REGEX,0.4,True
806d03b57828b5bf71bae558,,WAITLIST,UNKNOWN,,,1540,,17,,,,,,False,REGEX,0.4,True
806d03b57828b5bf71bae558,,REJECT,UNKNOWN,,,1540,,17,,,,,,False,REGEX,0.4,True
806d03b57828b5bf71bae558,,ACCEPT,UNKNOWN,,,1540,,17,,,,,,False,REGEX,0.4,True
806d03b57828b5bf71bae558,,ACCEPT,UNKNOWN,,,1540,,17,,,,,,False,REGEX,0.4,True
806d03b57828b5bf71bae558,,ACCEPT,UNKNOWN,,,1540,,17,,,,,,False,REGEX,0.4,True
806d03b57828b5bf71bae558,,ACCEPT,UNKNOWN,,,1540,,17,,,,,,False,REGEX,0.4,True
446d3db95e97e4071bdcf1ee,Yale,WAITLIST,UNKNOWN,,,,26,,,,,,,False,REGEX,0.4,True
446d3db95e97e4071bdcf1ee,UChicago,WAITLIST,UNKNOWN,,,,26,,,,,,,False,REGEX,0.4,True
446d3db95e97e4071bdcf1ee,Tufts,REJECT,UNKNOWN,,,,26,,,,,,,False,REGEX,0.4,True
446d3db95e97e4071bdcf1ee,Princeton,REJECT,UNKNOWN,,,,26,,,,,,,False,REGEX,0.4,True
446d3db95e97e4071bdcf1ee,WashU,ACCEPT,UNKNOWN,,,,26,,,,,,,False,REGEX,0.4,True
446d3db95e97e4071bdcf1ee,Wellesley,ACCEPT,UNKNOWN,,,,26,,,,,,,False,REGEX,0.4,True
446d3db95e97e4071bdcf1ee,Smith,ACCEPT,UNKNOWN,,,,26,,,,,,,False,REGEX,0.4,True
446d3db95e97e4071bdcf1ee,Williams,WAITLIST,UNKNOWN,,,,26,,,,,,,False,REGEX,0.4,True
446d3db95e97e4071bdcf1ee,Bryn Mawr,ACCEPT,UNKNOWN,,,,26,,,,,,,False,REGEX,0.4,True
446d3db95e97e4071bdcf1ee,Occidental,ACCEPT,UNKNOWN,,,,26,,,,,,,False,REGEX,0.4,True
446d3db95e97e4071bdcf1ee,Brandies,WAITLIST,UNKNOWN,,,,26,,,,,,,False,REGEX,0.4,True
446d3db95e97e4071bdcf1ee,U of I Chicago,ACCEPT,UNKNOWN,,,,26,,,,,,,False,REGEX,0.4,True
3ec310ad0b57e3dce0de2dde,WashU,REJECT,UNKNOWN,,,,,16,,,,,,False,REGEX_PARTIAL,0.2,True
3ec310ad0b57e3dce0de2dde,Smith,ACCEPT,UNKNOWN,,,,,16,,,,,,False,REGEX_PARTIAL,0.2,True
80d1a33ac1df6d1205ddf918,,ACCEPT,UNKNOWN,,,1560,,4,,,,,,False,REGEX,0.4,True
80d1a33ac1df6d1205ddf918,Covenant,ACCEPT,UNKNOWN,,,1560,,4,,,,,,False,REGEX,0.4,True
80d1a33ac1df6d1205ddf918,Berry,ACCEPT,UNKNOWN,,,1560,,4,,,,,,False,REGEX,0.4,True
80d1a33ac1df6d1205ddf918,GCSU,ACCEPT,UNKNOWN,,,1560,,4,,,,,,False,REGEX,0.4,True
80d1a33ac1df6d1205ddf918,Mercer,ACCEPT,UNKNOWN,,,1560,,4,,,,,,False,REGEX,0.4,True
80d1a33ac1df6d1205ddf918,,ACCEPT,UNKNOWN,,,1560,,4,,,,,,False,REGEX,0.4,True
80d1a33ac1df6d1205ddf918,Auburn,ACCEPT,UNKNOWN,,,1560,,4,,,,,,False,REGEX,0.4,True
80d1a33ac1df6d1205ddf918,UGA,ACCEPT,UNKNOWN,,,1560,,4,,,,,,False,REGEX,0.4,True
80d1a33ac1df6d1205ddf918,GT,DEFER,UNKNOWN,,,1560,,4,,,,,,False,REGEX,0.4,True
80d1a33ac1df6d1205ddf918,UF,DEFER,UNKNOWN,,,1560,,4,,,,,,False,REGEX,0.4,True
80d1a33ac1df6d1205ddf918,Hillsdale,REJECT,UNKNOWN,,,1560,,4,,,,,,False,REGEX,0.4,True
80d1a33ac1df6d1205ddf918,FSU,ACCEPT,UNKNOWN,,,1560,,4,,,,,,False,REGEX,0.4,True
80d1a33ac1df6d1205ddf918,Clemson,ACCEPT,UNKNOWN,,,1560,,4,,,,,,False,REGEX,0.4,True
80d1a33ac1df6d1205ddf918,UF,REJECT,UNKNOWN,,,1560,,4,,,,,,False,REGEX,0.4,True
80d1a33ac1df6d1205ddf918,Emory,REJECT,UNKNOWN,,,1560,,4,,,,,,False,REGEX,0.4,True
80d1a33ac1df6d1205ddf918,Vanderbilt,REJECT,UNKNOWN,,,1560,,4,,,,,,False,REGEX,0.4,True
80d1a33ac1df6d1205ddf918,Harvard,REJECT,UNKNOWN,,,1560,,4,,,,,,False,REGEX,0.4,True
80d1a33ac1df6d1205ddf918,Duke,REJECT,UNKNOWN,,,1560,,4,,,,,,False,REGEX,0.4,True
80d1a33ac1df6d1205ddf918,GT,ACCEPT,UNKNOWN,,,1560,,4,,,,,,False,REGEX,0.4,True
b7300322e083542577e9a065,COLLEGE RESULTS,ACCEPT,UNKNOWN,,,,,10,,,,,,False,REGEX_PARTIAL,0.2,True
0ede91177f47d35e7aa84e28,random safety,ACCEPT,UNKNOWN,,,1580,,,,,,,,False,REGEX,0.4,True
0ede91177f47d35e7aa84e28,hypsm,REJECT,UNKNOWN,,,1580,,,,,,,,False,REGEX,0.4,True
0ede91177f47d35e7aa84e28,usc,REJECT,UNKNOWN,,,1580,,,,,,,,False,REGEX,0.4,True
0ede91177f47d35e7aa84e28,duke,WAITLIST,UNKNOWN,,,1580,,,,,,,,False,REGEX,0.4,True
7f25f0548c2bcd2fcb583112,results,REJECT,UNKNOWN,,,,,,,,,,,False,REGEX_PARTIAL,0.2,True
1b57b32def982afb025766d8,did not apply for aid at need-aware because I would've been auto,REJECT,UNKNOWN,,,1550,,,,,,,,False,REGEX_PARTIAL,0.4,True
c1104f46d15aceda94580295,Georgetown McDonough Business,ACCEPT,UNKNOWN,,,,,,,,,,,False,REGEX,0.2,True
c1104f46d15aceda94580295,Fordham,ACCEPT,UNKNOWN,,,,,,,,,,,False,REGEX,0.2,True
c1104f46d15aceda94580295,IU Kelly,ACCEPT,UNKNOWN,,,,,,,,,,,False,REGEX,0.2,True
c1104f46d15aceda94580295,Michigan Ross,ACCEPT,UNKNOWN,,,,,,,,,,,False,REGEX,0.2,True
c1104f46d15aceda94580295,Northeastern,ACCEPT,UNKNOWN,,,,,,,,,,,False,REGEX,0.2,True
c1104f46d15aceda94580295,American,ACCEPT,UNKNOWN,,,,,,,,,,,False,REGEX,0.2,True
c1104f46d15aceda94580295,Villanova,ACCEPT,UNKNOWN,,,,,,,,,,,False,REGEX,0.2,True
c1104f46d15aceda94580295,UW,ACCEPT,UNKNOWN,,,,,,,,,,,False,REGEX,0.2,True
c1104f46d15aceda94580295,Claremont McKenna,REJECT,UNKNOWN,,,,,,,,,,,False,REGEX,0.2,True
c1104f46d15aceda94580295,Boston College,ACCEPT,UNKNOWN,,,,,,,,,,,False,REGEX,0.2,True
c1104f46d15aceda94580295,UC Davis,ACCEPT,UNKNOWN,,,,,,,,,,,False,REGEX,0.2,True
c1104f46d15aceda94580295,UC Santa Cruz,ACCEPT,UNKNOWN,,,,,,,,,,,False,REGEX,0.2,True
c1104f46d15aceda94580295,UC Santa Barbara,ACCEPT,UNKNOWN,,,,,,,,,,,False,REGEX,0.2,True
c1104f46d15aceda94580295,UC San Diego,ACCEPT,UNKNOWN,,,,,,,,,,,False,REGEX,0.2,True
c1104f46d15aceda94580295,UC Irvine,WAITLIST,UNKNOWN,,,,,,,,,,,False,REGEX,0.2,True
c1104f46d15aceda94580295,UCLA,ACCEPT,UNKNOWN,,,,,,,,,,,False,REGEX,0.2,True
c1104f46d15aceda94580295,UC Berkeley Hass,ACCEPT,UNKNOWN,,,,,,,,,,,False,REGEX,0.2,True
c1104f46d15aceda94580295,Boston University,ACCEPT,UNKNOWN,,,,,,,,,,,False,REGEX,0.2,True
f7d422968fb5e0664e61a14d,,ACCEPT,UNKNOWN,,,,,2,,,,,,False,REGEX,0.2,True
f7d422968fb5e0664e61a14d,,ACCEPT,UNKNOWN,,,,,2,,,,,,False,REGEX,0.2,True
f7d422968fb5e0664e61a14d,,ACCEPT,UNKNOWN,,,,,2,,,,,,False,REGEX,0.2,True
1906455eaede4677bbb68c04,EA,DEFER,UNKNOWN,,,,,5,,,,,,False,REGEX_PARTIAL,0.2,True
8ae59e50a7bb6eff0c129dee,- univ of san francisco,ACCEPT,UNKNOWN,,,1440,,2,,,,,,False,REGEX,0.4,True
8ae59e50a7bb6eff0c129dee,- univ of san diego,ACCEPT,UNKNOWN,,,1440,,2,,,,,,False,REGEX,0.4,True
8ae59e50a7bb6eff0c129dee,- santa clara,ACCEPT,UNKNOWN,,,1440,,2,,,,,,False,REGEX,0.4,True
8ae59e50a7bb6eff0c129dee,- gwu,ACCEPT,UNKNOWN,,,1440,,2,,,,,,False,REGEX,0.4,True
8ae59e50a7bb6eff0c129dee,- south florida,ACCEPT,UNKNOWN,,,1440,,2,,,,,,False,REGEX,0.4,True
8ae59e50a7bb6eff0c129dee,- loyola marymount,ACCEPT,UNKNOWN,,,1440,,2,,,,,,False,REGEX,0.4,True
8ae59e50a7bb6eff0c129dee,- central florida,ACCEPT,UNKNOWN,,,1440,,2,,,,,,False,REGEX,0.4,True
8ae59e50a7bb6eff0c129dee,- fsu,ACCEPT,UNKNOWN,,,1440,,2,,,,,,False,REGEX,0.4,True
8ae59e50a7bb6eff0c129dee,- uf,ACCEPT,UNKNOWN,,,1440,,2,,,,,,False,REGEX,0.4,True
8ae59e50a7bb6eff0c129dee,- umiami,ACCEPT,UNKNOWN,,,1440,,2,,,,,,False,REGEX,0.4,True
8ae59e50a7bb6eff0c129dee,- georgia tech,ACCEPT,UNKNOWN,,,1440,,2,,,,,,False,REGEX,0.4,True
8ae59e50a7bb6eff0c129dee,- boston univ,REJECT,UNKNOWN,,,1440,,2,,,,,,False,REGEX,0.4,True
8ae59e50a7bb6eff0c129dee,- tufts,REJECT,UNKNOWN,,,1440,,2,,,,,,False,REGEX,0.4,True
8ae59e50a7bb6eff0c129dee,- usc,REJECT,UNKNOWN,,,1440,,2,,,,,,False,REGEX,0.4,True
8ae59e50a7bb6eff0c129dee,- nyu,WAITLIST,UNKNOWN,,,1440,,2,,,,,,False,REGEX,0.4,True
8ae59e50a7bb6eff0c129dee,- northeastern,WAITLIST,UNKNOWN,,,1440,,2,,,,,,False,REGEX,0.4,True
8ae59e50a7bb6eff0c129dee,- brown,ACCEPT,UNKNOWN,,,1440,,2,,,,,,False,REGEX,0.4,True
8ae59e50a7bb6eff0c129dee,- columbia,WAITLIST,UNKNOWN,,,1440,,2,,,,,,False,REGEX,0.4,True
8ae59e50a7bb6eff0c129dee,- harvard,WAITLIST,UNKNOWN,,,1440,,2,,,,,,False,REGEX,0.4,True
3bfa837e5efbeac785f5dfd7,,ACCEPT,UNKNOWN,,,,,10,,,,,,False,REGEX_PARTIAL,0.2,True
c59f1fb6a08b1e7e289fe6ed,,DEFER,UNKNOWN,,,,,14,,,,,,False,REGEX_PARTIAL,0.2,True
ef151bc91f6a88c89ce3c1f8,Harvard,REJECT,UNKNOWN,,,,,,,,,,,False,REGEX,0.2,True
ef151bc91f6a88c89ce3c1f8,UPenn,REJECT,UNKNOWN,,,,,,,,,,,False,REGEX,0.2,True
ef151bc91f6a88c89ce3c1f8,Columbia,ACCEPT,UNKNOWN,,,,,,,,,,,False,REGEX,0.2,True
ef151bc91f6a88c89ce3c1f8,Dartmouth,REJECT,UNKNOWN,,,,,,,,,,,False,REGEX,0.2,True
ef151bc91f6a88c89ce3c1f8,Brown,ACCEPT,UNKNOWN,,,,,,,,,,,False,REGEX,0.2,True
ef151bc91f6a88c89ce3c1f8,Vanderbilt,REJECT,UNKNOWN,,,,,,,,,,,False,REGEX,0.2,True
ef151bc91f6a88c89ce3c1f8,Rice,REJECT,UNKNOWN,,,,,,,,,,,False,REGEX,0.2,True
ef151bc91f6a88c89ce3c1f8,Northeastern,ACCEPT,UNKNOWN,,,,,,,,,,,False,REGEX,0.2,True
ef151bc91f6a88c89ce3c1f8,Emory Atlanta,REJECT,UNKNOWN,,,,,,,,,,,False,REGEX,0.2,True
ef151bc91f6a88c89ce3c1f8,Emory Oxford,WAITLIST,UNKNOWN,,,,,,,,,,,False,REGEX,0.2,True
ef151bc91f6a88c89ce3c1f8,Notre Dame,WAITLIST,UNKNOWN,,,,,,,,,,,False,REGEX,0.2,True
ef151bc91f6a88c89ce3c1f8,UChicago,WAITLIST,UNKNOWN,,,,,,,,,,,False,REGEX,0.2,True
ef151bc91f6a88c89ce3c1f8,WashU,REJECT,UNKNOWN,,,,,,,,,,,False,REGEX,0.2,True
ef151bc91f6a88c89ce3c1f8,USC,ACCEPT,UNKNOWN,,,,,,,,,,,False,REGEX,0.2,True
ef151bc91f6a88c89ce3c1f8,Johns Hopkins,REJECT,UNKNOWN,,,,,,,,,,,False,REGEX,0.2,True
ef151bc91f6a88c89ce3c1f8,Texas A&M,ACCEPT,UNKNOWN,,,,,,,,,,,False,REGEX,0.2,True
ef151bc91f6a88c89ce3c1f8,Baylor,ACCEPT,UNKNOWN,,,,,,,,,,,False,REGEX,0.2,True
ef151bc91f6a88c89ce3c1f8,Colby,WAITLIST,UNKNOWN,,,,,,,,,,,False,REGEX,0.2,True
ef151bc91f6a88c89ce3c1f8,Trinity,WAITLIST,UNKNOWN,,,,,,,,,,,False,REGEX,0.2,True
ef151bc91f6a88c89ce3c1f8,Bates,WAITLIST,UNKNOWN,,,,,,,,,,,False,REGEX,0.2,True
6e43da99c209485856451558,Amherst College,REJECT,UNKNOWN,,,1330,,30,,,,,,False,REGEX,0.4,True
6e43da99c209485856451558,Boston University,ACCEPT,UNKNOWN,,,1330,,30,,,,,,False,REGEX,0.4,True
6e43da99c209485856451558,Fairfield University,WAITLIST,UNKNOWN,,,1330,,30,,,,,,False,REGEX,0.4,True
6e43da99c209485856451558,Rutgers University,ACCEPT,UNKNOWN,,,1330,,30,,,,,,False,REGEX,0.4,True
6e43da99c209485856451558,Skidmore College,WAITLIST,UNKNOWN,,,1330,,30,,,,,,False,REGEX,0.4,True
6e43da99c209485856451558,Binghamton University,ACCEPT,UNKNOWN,,,1330,,30,,,,,,False,REGEX,0.4,True
6e43da99c209485856451558,New Paltz,ACCEPT,UNKNOWN,,,1330,,30,,,,,,False,REGEX,0.4,True
6e43da99c209485856451558,Oneonta,ACCEPT,UNKNOWN,,,1330,,30,,,,,,False,REGEX,0.4,True
6e43da99c209485856451558,University at Buffalo,ACCEPT,UNKNOWN,,,1330,,30,,,,,,False,REGEX,0.4,True
6e43da99c209485856451558,University at Albany,ACCEPT,UNKNOWN,,,1330,,30,,,,,,False,REGEX,0.4,True
6e43da99c209485856451558,GWU,WAITLIST,UNKNOWN,,,1330,,30,,,,,,False,REGEX,0.4,True
6e43da99c209485856451558,University of Delaware,ACCEPT,UNKNOWN,,,1330,,30,,,,,,False,REGEX,0.4,True
a9584478cdea14cb63434603,tamu,ACCEPT,UNKNOWN,,,,,,,,,,,False,REGEX_PARTIAL,0.2,True
625f1de00cffdc9262518a32,george mason,ACCEPT,UNKNOWN,,,,,1,,,,,,False,REGEX,0.2,True
625f1de00cffdc9262518a32,umass boston,ACCEPT,UNKNOWN,,,,,1,,,,,,False,REGEX,0.2,True
625f1de00cffdc9262518a32,west virginia,ACCEPT,UNKNOWN,,,,,1,,,,,,False,REGEX,0.2,True
625f1de00cffdc9262518a32,virginia commonwealth,ACCEPT,UNKNOWN,,,,,1,,,,,,False,REGEX,0.2,True
625f1de00cffdc9262518a32,virginia tech,WAITLIST,UNKNOWN,,,,,1,,,,,,False,REGEX,0.2,True
625f1de00cffdc9262518a32,uni of virginia,REJECT,UNKNOWN,,,,,1,,,,,,False,REGEX,0.2,True
625f1de00cffdc9262518a32,william and mary,REJECT,UNKNOWN,,,,,1,,,,,,False,REGEX,0.2,True
625f1de00cffdc9262518a32,boston uni,REJECT,UNKNOWN,,,,,1,,,,,,False,REGEX,0.2,True
625f1de00cffdc9262518a32,boston college,REJECT,UNKNOWN,,,,,1,,,,,,False,REGEX,0.2,True
625f1de00cffdc9262518a32,brown uni,REJECT,UNKNOWN,,,,,1,,,,,,False,REGEX,0.2,True
c286e85e5e8f3213eb18a20a,Decisions,ACCEPT,UNKNOWN,,,1450,,,,,,,,False,REGEX_PARTIAL,0.4,True
fc587b7dd01fc094ba1e31db,MIT,DEFER,UNKNOWN,,,,,9,,,,,,False,REGEX_PARTIAL,0.2,True
e8ee9ebfe0040dbcab739c05,Schools,ACCEPT,UNKNOWN,,4.0,1520,,,,,,,,False,REGEX,0.6,False
e8ee9ebfe0040dbcab739c05,- Georgia Tech,REJECT,UNKNOWN,,4.0,1520,,,,,,,,False,REGEX,0.6,False
e8ee9ebfe0040dbcab739c05,- Purdue,ACCEPT,UNKNOWN,,4.0,1520,,,,,,,,False,REGEX,0.6,False
e8ee9ebfe0040dbcab739c05,- Vanderbilt,REJECT,UNKNOWN,,4.0,1520,,,,,,,,False,REGEX,0.6,False
e8ee9ebfe0040dbcab739c05,- Rice,WAITLIST,UNKNOWN,,4.0,1520,,,,,,,,False,REGEX,0.6,False
e8ee9ebfe0040dbcab739c05,- Yale,REJECT,UNKNOWN,,4.0,1520,,,,,,,,False,REGEX,0.6,False
e8ee9ebfe0040dbcab739c05,- Northwestern,ACCEPT,UNKNOWN,,4.0,1520,,,,,,,,False,REGEX,0.6,False
e8ee9ebfe0040dbcab739c05,- Cornell,ACCEPT,UNKNOWN,,4.0,1520,,,,,,,,False,REGEX,0.6,False
fe424731696d5a209cf991ce,Results,ACCEPT,UNKNOWN,,,1540,,,,,,,,False,REGEX_PARTIAL,0.4,True
5b72e8d2663c602d7c485834,,REJECT,UNKNOWN,,,1240,,,,,,,,False,REGEX,0.4,True
5b72e8d2663c602d7c485834,,REJECT,UNKNOWN,,,1240,,,,,,,,False,REGEX,0.4,True
5b72e8d2663c602d7c485834,Georgia State University,ACCEPT,UNKNOWN,,,1240,,,,,,,,False,REGEX,0.4,True
5b72e8d2663c602d7c485834,Kennesaw State University,ACCEPT,UNKNOWN,,,1240,,,,,,,,False,REGEX,0.4,True
5b72e8d2663c602d7c485834,,ACCEPT,UNKNOWN,,,1240,,,,,,,,False,REGEX,0.4,True
5b72e8d2663c602d7c485834,,DEFER,UNKNOWN,,,1240,,,,,,,,False,REGEX,0.4,True
5b72e8d2663c602d7c485834,,WAITLIST,UNKNOWN,,,1240,,,,,,,,False,REGEX,0.4,True
5b72e8d2663c602d7c485834,,DEFER,UNKNOWN,,,1240,,,,,,,,False,REGEX,0.4,True
5b72e8d2663c602d7c485834,,ACCEPT,UNKNOWN,,,1240,,,,,,,,False,REGEX,0.4,True
5b72e8d2663c602d7c485834,,ACCEPT,UNKNOWN,,,1240,,,,,,,,False,REGEX,0.4,True
5b72e8d2663c602d7c485834,,DEFER,UNKNOWN,,,1240,,,,,,,,False,REGEX,0.4,True
5b72e8d2663c602d7c485834,,WAITLIST,UNKNOWN,,,1240,,,,,,,,False,REGEX,0.4,True
5b72e8d2663c602d7c485834,,DEFER,UNKNOWN,,,1240,,,,,,,,False,REGEX,0.4,True
5b72e8d2663c602d7c485834,,REJECT,UNKNOWN,,,1240,,,,,,,,False,REGEX,0.4,True
5b72e8d2663c602d7c485834,,REJECT,UNKNOWN,,,1240,,,,,,,,False,REGEX,0.4,True
1efcbcbca1ade6adba704b8f,Applications,REJECT,UNKNOWN,,,,,12,,,,,,False,REGEX_PARTIAL,0.2,True
f4faf90846a784a9a94013a6,Schools,ACCEPT,UNKNOWN,,,,,,,,,,,False,REGEX_PARTIAL,0.2,True
a80a5bb614b8da06c3a9370c,defer,WAITLIST,UNKNOWN,,,1400,,10,,,,,,False,REGEX_PARTIAL,0.4,True
083a2bb1ab1d57b7849fc8e1,.,WAITLIST,UNKNOWN,,,,,,,,,,,False,REGEX_PARTIAL,0.2,True
29da7631183068a7dc5a72a2,Schools,ACCEPT,UNKNOWN,,,,,15,,,,,,False,REGEX,0.2,True
29da7631183068a7dc5a72a2,cmu cs,WAITLIST,UNKNOWN,,,,,15,,,,,,False,REGEX,0.2,True
29da7631183068a7dc5a72a2,udub cs,WAITLIST,UNKNOWN,,,,,15,,,,,,False,REGEX,0.2,True
29da7631183068a7dc5a72a2,ucsd cs,WAITLIST,UNKNOWN,,,,,15,,,,,,False,REGEX,0.2,True
29da7631183068a7dc5a72a2,cornell cs,WAITLIST,UNKNOWN,,,,,15,,,,,,False,REGEX,0.2,True
29da7631183068a7dc5a72a2,princeton cs,REJECT,UNKNOWN,,,,,15,,,,,,False,REGEX,0.2,True
29da7631183068a7dc5a72a2,jhu cs,REJECT,UNKNOWN,,,,,15,,,,,,False,REGEX,0.2,True
29da7631183068a7dc5a72a2,dartmouth cs,REJECT,UNKNOWN,,,,,15,,,,,,False,REGEX,0.2,True
29da7631183068a7dc5a72a2,berkeley eecs,REJECT,UNKNOWN,,,,,15,,,,,,False,REGEX,0.2,True
b9e39f973d71f43708c68cd1,SDSU,ACCEPT,UNKNOWN,,,,,8,,,,,,False,REGEX,0.2,True
b9e39f973d71f43708c68cd1,Cal Poly SLO,REJECT,UNKNOWN,,,,,8,,,,,,False,REGEX,0.2,True
b9e39f973d71f43708c68cd1,UCSC,ACCEPT,UNKNOWN,,,,,8,,,,,,False,REGEX,0.2,True
b9e39f973d71f43708c68cd1,UCD,REJECT,UNKNOWN,,,,,8,,,,,,False,REGEX,0.2,True
b9e39f973d71f43708c68cd1,UCSB,REJECT,UNKNOWN,,,,,8,,,,,,False,REGEX,0.2,True
b9e39f973d71f43708c68cd1,UCSD,REJECT,UNKNOWN,,,,,8,,,,,,False,REGEX,0.2,True
b9e39f973d71f43708c68cd1,UCLA,REJECT,UNKNOWN,,,,,8,,,,,,False,REGEX,0.2,True
b9e39f973d71f43708c68cd1,UCB,REJECT,UNKNOWN,,,,,8,,,,,,False,REGEX,0.2,True
ea2a3a89361736d8047bbd06,UNC,ACCEPT,UNKNOWN,,,,,,,,,,,False,REGEX,0.2,True
ea2a3a89361736d8047bbd06,UCLA,ACCEPT,UNKNOWN,,,,,,,,,,,False,REGEX,0.2,True
ea2a3a89361736d8047bbd06,Barnard,WAITLIST,UNKNOWN,,,,,,,,,,,False,REGEX,0.2,True
ea2a3a89361736d8047bbd06,UCSD,ACCEPT,UNKNOWN,,,,,,,,,,,False,REGEX,0.2,True
ea2a3a89361736d8047bbd06,Richmond,ACCEPT,UNKNOWN,,,,,,,,,,,False,REGEX,0.2,True
ea2a3a89361736d8047bbd06,Northeastern,ACCEPT,UNKNOWN,,,,,,,,,,,False,REGEX,0.2,True
ea2a3a89361736d8047bbd06,UWash,ACCEPT,UNKNOWN,,,,,,,,,,,False,REGEX,0.2,True
ea2a3a89361736d8047bbd06,St Andrews-William and Mary Joint Degree,ACCEPT,UNKNOWN,,,,,,,,,,,False,REGEX,0.2,True
735342555367ab0e12f91614,Brown,DEFER,UNKNOWN,,,,,,,,,,,False,REGEX,0.2,True
735342555367ab0e12f91614,Texas A&M,ACCEPT,UNKNOWN,,,,,,,,,,,False,REGEX,0.2,True
735342555367ab0e12f91614,UT Austin,ACCEPT,UNKNOWN,,,,,,,,,,,False,REGEX,0.2,True
735342555367ab0e12f91614,MIT,REJECT,UNKNOWN,,,,,,,,,,,False,REGEX,0.2,True
735342555367ab0e12f91614,Johns Hopkins,WAITLIST,UNKNOWN,,,,,,,,,,,False,REGEX,0.2,True
735342555367ab0e12f91614,WashU,REJECT,UNKNOWN,,,,,,,,,,,False,REGEX,0.2,True
735342555367ab0e12f91614,Vanderbilt,REJECT,UNKNOWN,,,,,,,,,,,False,REGEX,0.2,True
735342555367ab0e12f91614,USC,REJECT,UNKNOWN,,,,,,,,,,,False,REGEX,0.2,True
edb97dc880b3ef5163168d3e,,WAITLIST,UNKNOWN,,,,,,,,,,,False,REGEX,0.2,True
edb97dc880b3ef5163168d3e,,REJECT,UNKNOWN,,,,,,,,,,,False,REGEX,0.2,True
edb97dc880b3ef5163168d3e,,ACCEPT,UNKNOWN,,,,,,,,,,,False,REGEX,0.2,True
a996a13fb35a00d7501c35d9,In dire need of a miracle,WAITLIST,UNKNOWN,,,,,,,,,,,False,REGEX_PARTIAL,0.2,True
cb38f18b1614f7a460ec1756,UChicago,REJECT,UNKNOWN,,,,,,,,,,,False,REGEX_PARTIAL,0.2,True
fa763c35c583f082bf2ee6f7,caltech,WAITLIST,UNKNOWN,,,1590,,,,,,,,False,REGEX,0.4,True
fa763c35c583f082bf2ee6f7,cmu,WAITLIST,UNKNOWN,,,1590,,,,,,,,False,REGEX,0.4,True
fa763c35c583f082bf2ee6f7,fordham,REJECT,UNKNOWN,,,1590,,,,,,,,False,REGEX,0.4,True
fa763c35c583f082bf2ee6f7,jhu,REJECT,UNKNOWN,,,1590,,,,,,,,False,REGEX,0.4,True
1c54703eca311b4e8f0ca13b,Results,ACCEPT,UNKNOWN,3.97,4.45,1460,,10,,,,,,False,REGEX_PARTIAL,0.6,False
219ed40397b746a005be8996,Schools,ACCEPT,UNKNOWN,,,,,9,,,,,,False,REGEX_PARTIAL,0.2,True
7d0d4068bab121ce3030a0df,Results,ACCEPT,UNKNOWN,,,1540,,,,,,,,False,REGEX_PARTIAL,0.4,True
a2852543cbae1690c6eb53cd,so far,REJECT,UNKNOWN,,,1580,,,,,,,,False,REGEX_PARTIAL,0.4,True
f8484af1a26a09dacd36b7a9,. Penn is the same,REJECT,UNKNOWN,,,,,,,,,,,False,REGEX_PARTIAL,0.2,True
5b02b8292c275baac93c6aa3,Northeastern,REJECT,UNKNOWN,,,,,,,,,,,False,REGEX,0.2,True
5b02b8292c275baac93c6aa3,UChicago,REJECT,UNKNOWN,,,,,,,,,,,False,REGEX,0.2,True
5b02b8292c275baac93c6aa3,Fordham,WAITLIST,UNKNOWN,,,,,,,,,,,False,REGEX,0.2,True
80b4ab5c487eb499691d7a82,Caltech,WAITLIST,UNKNOWN,,,,,,,,,,,False,REGEX,0.2,True
80b4ab5c487eb499691d7a82,UChicago,WAITLIST,UNKNOWN,,,,,,,,,,,False,REGEX,0.2,True
80b4ab5c487eb499691d7a82,Columbia,ACCEPT,UNKNOWN,,,,,,,,,,,False,REGEX,0.2,True
74e6162f6b984d06ce4ebdc3,Caltech RD,WAITLIST,UNKNOWN,,,1540,,3,,,,,,False,REGEX,0.4,True
74e6162f6b984d06ce4ebdc3,Northeastern RD,WAITLIST,UNKNOWN,,,1540,,3,,,,,,False,REGEX,0.4,True
74e6162f6b984d06ce4ebdc3,Georgia Tech EA,DEFER,UNKNOWN,,,1540,,3,,,,,,False,REGEX,0.4,True
74e6162f6b984d06ce4ebdc3,Purdue EA,DEFER,UNKNOWN,,,1540,,3,,,,,,False,REGEX,0.4,True
0de4b7cbe5fb9a48a277551e,Caltech RD,WAITLIST,UNKNOWN,,,,,,,,,,,False,REGEX,0.2,True
0de4b7cbe5fb9a48a277551e,Georgia Tech EA,DEFER,UNKNOWN,,,,,,,,,,,False,REGEX,0.2,True
0de4b7cbe5fb9a48a277551e,Purdue EA,DEFER,UNKNOWN,,,,,,,,,,,False,REGEX,0.2,True
0de4b7cbe5fb9a48a277551e,Northeastern EA,WAITLIST,UNKNOWN,,,,,,,,,,,False,REGEX,0.2,True
b35272c73130326778243f57,FIT,ACCEPT,UNKNOWN,,,1420,,20,,,,,,False,REGEX,0.4,True
b35272c73130326778243f57,EFSC,ACCEPT,UNKNOWN,,,1420,,20,,,,,,False,REGEX,0.4,True
b35272c73130326778243f57,Stetson,ACCEPT,UNKNOWN,,,1420,,20,,,,,,False,REGEX,0.4,True
b35272c73130326778243f57,FL Polytechnic,ACCEPT,UNKNOWN,,,1420,,20,,,,,,False,REGEX,0.4,True
b35272c73130326778243f57,FAU,ACCEPT,UNKNOWN,,,1420,,20,,,,,,False,REGEX,0.4,True
b35272c73130326778243f57,Eckerd,ACCEPT,UNKNOWN,,,1420,,20,,,,,,False,REGEX,0.4,True
b35272c73130326778243f57,UCF,ACCEPT,UNKNOWN,,,1420,,20,,,,,,False,REGEX,0.4,True
b35272c73130326778243f57,Nova Southeastern,ACCEPT,UNKNOWN,,,1420,,20,,,,,,False,REGEX,0.4,True
b35272c73130326778243f57,Gulf Coast,ACCEPT,UNKNOWN,,,1420,,20,,,,,,False,REGEX,0.4,True
b35272c73130326778243f57,New College of FL,ACCEPT,UNKNOWN,,,1420,,20,,,,,,False,REGEX,0.4,True
b35272c73130326778243f57,UWF,ACCEPT,UNKNOWN,,,1420,,20,,,,,,False,REGEX,0.4,True
b35272c73130326778243f57,UNF,ACCEPT,UNKNOWN,,,1420,,20,,,,,,False,REGEX,0.4,True
b35272c73130326778243f57,Saint Leo,ACCEPT,UNKNOWN,,,1420,,20,,,,,,False,REGEX,0.4,True
b35272c73130326778243f57,UWF,ACCEPT,UNKNOWN,,,1420,,20,,,,,,False,REGEX,0.4,True
b35272c73130326778243f57,FIU,ACCEPT,UNKNOWN,,,1420,,20,,,,,,False,REGEX,0.4,True
b35272c73130326778243f57,UF,ACCEPT,UNKNOWN,,,1420,,20,,,,,,False,REGEX,0.4,True
b35272c73130326778243f57,UMiami,REJECT,UNKNOWN,,,1420,,20,,,,,,False,REGEX,0.4,True
b35272c73130326778243f57,Ringling,REJECT,UNKNOWN,,,1420,,20,,,,,,False,REGEX,0.4,True
055bc2190775ec4152010470,,REJECT,UNKNOWN,,,1240,,,,,,,,False,REGEX,0.4,True
055bc2190775ec4152010470,Georgia State University,ACCEPT,UNKNOWN,,,1240,,,,,,,,False,REGEX,0.4,True
055bc2190775ec4152010470,Kennesaw State University,ACCEPT,UNKNOWN,,,1240,,,,,,,,False,REGEX,0.4,True
055bc2190775ec4152010470,,ACCEPT,UNKNOWN,,,1240,,,,,,,,False,REGEX,0.4,True
055bc2190775ec4152010470,,DEFER,UNKNOWN,,,1240,,,,,,,,False,REGEX,0.4,True
055bc2190775ec4152010470,,WAITLIST,UNKNOWN,,,1240,,,,,,,,False,REGEX,0.4,True
055bc2190775ec4152010470,,DEFER,UNKNOWN,,,1240,,,,,,,,False,REGEX,0.4,True
055bc2190775ec4152010470,,ACCEPT,UNKNOWN,,,1240,,,,,,,,False,REGEX,0.4,True
055bc2190775ec4152010470,,ACCEPT,UNKNOWN,,,1240,,,,,,,,False,REGEX,0.4,True
055bc2190775ec4152010470,,DEFER,UNKNOWN,,,1240,,,,,,,,False,REGEX,0.4,True
055bc2190775ec4152010470,,WAITLIST,UNKNOWN,,,1240,,,,,,,,False,REGEX,0.4,True
055bc2190775ec4152010470,,DEFER,UNKNOWN,,,1240,,,,,,,,False,REGEX,0.4,True
c38fd33d6903296ead760f86,,ACCEPT,UNKNOWN,,,,,,,,,,,False,REGEX,0.2,True
c38fd33d6903296ead760f86,,ACCEPT,UNKNOWN,,,,,,,,,,,False,REGEX,0.2,True
c38fd33d6903296ead760f86,,ACCEPT,UNKNOWN,,,,,,,,,,,False,REGEX,0.2,True
c38fd33d6903296ead760f86,,ACCEPT,UNKNOWN,,,,,,,,,,,False,REGEX,0.2,True
c38fd33d6903296ead760f86,,WAITLIST,UNKNOWN,,,,,,,,,,,False,REGEX,0.2,True
c38fd33d6903296ead760f86,,WAITLIST,UNKNOWN,,,,,,,,,,,False,REGEX,0.2,True
c38fd33d6903296ead760f86,,REJECT,UNKNOWN,,,,,,,,,,,False,REGEX,0.2,True
c38fd33d6903296ead760f86,,REJECT,UNKNOWN,,,,,,,,,,,False,REGEX,0.2,True
c38fd33d6903296ead760f86,,REJECT,UNKNOWN,,,,,,,,,,,False,REGEX,0.2,True
c38fd33d6903296ead760f86,,REJECT,UNKNOWN,,,,,,,,,,,False,REGEX,0.2,True
c38fd33d6903296ead760f86,,REJECT,UNKNOWN,,,,,,,,,,,False,REGEX,0.2,True
c38fd33d6903296ead760f86,,REJECT,UNKNOWN,,,,,,,,,,,False,REGEX,0.2,True
c38fd33d6903296ead760f86,,REJECT,UNKNOWN,,,,,,,,,,,False,REGEX,0.2,True
f2255c7dd2b735bbf5be6aa9,,REJECT,UNKNOWN,,,1240,,,,,,,,False,REGEX,0.4,True
f2255c7dd2b735bbf5be6aa9,Georgia State University,ACCEPT,UNKNOWN,,,1240,,,,,,,,False,REGEX,0.4,True
f2255c7dd2b735bbf5be6aa9,Kennesaw State University,ACCEPT,UNKNOWN,,,1240,,,,,,,,False,REGEX,0.4,True
f2255c7dd2b735bbf5be6aa9,,ACCEPT,UNKNOWN,,,1240,,,,,,,,False,REGEX,0.4,True
f2255c7dd2b735bbf5be6aa9,,DEFER,UNKNOWN,,,1240,,,,,,,,False,REGEX,0.4,True
f2255c7dd2b735bbf5be6aa9,,DEFER,UNKNOWN,,,1240,,,,,,,,False,REGEX,0.4,True
f2255c7dd2b735bbf5be6aa9,,ACCEPT,UNKNOWN,,,1240,,,,,,,,False,REGEX,0.4,True
f2255c7dd2b735bbf5be6aa9,,ACCEPT,UNKNOWN,,,1240,,,,,,,,False,REGEX,0.4,True
f2255c7dd2b735bbf5be6aa9,,DEFER,UNKNOWN,,,1240,,,,,,,,False,REGEX,0.4,True
f2255c7dd2b735bbf5be6aa9,,WAITLIST,UNKNOWN,,,1240,,,,,,,,False,REGEX,0.4,True
f2255c7dd2b735bbf5be6aa9,,DEFER,UNKNOWN,,,1240,,,,,,,,False,REGEX,0.4,True
6dd9d2332f2df01a5ae90bb7,Literally speechless,ACCEPT,UNKNOWN,,,,,,,,,,,False,REGEX_PARTIAL,0.2,True
b9b39bdfd03d5b0c1074946d,. LaunchX Entrepreneurship,ACCEPT,UNKNOWN,,,,,,,,,,,False,REGEX_PARTIAL,0.2,True
ef0628dc0790a55001d61e1a,gtech,REJECT,UNKNOWN,,,,,,,,,,,False,REGEX_PARTIAL,0.2,True
ef0628dc0790a55001d61e1a,uiuc,REJECT,UNKNOWN,,,,,,,,,,,False,REGEX_PARTIAL,0.2,True
2dc45bc1a2ed998fdb960b67,,DEFER,UNKNOWN,,,,,7,,,,,,False,REGEX,0.2,True
2dc45bc1a2ed998fdb960b67,,DEFER,UNKNOWN,,,,,7,,,,,,False,REGEX,0.2,True
2dc45bc1a2ed998fdb960b67,,ACCEPT,UNKNOWN,,,,,7,,,,,,False,REGEX,0.2,True
2dc45bc1a2ed998fdb960b67,,DEFER,UNKNOWN,,,,,7,,,,,,False,REGEX,0.2,True
2dc45bc1a2ed998fdb960b67,,WAITLIST,UNKNOWN,,,,,7,,,,,,False,REGEX,0.2,True
2dc45bc1a2ed998fdb960b67,,REJECT,UNKNOWN,,,,,7,,,,,,False,REGEX,0.2,True
2dc45bc1a2ed998fdb960b67,University of Texas at Austin,REJECT,UNKNOWN,,,,,7,,,,,,False,REGEX,0.2,True
5e83a0246c7bb41135966470,Decisions,ACCEPT,UNKNOWN,,,1270,,9,,,,,,False,REGEX_PARTIAL,0.4,True
bb3766a658cd1e8a2f12fd34,,REJECT,UNKNOWN,,,,,9,,,,,,False,REGEX,0.2,True
bb3766a658cd1e8a2f12fd34,,DEFER,UNKNOWN,,,,,9,,,,,,False,REGEX,0.2,True
bb3766a658cd1e8a2f12fd34,,DEFER,UNKNOWN,,,,,9,,,,,,False,REGEX,0.2,True
bb3766a658cd1e8a2f12fd34,,DEFER,UNKNOWN,,,,,9,,,,,,False,REGEX,0.2,True
bb3766a658cd1e8a2f12fd34,,DEFER,UNKNOWN,,,,,9,,,,,,False,REGEX,0.2,True
bb3766a658cd1e8a2f12fd34,,ACCEPT,UNKNOWN,,,,,9,,,,,,False,REGEX,0.2,True
bb3766a658cd1e8a2f12fd34,,ACCEPT,UNKNOWN,,,,,9,,,,,,False,REGEX,0.2,True
b895652a5d3b91c067736717,Georgetown EA,DEFER,UNKNOWN,,,,,10,,,,,,False,REGEX,0.2,True
b895652a5d3b91c067736717,Colorado College EA,REJECT,UNKNOWN,,,,,10,,,,,,False,REGEX,0.2,True
b895652a5d3b91c067736717,UTK EA,ACCEPT,UNKNOWN,,,,,10,,,,,,False,REGEX,0.2,True
6624fc515b5549e4d3579679,Schools,ACCEPT,UNKNOWN,,4.0,1520,,,,,,,,False,REGEX_PARTIAL,0.6,False
84d74cc34c8b392432b7c381,,REJECT,UNKNOWN,,,,,7,,,,,,False,REGEX,0.2,True
84d74cc34c8b392432b7c381,. University of Texas Austin RD,REJECT,UNKNOWN,,,,,7,,,,,,False,REGEX,0.2,True
84d74cc34c8b392432b7c381,,DEFER,UNKNOWN,,,,,7,,,,,,False,REGEX,0.2,True
84d74cc34c8b392432b7c381,,DEFER,UNKNOWN,,,,,7,,,,,,False,REGEX,0.2,True
84d74cc34c8b392432b7c381,,DEFER,UNKNOWN,,,,,7,,,,,,False,REGEX,0.2,True
84d74cc34c8b392432b7c381,,WAITLIST,UNKNOWN,,,,,7,,,,,,False,REGEX,0.2,True
2acfb85bedf911b0988fd6c4,Decisions,ACCEPT,UNKNOWN,,,1270,,9,,,,,,False,REGEX_PARTIAL,0.4,True
5ffd5e6eaec93696fb5e3b63,WashU EDII,ACCEPT,UNKNOWN,,,,,,,,,,,False,REGEX_PARTIAL,0.2,True
5c7898776e4b69d03175b16e,WashU Ed II,ACCEPT,UNKNOWN,,,,,,,,,,,False,REGEX,0.2,True
5c7898776e4b69d03175b16e,,REJECT,UNKNOWN,,,,,,,,,,,False,REGEX,0.2,True
5c7898776e4b69d03175b16e,Rutgers,ACCEPT,UNKNOWN,,,,,,,,,,,False,REGEX,0.2,True
5c7898776e4b69d03175b16e,Fordham,ACCEPT,UNKNOWN,,,,,,,,,,,False,REGEX,0.2,True
5c7898776e4b69d03175b16e,Montclair,ACCEPT,UNKNOWN,,,,,,,,,,,False,REGEX,0.2,True
5c7898776e4b69d03175b16e,Northeastern,DEFER,UNKNOWN,,,,,,,,,,,False,REGEX,0.2,True
55117b478c922519c50b83af,,DEFER,UNKNOWN,,,,,7,,,,,,False,REGEX,0.2,True
55117b478c922519c50b83af,,DEFER,UNKNOWN,,,,,7,,,,,,False,REGEX,0.2,True
55117b478c922519c50b83af,,DEFER,UNKNOWN,,,,,7,,,,,,False,REGEX,0.2,True
55117b478c922519c50b83af,,WAITLIST,UNKNOWN,,,,,7,,,,,,False,REGEX,0.2,True
83ce13469cca4d785075beeb,George Mason EA,ACCEPT,UNKNOWN,,,,,12,,,,,,False,REGEX,0.2,True
83ce13469cca4d785075beeb,JMU EA,ACCEPT,UNKNOWN,,,,,12,,,,,,False,REGEX,0.2,True
83ce13469cca4d785075beeb,UVA ED,REJECT,UNKNOWN,,,,,12,,,,,,False,REGEX,0.2,True
83ce13469cca4d785075beeb,University of Tennessee Knoxville EA,ACCEPT,UNKNOWN,,,,,12,,,,,,False,REGEX,0.2,True
83ce13469cca4d785075beeb,University of Florida EA,REJECT,UNKNOWN,,,,,12,,,,,,False,REGEX,0.2,True
83ce13469cca4d785075beeb,University of Texas Austin EA,DEFER,UNKNOWN,,,,,12,,,,,,False,REGEX,0.2,True
83ce13469cca4d785075beeb,UNC Chappell Hill EA,REJECT,UNKNOWN,,,,,12,,,,,,False,REGEX,0.2,True
83ce13469cca4d785075beeb,Coastal Carolina University EA,ACCEPT,UNKNOWN,,,,,12,,,,,,False,REGEX,0.2,True
83ce13469cca4d785075beeb,Rutgers New Brunswick EA,ACCEPT,UNKNOWN,,,,,12,,,,,,False,REGEX,0.2,True
8e2bb55e9810bfbbd878873c,,DEFER,UNKNOWN,,,,,7,,,,,,False,REGEX,0.2,True
8e2bb55e9810bfbbd878873c,,DEFER,UNKNOWN,,,,,7,,,,,,False,REGEX,0.2,True
8e2bb55e9810bfbbd878873c,,DEFER,UNKNOWN,,,,,7,,,,,,False,REGEX,0.2,True
8e2bb55e9810bfbbd878873c,,WAITLIST,UNKNOWN,,,,,7,,,,,,False,REGEX,0.2,True
0524f2e2471a365201f93961,,REJECT,UNKNOWN,,,1510,,3,,,,,,False,REGEX_PARTIAL,0.4,True
0524f2e2471a365201f93961,,ACCEPT,UNKNOWN,,,1510,,3,,,,,,False,REGEX_PARTIAL,0.4,True
e6b3b0c65e322eceb5eeeecc,Decisions,ACCEPT,UNKNOWN,,,1270,,9,,,,,,False,REGEX_PARTIAL,0.4,True
0defb23a4959285dcaa8fe80,Brandeis,ACCEPT,UNKNOWN,,,,,9,,,,,,False,REGEX,0.2,True
0defb23a4959285dcaa8fe80,Rutgers New Brunswick,ACCEPT,UNKNOWN,,,,,9,,,,,,False,REGEX,0.2,True
0defb23a4959285dcaa8fe80,UPitt,ACCEPT,UNKNOWN,,,,,9,,,,,,False,REGEX,0.2,True
0defb23a4959285dcaa8fe80,UMass Amherst,ACCEPT,UNKNOWN,,,,,9,,,,,,False,REGEX,0.2,True
0defb23a4959285dcaa8fe80,Binghamton,ACCEPT,UNKNOWN,,,,,9,,,,,,False,REGEX,0.2,True
0defb23a4959285dcaa8fe80,Cornell,DEFER,UNKNOWN,,,,,9,,,,,,False,REGEX,0.2,True
0defb23a4959285dcaa8fe80,UMich,DEFER,UNKNOWN,,,,,9,,,,,,False,REGEX,0.2,True
0defb23a4959285dcaa8fe80,UNC,WAITLIST,UNKNOWN,,,,,9,,,,,,False,REGEX,0.2,True
0defb23a4959285dcaa8fe80,UVA,REJECT,UNKNOWN,,,,,9,,,,,,False,REGEX,0.2,True
8f2c4dd21c0f9919c7f2745e,VCU,ACCEPT,UNKNOWN,,,,,4,,,,,,False,REGEX_PARTIAL,0.2,True
8f2c4dd21c0f9919c7f2745e,ODU,ACCEPT,UNKNOWN,,,,,4,,,,,,False,REGEX_PARTIAL,0.2,True
d5ce7a64c93838c38041468b,UNC,WAITLIST,UNKNOWN,,,,,7,,,,,,False,REGEX,0.2,True
d5ce7a64c93838c38041468b,Georgetown,DEFER,UNKNOWN,,,,,7,,,,,,False,REGEX,0.2,True
d5ce7a64c93838c38041468b,Umich,DEFER,UNKNOWN,,,,,7,,,,,,False,REGEX,0.2,True
d5ce7a64c93838c38041468b,Tulane,DEFER,UNKNOWN,,,,,7,,,,,,False,REGEX,0.2,True
c72bce7f2ef6b30a53f380bc,UMich,ACCEPT,UNKNOWN,,,,,3,,,,,,False,REGEX,0.2,True
c72bce7f2ef6b30a53f380bc,UFlorida,ACCEPT,UNKNOWN,,,,,3,,,,,,False,REGEX,0.2,True
c72bce7f2ef6b30a53f380bc,UMD,ACCEPT,UNKNOWN,,,,,3,,,,,,False,REGEX,0.2,True
c72bce7f2ef6b30a53f380bc,Pitt,ACCEPT,UNKNOWN,,,,,3,,,,,,False,REGEX,0.2,True
c72bce7f2ef6b30a53f380bc,UVA,REJECT,UNKNOWN,,,,,3,,,,,,False,REGEX,0.2,True
89b9a9b3259ff6a4ea39968a,Texas A&M,ACCEPT,UNKNOWN,,,1540,,,,,,,,False,REGEX_PARTIAL,0.4,True
c660f7ada16581df6b9e93ae,McGill,ACCEPT,UNKNOWN,,,,,,,,,,,False,REGEX,0.2,True
c660f7ada16581df6b9e93ae,UBC,ACCEPT,UNKNOWN,,,,,,,,,,,False,REGEX,0.2,True
c660f7ada16581df6b9e93ae,UofT,ACCEPT,UNKNOWN,,,,,,,,,,,False,REGEX,0.2,True
c660f7ada16581df6b9e93ae,UNC OOS EA,ACCEPT,UNKNOWN,,,,,,,,,,,False,REGEX,0.2,True
e30ee6966bca8cddc416d842,Decisions,ACCEPT,UNKNOWN,,,1270,,9,,,,,,False,REGEX_PARTIAL,0.4,True
892111ab6b5e78b992aa0335,Decisions,ACCEPT,UNKNOWN,,,1270,,9,,,,,,False,REGEX_PARTIAL,0.4,True
3945b5c26965098b371ff8fa,gt,REJECT,UNKNOWN,,,1520,,12,,,,,,False,REGEX,0.4,True
3945b5c26965098b371ff8fa,cwru,ACCEPT,UNKNOWN,,,1520,,12,,,,,,False,REGEX,0.4,True
3945b5c26965098b371ff8fa,state schools,ACCEPT,UNKNOWN,,,1520,,12,,,,,,False,REGEX,0.4,True
46e0d124bf01512835aec341,Results,ACCEPT,UNKNOWN,,,,,12,,,,,,False,REGEX_PARTIAL,0.2,True
4768edfde034d16554491128,K-State,ACCEPT,UNKNOWN,3.8,3.9,,26,,,,,,,False,REGEX,0.6,False
4768edfde034d16554491128,Missouri S&T,ACCEPT,UNKNOWN,3.8,3.9,,26,,,,,,,False,REGEX,0.6,False
4768edfde034d16554491128,U of Arkansas,ACCEPT,UNKNOWN,3.8,3.9,,26,,,,,,,False,REGEX,0.6,False
4768edfde034d16554491128,Mizzou,ACCEPT,UNKNOWN,3.8,3.9,,26,,,,,,,False,REGEX,0.6,False
4768edfde034d16554491128,Auburn,DEFER,UNKNOWN,3.8,3.9,,26,,,,,,,False,REGEX,0.6,False
4768edfde034d16554491128,CU Boulder,DEFER,UNKNOWN,3.8,3.9,,26,,,,,,,False,REGEX,0.6,False
4768edfde034d16554491128,Virginia Tech,ACCEPT,UNKNOWN,3.8,3.9,,26,,,,,,,False,REGEX,0.6,False
b4cce9020d130241497cb380,auto,ACCEPT,UNKNOWN,,,,35,11,,,,,,False,REGEX_PARTIAL,0.4,True
4986537789f361325b016334,Honors College,DEFER,UNKNOWN,,,,,11,,,,,,False,REGEX_PARTIAL,0.2,True
1d6fcd7487ee88c374b4ee17,,REJECT,UNKNOWN,,,,,,,,,,,False,REGEX,0.2,True
1d6fcd7487ee88c374b4ee17,CWRU,DEFER,UNKNOWN,,,,,,,,,,,False,REGEX,0.2,True
1d6fcd7487ee88c374b4ee17,Binghamton,DEFER,UNKNOWN,,,,,,,,,,,False,REGEX,0.2,True
1d6fcd7487ee88c374b4ee17,UBuffalo,ACCEPT,UNKNOWN,,,,,,,,,,,False,REGEX,0.2,True
1d6fcd7487ee88c374b4ee17,Buff State,ACCEPT,UNKNOWN,,,,,,,,,,,False,REGEX,0.2,True
1d6fcd7487ee88c374b4ee17,RIT,ACCEPT,UNKNOWN,,,,,,,,,,,False,REGEX,0.2,True
1d6fcd7487ee88c374b4ee17,Rutgers,REJECT,UNKNOWN,,,,,,,,,,,False,REGEX,0.2,True
1d6fcd7487ee88c374b4ee17,Stony Brook,DEFER,UNKNOWN,,,,,,,,,,,False,REGEX,0.2,True
4be204c6645027f82e596494,International student torn between U.S. and Europe,ACCEPT,UNKNOWN,,,,,,,,,,,False,REGEX_PARTIAL,0.2,True
dfc80696650bbaa943d7da33,,ACCEPT,UNKNOWN,,,1540,,12,,,,,,False,REGEX_PARTIAL,0.4,True
7debec00dee3e82b1b4380b8,Miami Uni,ACCEPT,UNKNOWN,,,,,,,,,,,False,REGEX,0.2,True
7debec00dee3e82b1b4380b8,Temple uni,ACCEPT,UNKNOWN,,,,,,,,,,,False,REGEX,0.2,True
7debec00dee3e82b1b4380b8,Uni of richmond,REJECT,UNKNOWN,,,,,,,,,,,False,REGEX,0.2,True
7debec00dee3e82b1b4380b8,Uni of connecticut,ACCEPT,UNKNOWN,,,,,,,,,,,False,REGEX,0.2,True
ddeea6347856507a1cad54ba,UF vs. FSU,ACCEPT,UNKNOWN,,,,,,,,,,,False,REGEX_PARTIAL,0.2,True
d7a184223413549a541afd8b,Decision,DEFER,UNKNOWN,,,,,7,,,,,,False,REGEX_PARTIAL,0.2,True
0033720f4f0111a50d5fe004,Case Western Reserve University,ACCEPT,UNKNOWN,,,,,,,,,,,False,REGEX,0.2,True
0033720f4f0111a50d5fe004,Villanova University,DEFER,UNKNOWN,,,,,,,,,,,False,REGEX,0.2,True
0033720f4f0111a50d5fe004,USC,DEFER,UNKNOWN,,,,,,,,,,,False,REGEX,0.2,True
b81fd7439cd4b53ee1c6069b,,REJECT,UNKNOWN,,,,,,,,,,,False,REGEX,0.2,True
b81fd7439cd4b53ee1c6069b,,REJECT,UNKNOWN,,,,,,,,,,,False,REGEX,0.2,True
b81fd7439cd4b53ee1c6069b,,REJECT,UNKNOWN,,,,,,,,,,,False,REGEX,0.2,True
b81fd7439cd4b53ee1c6069b,,REJECT,UNKNOWN,,,,,,,,,,,False,REGEX,0.2,True
b81fd7439cd4b53ee1c6069b,,REJECT,UNKNOWN,,,,,,,,,,,False,REGEX,0.2,True
b81fd7439cd4b53ee1c6069b,,REJECT,UNKNOWN,,,,,,,,,,,False,REGEX,0.2,True
b81fd7439cd4b53ee1c6069b,,REJECT,UNKNOWN,,,,,,,,,,,False,REGEX,0.2,True
b81fd7439cd4b53ee1c6069b,,REJECT,UNKNOWN,,,,,,,,,,,False,REGEX,0.2,True
b81fd7439cd4b53ee1c6069b,,REJECT,UNKNOWN,,,,,,,,,,,False,REGEX,0.2,True
b81fd7439cd4b53ee1c6069b,,REJECT,UNKNOWN,,,,,,,,,,,False,REGEX,0.2,True
b81fd7439cd4b53ee1c6069b,,WITHDRAW,UNKNOWN,,,,,,,,,,,False,REGEX,0.2,True
b81fd7439cd4b53ee1c6069b,,WITHDRAW,UNKNOWN,,,,,,,,,,,False,REGEX,0.2,True
b81fd7439cd4b53ee1c6069b,,WITHDRAW,UNKNOWN,,,,,,,,,,,False,REGEX,0.2,True
b81fd7439cd4b53ee1c6069b,,WITHDRAW,UNKNOWN,,,,,,,,,,,False,REGEX,0.2,True
b81fd7439cd4b53ee1c6069b,,WITHDRAW,UNKNOWN,,,,,,,,,,,False,REGEX,0.2,True
b81fd7439cd4b53ee1c6069b,,WITHDRAW,UNKNOWN,,,,,,,,,,,False,REGEX,0.2,True
b81fd7439cd4b53ee1c6069b,,WITHDRAW,UNKNOWN,,,,,,,,,,,False,REGEX,0.2,True
b81fd7439cd4b53ee1c6069b,,WITHDRAW,UNKNOWN,,,,,,,,,,,False,REGEX,0.2,True
8c998475af7b937feee1e5ee,- UCF,ACCEPT,UNKNOWN,,,,,7,,,,,,False,REGEX,0.2,True
8c998475af7b937feee1e5ee,- Iowa State,ACCEPT,UNKNOWN,,,,,7,,,,,,False,REGEX,0.2,True
8c998475af7b937feee1e5ee,- FSU,DEFER,UNKNOWN,,,,,7,,,,,,False,REGEX,0.2,True
8c998475af7b937feee1e5ee,- UVM,ACCEPT,UNKNOWN,,,,,7,,,,,,False,REGEX,0.2,True
8c998475af7b937feee1e5ee,- Temple University,ACCEPT,UNKNOWN,,,,,7,,,,,,False,REGEX,0.2,True
8c998475af7b937feee1e5ee,- Florida Tech,ACCEPT,UNKNOWN,,,,,7,,,,,,False,REGEX,0.2,True
8c998475af7b937feee1e5ee,- Mount Holyoke College,ACCEPT,UNKNOWN,,,,,7,,,,,,False,REGEX,0.2,True
0321827bca89694083728dbb,UT Austin McCombs,REJECT,UNKNOWN,,,,,2,,,,,,False,REGEX,0.2,True
0321827bca89694083728dbb,Texas A&M Mays,REJECT,UNKNOWN,,,,,2,,,,,,False,REGEX,0.2,True
0321827bca89694083728dbb,Honors College,ACCEPT,UNKNOWN,,,,,2,,,,,,False,REGEX,0.2,True
0321827bca89694083728dbb,Penn State Smeal,REJECT,UNKNOWN,,,,,2,,,,,,False,REGEX,0.2,True
0321827bca89694083728dbb,Honors College,ACCEPT,UNKNOWN,,,,,2,,,,,,False,REGEX,0.2,True
0321827bca89694083728dbb,Michigan State Broad,REJECT,UNKNOWN,,,,,2,,,,,,False,REGEX,0.2,True
0321827bca89694083728dbb,Indiana Kelley,REJECT,UNKNOWN,,,,,2,,,,,,False,REGEX,0.2,True
0321827bca89694083728dbb,University of Washington Foster,REJECT,UNKNOWN,,,,,2,,,,,,False,REGEX,0.2,True
0321827bca89694083728dbb,Oregon Lundquist,ACCEPT,UNKNOWN,,,,,2,,,,,,False,REGEX,0.2,True
0321827bca89694083728dbb,Colorado Boulder Leeds,REJECT,UNKNOWN,,,,,2,,,,,,False,REGEX,0.2,True
0321827bca89694083728dbb,Honors college,ACCEPT,UNKNOWN,,,,,2,,,,,,False,REGEX,0.2,True
0321827bca89694083728dbb,Southern Methodist,REJECT,UNKNOWN,,,,,2,,,,,,False,REGEX,0.2,True
0321827bca89694083728dbb,University of Illinois UC Gies,REJECT,UNKNOWN,,,,,2,,,,,,False,REGEX,0.2,True
0321827bca89694083728dbb,Florida Warrington,REJECT,UNKNOWN,,,,,2,,,,,,False,REGEX,0.2,True
0321827bca89694083728dbb,Georgia Terry,REJECT,UNKNOWN,,,,,2,,,,,,False,REGEX,0.2,True
fe958f9301ea977a342a66b8,UPitt Rolling,ACCEPT,UNKNOWN,,,,35,12,,,,,,False,REGEX,0.4,True
fe958f9301ea977a342a66b8,UMinn Twin cities,ACCEPT,UNKNOWN,,,,35,12,,,,,,False,REGEX,0.4,True
fe958f9301ea977a342a66b8,Harvard REA,ACCEPT,UNKNOWN,,,,35,12,,,,,,False,REGEX,0.4,True
4da993d1a050ce73e97056ca,ED,DEFER,UNKNOWN,,,1540,,13,,,,,,False,REGEX_PARTIAL,0.4,True
4da993d1a050ce73e97056ca,Texas A&M and UT are safeties since I'm auto,ACCEPT,UNKNOWN,,,1540,,13,,,,,,False,REGEX_PARTIAL,0.4,True
02198939a3c5b2aa323b3b3c,UPenn Wharton ED --,ACCEPT,UNKNOWN,,,1570,,5,,,,,,False,REGEX_PARTIAL,0.4,True
630c81e5474df462fd20cecd,University of Minnesota,ACCEPT,UNKNOWN,,98.0,,,,,,,,,False,REGEX,0.4,True
630c81e5474df462fd20cecd,,ACCEPT,UNKNOWN,,98.0,,,,,,,,,False,REGEX,0.4,True
630c81e5474df462fd20cecd,Binghamton University,ACCEPT,UNKNOWN,,98.0,,,,,,,,,False,REGEX,0.4,True
630c81e5474df462fd20cecd,Indiana University,ACCEPT,UNKNOWN,,98.0,,,,,,,,,False,REGEX,0.4,True
630c81e5474df462fd20cecd,,ACCEPT,UNKNOWN,,98.0,,,,,,,,,False,REGEX,0.4,True
630c81e5474df462fd20cecd,Baruch,ACCEPT,UNKNOWN,,98.0,,,,,,,,,False,REGEX,0.4,True
1060774c85ed777756169a3a,Macalester college,REJECT,UNKNOWN,,,,,,,,,,,False,REGEX,0.2,True
1060774c85ed777756169a3a,St. Olaf college,REJECT,UNKNOWN,,,,,,,,,,,False,REGEX,0.2,True
1060774c85ed777756169a3a,Illinois tech,REJECT,UNKNOWN,,,,,,,,,,,False,REGEX,0.2,True
1060774c85ed777756169a3a,Wheaton college Massachusetts,REJECT,UNKNOWN,,,,,,,,,,,False,REGEX,0.2,True
1060774c85ed777756169a3a,Pacific Lutheran University,ACCEPT,UNKNOWN,,,,,,,,,,,False,REGEX,0.2,True
1060774c85ed777756169a3a,Augustana university,ACCEPT,UNKNOWN,,,,,,,,,,,False,REGEX,0.2,True
eac40c896f036023afea9ea2,Decisions,ACCEPT,UNKNOWN,,,1570,,17,,,,,,False,REGEX_PARTIAL,0.4,True
e928f7333b05f335da60df37,Decisions,ACCEPT,UNKNOWN,,,,29,7,,,,,,False,REGEX_PARTIAL,0.4,True
13665f3ff769f0cf9ab18c5b,,DEFER,UNKNOWN,,,,,13,,,,,,False,REGEX_PARTIAL,0.2,True
f932b70b3dce74783c75dd26,State school. I am not applying to any other safeties because I am an auto,ACCEPT,UNKNOWN,,,,,15,,,,,,False,REGEX_PARTIAL,0.2,True
3951e1b643e1e61c021aa000,tamu,ACCEPT,UNKNOWN,,,,,,,,,,,False,REGEX_PARTIAL,0.2,True
ae7c1151cbcf78088d5558c6,Texas A&M,ACCEPT,UNKNOWN,,,1340,35,8,,,,,,False,REGEX,0.4,True
ae7c1151cbcf78088d5558c6,UGA,ACCEPT,UNKNOWN,,,1340,35,8,,,,,,False,REGEX,0.4,True
ae7c1151cbcf78088d5558c6,Georgia Tech,ACCEPT,UNKNOWN,,,1340,35,8,,,,,,False,REGEX,0.4,True
ed457b1e8e8c668e1553bd18,Decisions,ACCEPT,UNKNOWN,,,,35,11,,,,,,False,REGEX_PARTIAL,0.4,True
b8fb3e06430009836f7232da,,REJECT,UNKNOWN,,,1570,,14,,,,,,False,REGEX_PARTIAL,0.4,True
77650096e312b64fab576287,Results,ACCEPT,UNKNOWN,,,,,,,,,,,False,REGEX_PARTIAL,0.2,True
d0c4122c63d3fe7c7366b417,,ACCEPT,UNKNOWN,,,,34,,,,,,,False,REGEX,0.4,True
d0c4122c63d3fe7c7366b417,,DEFER,UNKNOWN,,,,34,,,,,,,False,REGEX,0.4,True
d0c4122c63d3fe7c7366b417,,DEFER,UNKNOWN,,,,34,,,,,,,False,REGEX,0.4,True
d0c4122c63d3fe7c7366b417,,DEFER,UNKNOWN,,,,34,,,,,,,False,REGEX,0.4,True
d0c4122c63d3fe7c7366b417,,DEFER,UNKNOWN,,,,34,,,,,,,False,REGEX,0.4,True
d0c4122c63d3fe7c7366b417,,DEFER,UNKNOWN,,,,34,,,,,,,False,REGEX,0.4,True
7a21b112937e8a825268ef2f,USC ED,DEFER,UNKNOWN,,,,,5,,,,,,False,REGEX_PARTIAL,0.2,True
f236b2fb1be71bc0ccbfbfe3,Here's the college results,ACCEPT,UNKNOWN,,,,,8,,,,,,False,REGEX_PARTIAL,0.2,True
29c5774b28032123d53bc87a,,ACCEPT,UNKNOWN,3.93,4.43,,,13,,,,,,False,REGEX,0.4,True
29c5774b28032123d53bc87a,Case Western Reserve University,ACCEPT,UNKNOWN,3.93,4.43,,,13,,,,,,False,REGEX,0.4,True
29c5774b28032123d53bc87a,University of Chicago,REJECT,UNKNOWN,3.93,4.43,,,13,,,,,,False,REGEX,0.4,True
29c5774b28032123d53bc87a,WashU in St. Louis,REJECT,UNKNOWN,3.93,4.43,,,13,,,,,,False,REGEX,0.4,True
29c5774b28032123d53bc87a,Amherst College,REJECT,UNKNOWN,3.93,4.43,,,13,,,,,,False,REGEX,0.4,True
29c5774b28032123d53bc87a,Bowdoin College,REJECT,UNKNOWN,3.93,4.43,,,13,,,,,,False,REGEX,0.4,True
29c5774b28032123d53bc87a,Colgate University,REJECT,UNKNOWN,3.93,4.43,,,13,,,,,,False,REGEX,0.4,True
29c5774b28032123d53bc87a,Wake Forest University,WAITLIST,UNKNOWN,3.93,4.43,,,13,,,,,,False,REGEX,0.4,True
29c5774b28032123d53bc87a,University of Notre Dame,REJECT,UNKNOWN,3.93,4.43,,,13,,,,,,False,REGEX,0.4,True
29c5774b28032123d53bc87a,,REJECT,UNKNOWN,3.93,4.43,,,13,,,,,,False,REGEX,0.4,True
32d92573497a27fccfe9d1b5,Depaul Univ,ACCEPT,UNKNOWN,,,,,,,,,,,False,REGEX,0.2,True
32d92573497a27fccfe9d1b5,Univ of Illinois Chicago,ACCEPT,UNKNOWN,,,,,,,,,,,False,REGEX,0.2,True
32d92573497a27fccfe9d1b5,Univ of Iowa,ACCEPT,UNKNOWN,,,,,,,,,,,False,REGEX,0.2,True
32d92573497a27fccfe9d1b5,Univ of Texas Dallas,ACCEPT,UNKNOWN,,,,,,,,,,,False,REGEX,0.2,True
32d92573497a27fccfe9d1b5,IU Bloomington Kelley,ACCEPT,UNKNOWN,,,,,,,,,,,False,REGEX,0.2,True
32d92573497a27fccfe9d1b5,Ohio State,ACCEPT,UNKNOWN,,,,,,,,,,,False,REGEX,0.2,True
32d92573497a27fccfe9d1b5,Texas A&M University,DEFER,UNKNOWN,,,,,,,,,,,False,REGEX,0.2,True
32d92573497a27fccfe9d1b5,University of Michigan,DEFER,UNKNOWN,,,,,,,,,,,False,REGEX,0.2,True
32d92573497a27fccfe9d1b5,University of Texas Austin,DEFER,UNKNOWN,,,,,,,,,,,False,REGEX,0.2,True
32d92573497a27fccfe9d1b5,Univ of Wisconsin Madison,DEFER,UNKNOWN,,,,,,,,,,,False,REGEX,0.2,True
32d92573497a27fccfe9d1b5,UIUC,DEFER,UNKNOWN,,,,,,,,,,,False,REGEX,0.2,True
32d92573497a27fccfe9d1b5,Purdue University,DEFER,UNKNOWN,,,,,,,,,,,False,REGEX,0.2,True
9d2f4919a6721cd381f9a05d,TAMU,ACCEPT,UNKNOWN,,,,,9,,,,,,False,REGEX,0.2,True
9d2f4919a6721cd381f9a05d,Stanford,REJECT,UNKNOWN,,,,,9,,,,,,False,REGEX,0.2,True
9d2f4919a6721cd381f9a05d,Duke,REJECT,UNKNOWN,,,,,9,,,,,,False,REGEX,0.2,True
9d2f4919a6721cd381f9a05d,JHU,REJECT,UNKNOWN,,,,,9,,,,,,False,REGEX,0.2,True
9d2f4919a6721cd381f9a05d,CMU,REJECT,UNKNOWN,,,,,9,,,,,,False,REGEX,0.2,True
9d2f4919a6721cd381f9a05d,MIT,REJECT,UNKNOWN,,,,,9,,,,,,False,REGEX,0.2,True
9d2f4919a6721cd381f9a05d,UNC,REJECT,UNKNOWN,,,,,9,,,,,,False,REGEX,0.2,True
9d2f4919a6721cd381f9a05d,Caltech,REJECT,UNKNOWN,,,,,9,,,,,,False,REGEX,0.2,True
9d2f4919a6721cd381f9a05d,CO Mines,ACCEPT,UNKNOWN,,,,,9,,,,,,False,REGEX,0.2,True
9d2f4919a6721cd381f9a05d,UChicago,WAITLIST,UNKNOWN,,,,,9,,,,,,False,REGEX,0.2,True
c55d2bf1ef1ea45f2390953f,Applied ED,DEFER,UNKNOWN,,,1410,,,,,,,,False,REGEX_PARTIAL,0.4,True
b2527605dd72e2277a01c3ef,UC Berkeley,REJECT,UNKNOWN,,,,36,12,,,,,,False,REGEX,0.4,True
b2527605dd72e2277a01c3ef,UCLA,WAITLIST,UNKNOWN,,,,36,12,,,,,,False,REGEX,0.4,True
b2527605dd72e2277a01c3ef,UC Irvine,ACCEPT,UNKNOWN,,,,36,12,,,,,,False,REGEX,0.4,True
b2527605dd72e2277a01c3ef,UCSD,ACCEPT,UNKNOWN,,,,36,12,,,,,,False,REGEX,0.4,True
b2527605dd72e2277a01c3ef,Vanderbilt,REJECT,UNKNOWN,,,,36,12,,,,,,False,REGEX,0.4,True
b2527605dd72e2277a01c3ef,Emory,WAITLIST,UNKNOWN,,,,36,12,,,,,,False,REGEX,0.4,True
b2527605dd72e2277a01c3ef,Rice,WAITLIST,UNKNOWN,,,,36,12,,,,,,False,REGEX,0.4,True
b2527605dd72e2277a01c3ef,WashU,WAITLIST,UNKNOWN,,,,36,12,,,,,,False,REGEX,0.4,True
b2527605dd72e2277a01c3ef,Wake Forest,ACCEPT,UNKNOWN,,,,36,12,,,,,,False,REGEX,0.4,True
b2527605dd72e2277a01c3ef,NYU,ACCEPT,UNKNOWN,,,,36,12,,,,,,False,REGEX,0.4,True
1250776472c3848ff86abb37,Duke,REJECT,UNKNOWN,,,,,,,,,,,False,REGEX,0.2,True
1250776472c3848ff86abb37,JHU,WAITLIST,UNKNOWN,,,,,,,,,,,False,REGEX,0.2,True
1250776472c3848ff86abb37,Cornell,REJECT,UNKNOWN,,,,,,,,,,,False,REGEX,0.2,True
1250776472c3848ff86abb37,UCSD,WAITLIST,UNKNOWN,,,,,,,,,,,False,REGEX,0.2,True
1250776472c3848ff86abb37,University of Kansas,ACCEPT,UNKNOWN,,,,,,,,,,,False,REGEX,0.2,True
1250776472c3848ff86abb37,Kansas state,ACCEPT,UNKNOWN,,,,,,,,,,,False,REGEX,0.2,True
1250776472c3848ff86abb37,Wichita state,WAITLIST,UNKNOWN,,,,,,,,,,,False,REGEX,0.2,True
1250776472c3848ff86abb37,UC Merced,ACCEPT,UNKNOWN,,,,,,,,,,,False,REGEX,0.2,True
1250776472c3848ff86abb37,UC Santa Barbara,WAITLIST,UNKNOWN,,,,,,,,,,,False,REGEX,0.2,True
1250776472c3848ff86abb37,Rice,ACCEPT,UNKNOWN,,,,,,,,,,,False,REGEX,0.2,True
c73b37fcf6be3f79e6e7ecd5,Results,REJECT,UNKNOWN,,,,33,,,,,,,False,REGEX_PARTIAL,0.4,True
5698944fb666151aaeca7f37,deferred,REJECT,UNKNOWN,,,1580,,9,,,,,,False,REGEX_PARTIAL,0.4,True
dfc1df6e6ebdeb686c3b530d,Providence College,ACCEPT,UNKNOWN,,,,,,,,,,,False,REGEX,0.2,True
dfc1df6e6ebdeb686c3b530d,UMass Amherst,ACCEPT,UNKNOWN,,,,,,,,,,,False,REGEX,0.2,True
dfc1df6e6ebdeb686c3b530d,UMD College Park,ACCEPT,UNKNOWN,,,,,,,,,,,False,REGEX,0.2,True
dfc1df6e6ebdeb686c3b530d,UNC Chapel Hill,REJECT,UNKNOWN,,,,,,,,,,,False,REGEX,0.2,True
dfc1df6e6ebdeb686c3b530d,UT Austin CSB program,DEFER,UNKNOWN,,,,,,,,,,,False,REGEX,0.2,True
dfc1df6e6ebdeb686c3b530d,UT Austin,REJECT,UNKNOWN,,,,,,,,,,,False,REGEX,0.2,True
dfc1df6e6ebdeb686c3b530d,MIT,REJECT,UNKNOWN,,,,,,,,,,,False,REGEX,0.2,True
dfc1df6e6ebdeb686c3b530d,CMU,REJECT,UNKNOWN,,,,,,,,,,,False,REGEX,0.2,True
dfc1df6e6ebdeb686c3b530d,Tufts,REJECT,UNKNOWN,,,,,,,,,,,False,REGEX,0.2,True
dfc1df6e6ebdeb686c3b530d,JHU,REJECT,UNKNOWN,,,,,,,,,,,False,REGEX,0.2,True
dfc1df6e6ebdeb686c3b530d,Vandy,WAITLIST,UNKNOWN,,,,,,,,,,,False,REGEX,0.2,True
dfc1df6e6ebdeb686c3b530d,Northwestern,WAITLIST,UNKNOWN,,,,,,,,,,,False,REGEX,0.2,True
dfc1df6e6ebdeb686c3b530d,Cornell,WAITLIST,UNKNOWN,,,,,,,,,,,False,REGEX,0.2,True
dfc1df6e6ebdeb686c3b530d,Columbia,REJECT,UNKNOWN,,,,,,,,,,,False,REGEX,0.2,True
dfc1df6e6ebdeb686c3b530d,Dartmouth,WAITLIST,UNKNOWN,,,,,,,,,,,False,REGEX,0.2,True
dfc1df6e6ebdeb686c3b530d,Yale,REJECT,UNKNOWN,,,,,,,,,,,False,REGEX,0.2,True
dfc1df6e6ebdeb686c3b530d,Princeton,REJECT,UNKNOWN,,,,,,,,,,,False,REGEX,0.2,True
dfc1df6e6ebdeb686c3b530d,Harvard,REJECT,UNKNOWN,,,,,,,,,,,False,REGEX,0.2,True
dfc1df6e6ebdeb686c3b530d,Duke,REJECT,UNKNOWN,,,,,,,,,,,False,REGEX,0.2,True
dfc1df6e6ebdeb686c3b530d,GT,WAITLIST,UNKNOWN,,,,,,,,,,,False,REGEX,0.2,True
3bc013b3700e43a115adc33e,,WAITLIST,UNKNOWN,,,,,14,,,,,,False,REGEX_PARTIAL,0.2,True
8151de873c9a64e9390dbf2f,Decisions,ACCEPT,UNKNOWN,,,,,11,,,,,,False,REGEX_PARTIAL,0.2,True
9f0b112b459835def124a873,waitlist,ACCEPT,UNKNOWN,,,1560,,,,,,,,False,REGEX_PARTIAL,0.4,True
762d6684d890783b7fe712fb,,WAITLIST,UNKNOWN,,,1530,,12,,,,,,False,REGEX_PARTIAL,0.4,True
cebd2af6e1d3d615cd717a9c,Cornell Dyson,REJECT,UNKNOWN,,3.85,1510,,,,,,,,False,REGEX,0.6,False
cebd2af6e1d3d615cd717a9c,Dartmouth,REJECT,UNKNOWN,,3.85,1510,,,,,,,,False,REGEX,0.6,False
cebd2af6e1d3d615cd717a9c,UT Austin McCombs,REJECT,UNKNOWN,,3.85,1510,,,,,,,,False,REGEX,0.6,False
cebd2af6e1d3d615cd717a9c,UNC Kenan-Flagler,WAITLIST,UNKNOWN,,3.85,1510,,,,,,,,False,REGEX,0.6,False
cebd2af6e1d3d615cd717a9c,NYU Stern,WAITLIST,UNKNOWN,,3.85,1510,,,,,,,,False,REGEX,0.6,False
cebd2af6e1d3d615cd717a9c,UVA McIntire,REJECT,UNKNOWN,,3.85,1510,,,,,,,,False,REGEX,0.6,False
cebd2af6e1d3d615cd717a9c,Georgia Tech Scheller,REJECT,UNKNOWN,,3.85,1510,,,,,,,,False,REGEX,0.6,False
cebd2af6e1d3d615cd717a9c,Emory Goizeuta,WAITLIST,UNKNOWN,,3.85,1510,,,,,,,,False,REGEX,0.6,False
cebd2af6e1d3d615cd717a9c,IU Kelley,ACCEPT,UNKNOWN,,3.85,1510,,,,,,,,False,REGEX,0.6,False
cebd2af6e1d3d615cd717a9c,Williams,REJECT,UNKNOWN,,3.85,1510,,,,,,,,False,REGEX,0.6,False
cebd2af6e1d3d615cd717a9c,Rice,REJECT,UNKNOWN,,3.85,1510,,,,,,,,False,REGEX,0.6,False
cebd2af6e1d3d615cd717a9c,CMU Tepper,WAITLIST,UNKNOWN,,3.85,1510,,,,,,,,False,REGEX,0.6,False
cebd2af6e1d3d615cd717a9c,Boston College,WAITLIST,UNKNOWN,,3.85,1510,,,,,,,,False,REGEX,0.6,False
cebd2af6e1d3d615cd717a9c,UMich Ross,DEFER,UNKNOWN,,3.85,1510,,,,,,,,False,REGEX,0.6,False
016a9cc15bb4ff9afc65a027,Rocketry,WAITLIST,UNKNOWN,,,,,6,,,,,,False,REGEX_PARTIAL,0.2,True
660fdb41b4ca89c4ea999d94,so I assumed I was going to get auto,REJECT,UNKNOWN,,,,,,,,,,,False,REGEX_PARTIAL,0.2,True
44ca4999ae8e87f92af2013a,Results,ACCEPT,UNKNOWN,,,1530,,,,,,,,False,REGEX_PARTIAL,0.4,True
23c978c96174cf4153ed507e,Yale,ACCEPT,UNKNOWN,,,,35,,,,,,,False,REGEX,0.4,True
23c978c96174cf4153ed507e,Cornell,ACCEPT,UNKNOWN,,,,35,,,,,,,False,REGEX,0.4,True
23c978c96174cf4153ed507e,Northwestern,REJECT,UNKNOWN,,,,35,,,,,,,False,REGEX,0.4,True
23c978c96174cf4153ed507e,Uchicago,ACCEPT,UNKNOWN,,,,35,,,,,,,False,REGEX,0.4,True
23c978c96174cf4153ed507e,Rice,WAITLIST,UNKNOWN,,,,35,,,,,,,False,REGEX,0.4,True
23c978c96174cf4153ed507e,Duke,REJECT,UNKNOWN,,,,35,,,,,,,False,REGEX,0.4,True
23c978c96174cf4153ed507e,WashU,ACCEPT,UNKNOWN,,,,35,,,,,,,False,REGEX,0.4,True
23c978c96174cf4153ed507e,UIUC,ACCEPT,UNKNOWN,,,,35,,,,,,,False,REGEX,0.4,True
23c978c96174cf4153ed507e,UMich,DEFER,UNKNOWN,,,,35,,,,,,,False,REGEX,0.4,True
23c978c96174cf4153ed507e,UMN,ACCEPT,UNKNOWN,,,,35,,,,,,,False,REGEX,0.4,True
23c978c96174cf4153ed507e,UW Madison,ACCEPT,UNKNOWN,,,,35,,,,,,,False,REGEX,0.4,True
23c978c96174cf4153ed507e,Carleton,ACCEPT,UNKNOWN,,,,35,,,,,,,False,REGEX,0.4,True
23c978c96174cf4153ed507e,IU Bloomington,ACCEPT,UNKNOWN,,,,35,,,,,,,False,REGEX,0.4,True
3898cbcf8cc71f4c76272720,Update,REJECT,UNKNOWN,,,,,6,,,,,,False,REGEX_PARTIAL,0.2,True
2d135bbbf625a673df94bac2,Northeastern,ACCEPT,UNKNOWN,,,,,,,,,,,False,REGEX_PARTIAL,0.2,True
0e4945ef1b863705e772be2e,EA,DEFER,UNKNOWN,,,,,,,,,,,False,REGEX_PARTIAL,0.2,True
e86bc3fc54c1826dce6a654e,CSULB,REJECT,UNKNOWN,,,,,,,,,,,False,REGEX,0.2,True
e86bc3fc54c1826dce6a654e,SDSU,REJECT,UNKNOWN,,,,,,,,,,,False,REGEX,0.2,True
e86bc3fc54c1826dce6a654e,CSUF,REJECT,UNKNOWN,,,,,,,,,,,False,REGEX,0.2,True
e86bc3fc54c1826dce6a654e,SJSU,ACCEPT,UNKNOWN,,,,,,,,,,,False,REGEX,0.2,True
e86bc3fc54c1826dce6a654e,UCLA,WAITLIST,UNKNOWN,,,,,,,,,,,False,REGEX,0.2,True
e86bc3fc54c1826dce6a654e,UCD,ACCEPT,UNKNOWN,,,,,,,,,,,False,REGEX,0.2,True
e86bc3fc54c1826dce6a654e,UCB,WAITLIST,UNKNOWN,,,,,,,,,,,False,REGEX,0.2,True
e86bc3fc54c1826dce6a654e,UCI,ACCEPT,UNKNOWN,,,,,,,,,,,False,REGEX,0.2,True
179d1d5b018fe294391ddd56,UCLA - CL&S,WAITLIST,UNKNOWN,,,1530,34,14,,,,,,False,REGEX_PARTIAL,0.4,True
8786874a26a5916e80a4e5ac,Wayne state,ACCEPT,UNKNOWN,,,1370,,1,,,,,,False,REGEX,0.4,True
8786874a26a5916e80a4e5ac,Albion,ACCEPT,UNKNOWN,,,1370,,1,,,,,,False,REGEX,0.4,True
8786874a26a5916e80a4e5ac,Kalamazoo College,ACCEPT,UNKNOWN,,,1370,,1,,,,,,False,REGEX,0.4,True
8786874a26a5916e80a4e5ac,Michigan State,ACCEPT,UNKNOWN,,,1370,,1,,,,,,False,REGEX,0.4,True
8786874a26a5916e80a4e5ac,Kenyon College,ACCEPT,UNKNOWN,,,1370,,1,,,,,,False,REGEX,0.4,True
8786874a26a5916e80a4e5ac,University of Miami Ohio,ACCEPT,UNKNOWN,,,1370,,1,,,,,,False,REGEX,0.4,True
8786874a26a5916e80a4e5ac,University of Vermont,ACCEPT,UNKNOWN,,,1370,,1,,,,,,False,REGEX,0.4,True
8786874a26a5916e80a4e5ac,Macalester,ACCEPT,UNKNOWN,,,1370,,1,,,,,,False,REGEX,0.4,True
8786874a26a5916e80a4e5ac,University of Rochester,ACCEPT,UNKNOWN,,,1370,,1,,,,,,False,REGEX,0.4,True
8786874a26a5916e80a4e5ac,University of Wisconsin Madison,ACCEPT,UNKNOWN,,,1370,,1,,,,,,False,REGEX,0.4,True
8786874a26a5916e80a4e5ac,University of Minnesota Twin Cities,ACCEPT,UNKNOWN,,,1370,,1,,,,,,False,REGEX,0.4,True
8786874a26a5916e80a4e5ac,University of Pittsburgh,ACCEPT,UNKNOWN,,,1370,,1,,,,,,False,REGEX,0.4,True
8786874a26a5916e80a4e5ac,University of Michigan,DEFER,UNKNOWN,,,1370,,1,,,,,,False,REGEX,0.4,True
961bca685026ce0445760f5b,,DEFER,UNKNOWN,,,1580,,10,,,,,,False,REGEX_PARTIAL,0.4,True
20b534cb9e0377ff82e00ab7,,REJECT,UNKNOWN,,,,,,,,,,,False,REGEX,0.2,True
20b534cb9e0377ff82e00ab7,,ACCEPT,UNKNOWN,,,,,,,,,,,False,REGEX,0.2,True
20b534cb9e0377ff82e00ab7,. UT Austin,DEFER,UNKNOWN,,,,,,,,,,,False,REGEX,0.2,True
20b534cb9e0377ff82e00ab7,. CU Boulder,ACCEPT,UNKNOWN,,,,,,,,,,,False,REGEX,0.2,True
20b534cb9e0377ff82e00ab7,. UIUC,REJECT,UNKNOWN,,,,,,,,,,,False,REGEX,0.2,True
20b534cb9e0377ff82e00ab7,. UC Berkeley,REJECT,UNKNOWN,,,,,,,,,,,False,REGEX,0.2,True
20b534cb9e0377ff82e00ab7,. UCLA,REJECT,UNKNOWN,,,,,,,,,,,False,REGEX,0.2,True
20b534cb9e0377ff82e00ab7,. Cornell,REJECT,UNKNOWN,,,,,,,,,,,False,REGEX,0.2,True
20b534cb9e0377ff82e00ab7,. Rice,REJECT,UNKNOWN,,,,,,,,,,,False,REGEX,0.2,True
20b534cb9e0377ff82e00ab7,. MIT,REJECT,UNKNOWN,,,,,,,,,,,False,REGEX,0.2,True
20b534cb9e0377ff82e00ab7,. Purdue,WAITLIST,UNKNOWN,,,,,,,,,,,False,REGEX,0.2,True
edcd4fff3749cdc0571a2375,. Michigan,DEFER,UNKNOWN,,,,,12,,,,,,False,REGEX,0.2,True
edcd4fff3749cdc0571a2375,. Maryland,ACCEPT,UNKNOWN,,,,,12,,,,,,False,REGEX,0.2,True
edcd4fff3749cdc0571a2375,. Binghamton,ACCEPT,UNKNOWN,,,,,12,,,,,,False,REGEX,0.2,True
edcd4fff3749cdc0571a2375,. UIUC,REJECT,UNKNOWN,,,,,12,,,,,,False,REGEX,0.2,True
edcd4fff3749cdc0571a2375,. Georgia Tech,REJECT,UNKNOWN,,,,,12,,,,,,False,REGEX,0.2,True
edcd4fff3749cdc0571a2375,. Drexel,ACCEPT,UNKNOWN,,,,,12,,,,,,False,REGEX,0.2,True
edcd4fff3749cdc0571a2375,. UT Austin,REJECT,UNKNOWN,,,,,12,,,,,,False,REGEX,0.2,True
edcd4fff3749cdc0571a2375,. Northeastern,DEFER,UNKNOWN,,,,,12,,,,,,False,REGEX,0.2,True
edcd4fff3749cdc0571a2375,. UC Berkeley,WAITLIST,UNKNOWN,,,,,12,,,,,,False,REGEX,0.2,True
edcd4fff3749cdc0571a2375,. UCLA,REJECT,UNKNOWN,,,,,12,,,,,,False,REGEX,0.2,True
edcd4fff3749cdc0571a2375,. UCSD,REJECT,UNKNOWN,,,,,12,,,,,,False,REGEX,0.2,True
edcd4fff3749cdc0571a2375,. UPenn,REJECT,UNKNOWN,,,,,12,,,,,,False,REGEX,0.2,True
edcd4fff3749cdc0571a2375,. WashU,REJECT,UNKNOWN,,,,,12,,,,,,False,REGEX,0.2,True
edcd4fff3749cdc0571a2375,. UF,REJECT,UNKNOWN,,,,,12,,,,,,False,REGEX,0.2,True
edcd4fff3749cdc0571a2375,. Penn,REJECT,UNKNOWN,,,,,12,,,,,,False,REGEX,0.2,True
edcd4fff3749cdc0571a2375,. Columbia,REJECT,UNKNOWN,,,,,12,,,,,,False,REGEX,0.2,True
3f9b9d179a442ab294789706,,REJECT,UNKNOWN,,,1570,,9,,,,,,False,REGEX,0.4,True
3f9b9d179a442ab294789706,. Purdue,ACCEPT,UNKNOWN,,,1570,,9,,,,,,False,REGEX,0.4,True
3f9b9d179a442ab294789706,. USC,DEFER,UNKNOWN,,,1570,,9,,,,,,False,REGEX,0.4,True
3f9b9d179a442ab294789706,. Georgia Tech,REJECT,UNKNOWN,,,1570,,9,,,,,,False,REGEX,0.4,True
3f9b9d179a442ab294789706,. UIUC,ACCEPT,UNKNOWN,,,1570,,9,,,,,,False,REGEX,0.4,True
3f9b9d179a442ab294789706,. UC Berkeley,REJECT,UNKNOWN,,,1570,,9,,,,,,False,REGEX,0.4,True
3f9b9d179a442ab294789706,. UCLA,REJECT,UNKNOWN,,,1570,,9,,,,,,False,REGEX,0.4,True
3f9b9d179a442ab294789706,. UCSD,WAITLIST,UNKNOWN,,,1570,,9,,,,,,False,REGEX,0.4,True
3f9b9d179a442ab294789706,. UCI,WAITLIST,UNKNOWN,,,1570,,9,,,,,,False,REGEX,0.4,True
3f9b9d179a442ab294789706,. UCD,WAITLIST,UNKNOWN,,,1570,,9,,,,,,False,REGEX,0.4,True
3f9b9d179a442ab294789706,. UCSB,ACCEPT,UNKNOWN,,,1570,,9,,,,,,False,REGEX,0.4,True
3f9b9d179a442ab294789706,. UCSC,ACCEPT,UNKNOWN,,,1570,,9,,,,,,False,REGEX,0.4,True
3f9b9d179a442ab294789706,. Northwestern,REJECT,UNKNOWN,,,1570,,9,,,,,,False,REGEX,0.4,True
3f9b9d179a442ab294789706,. UPenn,REJECT,UNKNOWN,,,1570,,9,,,,,,False,REGEX,0.4,True
3f9b9d179a442ab294789706,. CMU,REJECT,UNKNOWN,,,1570,,9,,,,,,False,REGEX,0.4,True
3f9b9d179a442ab294789706,. UT Austin,ACCEPT,UNKNOWN,,,1570,,9,,,,,,False,REGEX,0.4,True
3f9b9d179a442ab294789706,. UT Dallas,ACCEPT,UNKNOWN,,,1570,,9,,,,,,False,REGEX,0.4,True
3f9b9d179a442ab294789706,. TAMU,ACCEPT,UNKNOWN,,,1570,,9,,,,,,False,REGEX,0.4,True
5a04a29ed61f22efe6247779,. Notre Dame,DEFER,UNKNOWN,,,,35,9,,,,,,False,REGEX,0.4,True
5a04a29ed61f22efe6247779,. Purdue,REJECT,UNKNOWN,,,,35,9,,,,,,False,REGEX,0.4,True
5a04a29ed61f22efe6247779,. UMich,DEFER,UNKNOWN,,,,35,9,,,,,,False,REGEX,0.4,True
5a04a29ed61f22efe6247779,. UC Berkeley,REJECT,UNKNOWN,,,,35,9,,,,,,False,REGEX,0.4,True
5a04a29ed61f22efe6247779,. UCLA,WAITLIST,UNKNOWN,,,,35,9,,,,,,False,REGEX,0.4,True
5a04a29ed61f22efe6247779,. Case Western,WAITLIST,UNKNOWN,,,,35,9,,,,,,False,REGEX,0.4,True
5a04a29ed61f22efe6247779,. Northeastern University,WAITLIST,UNKNOWN,,,,35,9,,,,,,False,REGEX,0.4,True
5a04a29ed61f22efe6247779,,WAITLIST,UNKNOWN,,,,35,9,,,,,,False,REGEX,0.4,True
5a04a29ed61f22efe6247779,. NYU,REJECT,UNKNOWN,,,,35,9,,,,,,False,REGEX,0.4,True
5a04a29ed61f22efe6247779,. Northwestern,REJECT,UNKNOWN,,,,35,9,,,,,,False,REGEX,0.4,True
5a04a29ed61f22efe6247779,. WashU,WAITLIST,UNKNOWN,,,,35,9,,,,,,False,REGEX,0.4,True
5a04a29ed61f22efe6247779,. Stanford,REJECT,UNKNOWN,,,,35,9,,,,,,False,REGEX,0.4,True
5a04a29ed61f22efe6247779,. Harvard,REJECT,UNKNOWN,,,,35,9,,,,,,False,REGEX,0.4,True
5a04a29ed61f22efe6247779,. Columbia,REJECT,UNKNOWN,,,,35,9,,,,,,False,REGEX,0.4,True
5a04a29ed61f22efe6247779,. UPenn,REJECT,UNKNOWN,,,,35,9,,,,,,False,REGEX,0.4,True
5a04a29ed61f22efe6247779,. Johns Hopkins,REJECT,UNKNOWN,,,,35,9,,,,,,False,REGEX,0.4,True
5a04a29ed61f22efe6247779,. Boston University,WAITLIST,UNKNOWN,,,,35,9,,,,,,False,REGEX,0.4,True
8b60edcdf94aa3d0502e3a4b,uf,ACCEPT,UNKNOWN,,,1470,34,5,,,,,,False,REGEX_PARTIAL,0.4,True
490c34ad7e4b7e27ff784b17,EA,DEFER,UNKNOWN,,,1340,,6,,,,,,False,REGEX_PARTIAL,0.4,True
b1fbc5146de69bf0b9e188f2,UC Berkeley,ACCEPT,UNKNOWN,,,,,11,,,,,,False,REGEX,0.2,True
b1fbc5146de69bf0b9e188f2,Georgia Tech,ACCEPT,UNKNOWN,,,,,11,,,,,,False,REGEX,0.2,True
b1fbc5146de69bf0b9e188f2,CMU,ACCEPT,UNKNOWN,,,,,11,,,,,,False,REGEX,0.2,True
b1fbc5146de69bf0b9e188f2,UCI,ACCEPT,UNKNOWN,,,,,11,,,,,,False,REGEX,0.2,True
b1fbc5146de69bf0b9e188f2,UCSB,ACCEPT,UNKNOWN,,,,,11,,,,,,False,REGEX,0.2,True
b1fbc5146de69bf0b9e188f2,UCSD,ACCEPT,UNKNOWN,,,,,11,,,,,,False,REGEX,0.2,True
b1fbc5146de69bf0b9e188f2,Purdue,ACCEPT,UNKNOWN,,,,,11,,,,,,False,REGEX,0.2,True
b1fbc5146de69bf0b9e188f2,Case Western,ACCEPT,UNKNOWN,,,,,11,,,,,,False,REGEX,0.2,True
b1fbc5146de69bf0b9e188f2,UCLA,WAITLIST,UNKNOWN,,,,,11,,,,,,False,REGEX,0.2,True
b1fbc5146de69bf0b9e188f2,Michigan,WAITLIST,UNKNOWN,,,,,11,,,,,,False,REGEX,0.2,True
b1fbc5146de69bf0b9e188f2,Cornell,WAITLIST,UNKNOWN,,,,,11,,,,,,False,REGEX,0.2,True
b1fbc5146de69bf0b9e188f2,UPenn,REJECT,UNKNOWN,,,,,11,,,,,,False,REGEX,0.2,True
b1fbc5146de69bf0b9e188f2,Brown,REJECT,UNKNOWN,,,,,11,,,,,,False,REGEX,0.2,True
b1fbc5146de69bf0b9e188f2,Northwestern,REJECT,UNKNOWN,,,,,11,,,,,,False,REGEX,0.2,True
75a2c2492ecbd1abccd9a892,,DEFER,UNKNOWN,,,,,12,,,,,,False,REGEX_PARTIAL,0.2,True
620c8c75495a8a3295d27b5a,University of Michigan,ACCEPT,UNKNOWN,,,,,3,,,,,,False,REGEX_PARTIAL,0.2,True
4a78c8df4c6ac24d27e39f87,schools due to financial restraints,ACCEPT,UNKNOWN,,,,,,,,,,,False,REGEX_PARTIAL,0.2,True
fffd0b0b496926f6362e1868,Rowan University,ACCEPT,UNKNOWN,,,1490,,,,,,,,False,REGEX,0.4,True
fffd0b0b496926f6362e1868,Stevens Institute of Technology,WAITLIST,UNKNOWN,,,1490,,,,,,,,False,REGEX,0.4,True
fffd0b0b496926f6362e1868,New Jersey Insitute of Technology,ACCEPT,UNKNOWN,,,1490,,,,,,,,False,REGEX,0.4,True
fffd0b0b496926f6362e1868,Caldwell University,ACCEPT,UNKNOWN,,,1490,,,,,,,,False,REGEX,0.4,True
fffd0b0b496926f6362e1868,Gregorian Court University,ACCEPT,UNKNOWN,,,1490,,,,,,,,False,REGEX,0.4,True
fffd0b0b496926f6362e1868,Drew University,ACCEPT,UNKNOWN,,,1490,,,,,,,,False,REGEX,0.4,True
fffd0b0b496926f6362e1868,Rensselaer Polytechnic Institute,ACCEPT,UNKNOWN,,,1490,,,,,,,,False,REGEX,0.4,True
fffd0b0b496926f6362e1868,FDU,ACCEPT,UNKNOWN,,,1490,,,,,,,,False,REGEX,0.4,True
fffd0b0b496926f6362e1868,Montclair,ACCEPT,UNKNOWN,,,1490,,,,,,,,False,REGEX,0.4,True
44f3224cbf6a8caf66d37a8c,Harvard,REJECT,UNKNOWN,,,,,,,,,,,False,REGEX,0.2,True
44f3224cbf6a8caf66d37a8c,Yale,REJECT,UNKNOWN,,,,,,,,,,,False,REGEX,0.2,True
44f3224cbf6a8caf66d37a8c,Princeton,REJECT,UNKNOWN,,,,,,,,,,,False,REGEX,0.2,True
44f3224cbf6a8caf66d37a8c,Stanford,REJECT,UNKNOWN,,,,,,,,,,,False,REGEX,0.2,True
44f3224cbf6a8caf66d37a8c,Columbia,REJECT,UNKNOWN,,,,,,,,,,,False,REGEX,0.2,True
44f3224cbf6a8caf66d37a8c,Carleton,ACCEPT,UNKNOWN,,,,,,,,,,,False,REGEX,0.2,True
44f3224cbf6a8caf66d37a8c,UC Berkeley,ACCEPT,UNKNOWN,,,,,,,,,,,False,REGEX,0.2,True
44f3224cbf6a8caf66d37a8c,UCLA,ACCEPT,UNKNOWN,,,,,,,,,,,False,REGEX,0.2,True
44f3224cbf6a8caf66d37a8c,UC San Diego,ACCEPT,UNKNOWN,,,,,,,,,,,False,REGEX,0.2,True
44f3224cbf6a8caf66d37a8c,UC Davis,ACCEPT,UNKNOWN,,,,,,,,,,,False,REGEX,0.2,True
44f3224cbf6a8caf66d37a8c,UC Irvine,ACCEPT,UNKNOWN,,,,,,,,,,,False,REGEX,0.2,True
77c0c6cdc6b2a1f22fba8a83,UCLA,WAITLIST,UNKNOWN,,,1530,34,14,,,,,,False,REGEX_PARTIAL,0.4,True
a81a8f9dcb8e1b6ff4f2a882,Yale SCEA,ACCEPT,UNKNOWN,,,,,,,,,,,False,REGEX,0.2,True
a81a8f9dcb8e1b6ff4f2a882,Dartmouth RD,ACCEPT,UNKNOWN,,,,,,,,,,,False,REGEX,0.2,True
a81a8f9dcb8e1b6ff4f2a882,Princeton SCEA,ACCEPT,UNKNOWN,,,,,,,,,,,False,REGEX,0.2,True
a81a8f9dcb8e1b6ff4f2a882,UMich EA,ACCEPT,UNKNOWN,,,,,,,,,,,False,REGEX,0.2,True
a81a8f9dcb8e1b6ff4f2a882,UVM EA,ACCEPT,UNKNOWN,,,,,,,,,,,False,REGEX,0.2,True
a81a8f9dcb8e1b6ff4f2a882,UChicago RD,WAITLIST,UNKNOWN,,,,,,,,,,,False,REGEX,0.2,True
7793840e98f5eae0302ceee1,sonoma state,ACCEPT,UNKNOWN,,,,,,,,,,,False,REGEX,0.2,True
7793840e98f5eae0302ceee1,CSULB,ACCEPT,UNKNOWN,,,,,,,,,,,False,REGEX,0.2,True
7793840e98f5eae0302ceee1,SDSU,ACCEPT,UNKNOWN,,,,,,,,,,,False,REGEX,0.2,True
7793840e98f5eae0302ceee1,cal poly,ACCEPT,UNKNOWN,,,,,,,,,,,False,REGEX,0.2,True
7793840e98f5eae0302ceee1,UC Santa Cruz,ACCEPT,UNKNOWN,,,,,,,,,,,False,REGEX,0.2,True
7793840e98f5eae0302ceee1,UC Davis,ACCEPT,UNKNOWN,,,,,,,,,,,False,REGEX,0.2,True
7793840e98f5eae0302ceee1,UC Irvine,ACCEPT,UNKNOWN,,,,,,,,,,,False,REGEX,0.2,True
7793840e98f5eae0302ceee1,UC Santa Barbara,ACCEPT,UNKNOWN,,,,,,,,,,,False,REGEX,0.2,True
7793840e98f5eae0302ceee1,UC Berkeley,ACCEPT,UNKNOWN,,,,,,,,,,,False,REGEX,0.2,True
6b6379430f18fac047e14e67,EA,DEFER,UNKNOWN,,,,,,,,,,,False,REGEX_PARTIAL,0.2,True
6b6379430f18fac047e14e67,,WAITLIST,UNKNOWN,,,,,,,,,,,False,REGEX_PARTIAL,0.2,True
cce62c8863a51bd5df99557d,Seattle University,ACCEPT,UNKNOWN,,,1510,,5,,,,,,False,REGEX,0.4,True
cce62c8863a51bd5df99557d,Creighton University,ACCEPT,UNKNOWN,,,1510,,5,,,,,,False,REGEX,0.4,True
cce62c8863a51bd5df99557d,Loyola Marymount University,ACCEPT,UNKNOWN,,,1510,,5,,,,,,False,REGEX,0.4,True
cce62c8863a51bd5df99557d,Northeastern University,REJECT,UNKNOWN,,,1510,,5,,,,,,False,REGEX,0.4,True
cce62c8863a51bd5df99557d,Ann Arbor,DEFER,UNKNOWN,,,1510,,5,,,,,,False,REGEX,0.4,True
cce62c8863a51bd5df99557d,Case Western Reserve University,DEFER,UNKNOWN,,,1510,,5,,,,,,False,REGEX,0.4,True
cce62c8863a51bd5df99557d,UC Merced,ACCEPT,UNKNOWN,,,1510,,5,,,,,,False,REGEX,0.4,True
cce62c8863a51bd5df99557d,UC Riverside,ACCEPT,UNKNOWN,,,1510,,5,,,,,,False,REGEX,0.4,True
cce62c8863a51bd5df99557d,UC Davis,ACCEPT,UNKNOWN,,,1510,,5,,,,,,False,REGEX,0.4,True
cce62c8863a51bd5df99557d,UC Irvine,WAITLIST,UNKNOWN,,,1510,,5,,,,,,False,REGEX,0.4,True
cce62c8863a51bd5df99557d,UC San Diego,WAITLIST,UNKNOWN,,,1510,,5,,,,,,False,REGEX,0.4,True
cce62c8863a51bd5df99557d,UC Berkeley,WAITLIST,UNKNOWN,,,1510,,5,,,,,,False,REGEX,0.4,True
cce62c8863a51bd5df99557d,UCLA,WAITLIST,UNKNOWN,,,1510,,5,,,,,,False,REGEX,0.4,True
cce62c8863a51bd5df99557d,Tufts University,ACCEPT,UNKNOWN,,,1510,,5,,,,,,False,REGEX,0.4,True
cce62c8863a51bd5df99557d,Boston College,ACCEPT,UNKNOWN,,,1510,,5,,,,,,False,REGEX,0.4,True
cce62c8863a51bd5df99557d,Georgetown University,ACCEPT,UNKNOWN,,,1510,,5,,,,,,False,REGEX,0.4,True
cce62c8863a51bd5df99557d,University of Notre Dame,ACCEPT,UNKNOWN,,,1510,,5,,,,,,False,REGEX,0.4,True
040e97a470a734fb5cf6aac7,Duquesne - EA,ACCEPT,UNKNOWN,,,,,4,,,,,,False,REGEX,0.2,True
040e97a470a734fb5cf6aac7,App State - Rolling,ACCEPT,UNKNOWN,,,,,4,,,,,,False,REGEX,0.2,True
040e97a470a734fb5cf6aac7,St. Joes - EA,ACCEPT,UNKNOWN,,,,,4,,,,,,False,REGEX,0.2,True
040e97a470a734fb5cf6aac7,Catholic - EA,ACCEPT,UNKNOWN,,,,,4,,,,,,False,REGEX,0.2,True
040e97a470a734fb5cf6aac7,Iona - EA,ACCEPT,UNKNOWN,,,,,4,,,,,,False,REGEX,0.2,True
040e97a470a734fb5cf6aac7,Susquehanna - EA,ACCEPT,UNKNOWN,,,,,4,,,,,,False,REGEX,0.2,True
040e97a470a734fb5cf6aac7,James Madison - EA,ACCEPT,UNKNOWN,,,,,4,,,,,,False,REGEX,0.2,True
040e97a470a734fb5cf6aac7,Wagner - EA,ACCEPT,UNKNOWN,,,,,4,,,,,,False,REGEX,0.2,True
040e97a470a734fb5cf6aac7,Furman - EA,ACCEPT,UNKNOWN,,,,,4,,,,,,False,REGEX,0.2,True
040e97a470a734fb5cf6aac7,Syracuse - RD,ACCEPT,UNKNOWN,,,,,4,,,,,,False,REGEX,0.2,True
040e97a470a734fb5cf6aac7,Lafayette - EA,ACCEPT,UNKNOWN,,,,,4,,,,,,False,REGEX,0.2,True
040e97a470a734fb5cf6aac7,Lehigh - RD,REJECT,UNKNOWN,,,,,4,,,,,,False,REGEX,0.2,True
040e97a470a734fb5cf6aac7,Richmond - EA,DEFER,UNKNOWN,,,,,4,,,,,,False,REGEX,0.2,True
040e97a470a734fb5cf6aac7,RD,WAITLIST,UNKNOWN,,,,,4,,,,,,False,REGEX,0.2,True
040e97a470a734fb5cf6aac7,Penn State - EA,ACCEPT,UNKNOWN,,,,,4,,,,,,False,REGEX,0.2,True
040e97a470a734fb5cf6aac7,Reconsidered,ACCEPT,UNKNOWN,,,,,4,,,,,,False,REGEX,0.2,True
040e97a470a734fb5cf6aac7,Pitt - Rolling,WAITLIST,UNKNOWN,,,,,4,,,,,,False,REGEX,0.2,True
b39e7fe609d29fdbeb288a20,,ACCEPT,UNKNOWN,,,1520,,10,,,,,,False,REGEX,0.4,True
b39e7fe609d29fdbeb288a20,,ACCEPT,UNKNOWN,,,1520,,10,,,,,,False,REGEX,0.4,True
b39e7fe609d29fdbeb288a20,,ACCEPT,UNKNOWN,,,1520,,10,,,,,,False,REGEX,0.4,True
b39e7fe609d29fdbeb288a20,,ACCEPT,UNKNOWN,,,1520,,10,,,,,,False,REGEX,0.4,True
b39e7fe609d29fdbeb288a20,,ACCEPT,UNKNOWN,,,1520,,10,,,,,,False,REGEX,0.4,True
b39e7fe609d29fdbeb288a20,,ACCEPT,UNKNOWN,,,1520,,10,,,,,,False,REGEX,0.4,True
b39e7fe609d29fdbeb288a20,,ACCEPT,UNKNOWN,,,1520,,10,,,,,,False,REGEX,0.4,True
b39e7fe609d29fdbeb288a20,,DEFER,UNKNOWN,,,1520,,10,,,,,,False,REGEX,0.4,True
b39e7fe609d29fdbeb288a20,,DEFER,UNKNOWN,,,1520,,10,,,,,,False,REGEX,0.4,True
b39e7fe609d29fdbeb288a20,,DEFER,UNKNOWN,,,1520,,10,,,,,,False,REGEX,0.4,True
b39e7fe609d29fdbeb288a20,,DEFER,UNKNOWN,,,1520,,10,,,,,,False,REGEX,0.4,True
b39e7fe609d29fdbeb288a20,,REJECT,UNKNOWN,,,1520,,10,,,,,,False,REGEX,0.4,True
fa70d9aa16150157914c5c35,School List,ACCEPT,UNKNOWN,,,,,16,,,,,,False,REGEX_PARTIAL,0.2,True
3e77f73cf502acefba911afd,RESULTS,REJECT,UNKNOWN,,,1400,,2,,,,,,False,REGEX_PARTIAL,0.4,True
43274f180063742f13a40905,Duke,REJECT,UNKNOWN,,,,33,5,,,,,,False,REGEX,0.4,True
43274f180063742f13a40905,JHU,REJECT,UNKNOWN,,,,33,5,,,,,,False,REGEX,0.4,True
43274f180063742f13a40905,Texas A and M,ACCEPT,UNKNOWN,,,,33,5,,,,,,False,REGEX,0.4,True
43274f180063742f13a40905,UT Austin,ACCEPT,UNKNOWN,,,,33,5,,,,,,False,REGEX,0.4,True
e5d14bb157423f0a881e9db2,Southern Miss,ACCEPT,UNKNOWN,,,,,,,,,,,False,REGEX_PARTIAL,0.2,True
6ac372bb91ab5144936e897e,Decided,DEFER,UNKNOWN,,4.8,,,19,,,,,,False,REGEX_PARTIAL,0.4,True
32737f4528a4025a9f66317e,MIT,REJECT,UNKNOWN,,,,,,,,,,,False,REGEX,0.2,True
32737f4528a4025a9f66317e,UC Berkeley,REJECT,UNKNOWN,,,,,,,,,,,False,REGEX,0.2,True
32737f4528a4025a9f66317e,CalArt,REJECT,UNKNOWN,,,,,,,,,,,False,REGEX,0.2,True
32737f4528a4025a9f66317e,Oxford,REJECT,UNKNOWN,,,,,,,,,,,False,REGEX,0.2,True
32737f4528a4025a9f66317e,UWisconsin,REJECT,UNKNOWN,,,,,,,,,,,False,REGEX,0.2,True
32737f4528a4025a9f66317e,Syracuse,REJECT,UNKNOWN,,,,,,,,,,,False,REGEX,0.2,True
32737f4528a4025a9f66317e,UMich,REJECT,UNKNOWN,,,,,,,,,,,False,REGEX,0.2,True
32737f4528a4025a9f66317e,Case Western,REJECT,UNKNOWN,,,,,,,,,,,False,REGEX,0.2,True
32737f4528a4025a9f66317e,UNC CH,REJECT,UNKNOWN,,,,,,,,,,,False,REGEX,0.2,True
32737f4528a4025a9f66317e,Boston College,REJECT,UNKNOWN,,,,,,,,,,,False,REGEX,0.2,True
32737f4528a4025a9f66317e,RB & BB Clown College,ACCEPT,UNKNOWN,,,,,,,,,,,False,REGEX,0.2,True
a54e9fedeb56b5d6e7e60afd,University of Michigan,DEFER,UNKNOWN,,,,,11,,,,,,False,REGEX,0.2,True
a54e9fedeb56b5d6e7e60afd,University of Virginia,DEFER,UNKNOWN,,,,,11,,,,,,False,REGEX,0.2,True
a54e9fedeb56b5d6e7e60afd,Georgetown University,DEFER,UNKNOWN,,,,,11,,,,,,False,REGEX,0.2,True
fef69276930ecee1a686fdf4,UF,REJECT,UNKNOWN,,,,,,,,,,,False,REGEX_PARTIAL,0.2,True
f4ed69f08cf2157ab2b5b7a6,University of Pittsburgh,ACCEPT,UNKNOWN,,,,,5,,,,,,False,REGEX,0.2,True
f4ed69f08cf2157ab2b5b7a6,UIUC,ACCEPT,UNKNOWN,,,,,5,,,,,,False,REGEX,0.2,True
f4ed69f08cf2157ab2b5b7a6,Umich,REJECT,UNKNOWN,,,,,5,,,,,,False,REGEX,0.2,True
f4ed69f08cf2157ab2b5b7a6,Villanova,ACCEPT,UNKNOWN,,,,,5,,,,,,False,REGEX,0.2,True
f4ed69f08cf2157ab2b5b7a6,Virginia Tech,ACCEPT,UNKNOWN,,,,,5,,,,,,False,REGEX,0.2,True
f4ed69f08cf2157ab2b5b7a6,UC Berkeley and UCLA,REJECT,UNKNOWN,,,,,5,,,,,,False,REGEX,0.2,True
f4ed69f08cf2157ab2b5b7a6,Lehigh,WAITLIST,UNKNOWN,,,,,5,,,,,,False,REGEX,0.2,True
f4ed69f08cf2157ab2b5b7a6,Cornell,REJECT,UNKNOWN,,,,,5,,,,,,False,REGEX,0.2,True
f4ed69f08cf2157ab2b5b7a6,Swarthmore,REJECT,UNKNOWN,,,,,5,,,,,,False,REGEX,0.2,True
f4ed69f08cf2157ab2b5b7a6,UPenn,REJECT,UNKNOWN,,,,,5,,,,,,False,REGEX,0.2,True
f4ed69f08cf2157ab2b5b7a6,Boston University,ACCEPT,UNKNOWN,,,,,5,,,,,,False,REGEX,0.2,True
f4ed69f08cf2157ab2b5b7a6,Lafayette College,ACCEPT,UNKNOWN,,,,,5,,,,,,False,REGEX,0.2,True
f4ed69f08cf2157ab2b5b7a6,Bryn Mawr,ACCEPT,UNKNOWN,,,,,5,,,,,,False,REGEX,0.2,True
6b6291643b30c276425739fb,,DEFER,UNKNOWN,,,,,8,,,,,,False,REGEX,0.2,True
6b6291643b30c276425739fb,University of Illinois at Chicago,ACCEPT,UNKNOWN,,,,,8,,,,,,False,REGEX,0.2,True
6b6291643b30c276425739fb,Depaul,ACCEPT,UNKNOWN,,,,,8,,,,,,False,REGEX,0.2,True
6b6291643b30c276425739fb,University of Minnesota Twin Cities,ACCEPT,UNKNOWN,,,,,8,,,,,,False,REGEX,0.2,True
7af01877c866d1549189e6ef,,DEFER,UNKNOWN,,,,,8,,,,,,False,REGEX,0.2,True
7af01877c866d1549189e6ef,University of Illinois at Chicago,ACCEPT,UNKNOWN,,,,,8,,,,,,False,REGEX,0.2,True
7af01877c866d1549189e6ef,Depaul,ACCEPT,UNKNOWN,,,,,8,,,,,,False,REGEX,0.2,True
7af01877c866d1549189e6ef,University of Minnesota Twin Cities,ACCEPT,UNKNOWN,,,,,8,,,,,,False,REGEX,0.2,True
3f76db8eb3847fc025c267b6,UPenn -,WAITLIST,UNKNOWN,,,,35,14,,,,,,False,REGEX,0.4,True
3f76db8eb3847fc025c267b6,Duke -,WAITLIST,UNKNOWN,,,,35,14,,,,,,False,REGEX,0.4,True
3f76db8eb3847fc025c267b6,Cornell -,WAITLIST,UNKNOWN,,,,35,14,,,,,,False,REGEX,0.4,True
3f76db8eb3847fc025c267b6,NYU -,WAITLIST,UNKNOWN,,,,35,14,,,,,,False,REGEX,0.4,True
3f76db8eb3847fc025c267b6,UCLA -,WAITLIST,UNKNOWN,,,,35,14,,,,,,False,REGEX,0.4,True
025854c74cbd2b68795375a4,dr,ACCEPT,UNKNOWN,,,,,,,,,,,False,REGEX_PARTIAL,0.2,True
b20b6963908c90e7e28c0c90,VTech,ACCEPT,UNKNOWN,,,,,,,,,,,False,REGEX,0.2,True
b20b6963908c90e7e28c0c90,CU Boulder,ACCEPT,UNKNOWN,,,,,,,,,,,False,REGEX,0.2,True
b20b6963908c90e7e28c0c90,Cal Poly SLO,ACCEPT,UNKNOWN,,,,,,,,,,,False,REGEX,0.2,True
b20b6963908c90e7e28c0c90,Gonzaga,ACCEPT,UNKNOWN,,,,,,,,,,,False,REGEX,0.2,True
b20b6963908c90e7e28c0c90,Wash State,ACCEPT,UNKNOWN,,,,,,,,,,,False,REGEX,0.2,True
b20b6963908c90e7e28c0c90,Oregon,ACCEPT,UNKNOWN,,,,,,,,,,,False,REGEX,0.2,True
b20b6963908c90e7e28c0c90,Oregon State,ACCEPT,UNKNOWN,,,,,,,,,,,False,REGEX,0.2,True
b20b6963908c90e7e28c0c90,Oklahoma,ACCEPT,UNKNOWN,,,,,,,,,,,False,REGEX,0.2,True
b20b6963908c90e7e28c0c90,Chapman,ACCEPT,UNKNOWN,,,,,,,,,,,False,REGEX,0.2,True
b20b6963908c90e7e28c0c90,Santa Clara,WAITLIST,UNKNOWN,,,,,,,,,,,False,REGEX,0.2,True
b20b6963908c90e7e28c0c90,Clemson,WAITLIST,UNKNOWN,,,,,,,,,,,False,REGEX,0.2,True
6d749da1a5f2e1473304b131,Cincinnati,ACCEPT,UNKNOWN,,,,,,,,,,,False,REGEX_PARTIAL,0.2,True
ec048426313fa6b96313f86a,brown,REJECT,UNKNOWN,,,,,,,,,,,False,REGEX,0.2,True
ec048426313fa6b96313f86a,Columbia,REJECT,UNKNOWN,,,,,,,,,,,False,REGEX,0.2,True
ec048426313fa6b96313f86a,harvard,REJECT,UNKNOWN,,,,,,,,,,,False,REGEX,0.2,True
ec048426313fa6b96313f86a,Princeton,REJECT,UNKNOWN,,,,,,,,,,,False,REGEX,0.2,True
ec048426313fa6b96313f86a,stanford,REJECT,UNKNOWN,,,,,,,,,,,False,REGEX,0.2,True
ec048426313fa6b96313f86a,uc berkeley,REJECT,UNKNOWN,,,,,,,,,,,False,REGEX,0.2,True
ec048426313fa6b96313f86a,UCLA,REJECT,UNKNOWN,,,,,,,,,,,False,REGEX,0.2,True
ec048426313fa6b96313f86a,yale,REJECT,UNKNOWN,,,,,,,,,,,False,REGEX,0.2,True
ec048426313fa6b96313f86a,georgia tech,REJECT,UNKNOWN,,,,,,,,,,,False,REGEX,0.2,True
ec048426313fa6b96313f86a,UCI and UCSD,ACCEPT,UNKNOWN,,,,,,,,,,,False,REGEX,0.2,True
2512e6d45124ba3f631dc8b8,Auto,ACCEPT,UNKNOWN,,,1570,34,13,,,,,,False,REGEX_PARTIAL,0.4,True
2512e6d45124ba3f631dc8b8,Auto,ACCEPT,UNKNOWN,,,1570,34,13,,,,,,False,REGEX_PARTIAL,0.4,True
d2a49ab576471fe8195d5316,with music pre,ACCEPT,UNKNOWN,,,1540,36,5,,,,,,False,REGEX_PARTIAL,0.4,True
0fb7f14521e6abcfcf03ca14,Stanford ED,REJECT,UNKNOWN,,,,,15,,,,,,False,REGEX_PARTIAL,0.2,True
0fb7f14521e6abcfcf03ca14,UT Austin EA,REJECT,UNKNOWN,,,,,15,,,,,,False,REGEX_PARTIAL,0.2,True
7f182e68c4ba118c09508e64,. Oxford,REJECT,UNKNOWN,,,,,,,,,,,False,REGEX,0.2,True
7f182e68c4ba118c09508e64,. Imperial,REJECT,UNKNOWN,,,,,,,,,,,False,REGEX,0.2,True
7f182e68c4ba118c09508e64,. UCL,ACCEPT,UNKNOWN,,,,,,,,,,,False,REGEX,0.2,True
7f182e68c4ba118c09508e64,. University of Glasgow,ACCEPT,UNKNOWN,,,,,,,,,,,False,REGEX,0.2,True
7f182e68c4ba118c09508e64,. University of Warwick,ACCEPT,UNKNOWN,,,,,,,,,,,False,REGEX,0.2,True
7f182e68c4ba118c09508e64,. Harvard,ACCEPT,UNKNOWN,,,,,,,,,,,False,REGEX,0.2,True
7f182e68c4ba118c09508e64,. Yale,REJECT,UNKNOWN,,,,,,,,,,,False,REGEX,0.2,True
7f182e68c4ba118c09508e64,. Princeton,REJECT,UNKNOWN,,,,,,,,,,,False,REGEX,0.2,True
7f182e68c4ba118c09508e64,. Upenn,ACCEPT,UNKNOWN,,,,,,,,,,,False,REGEX,0.2,True
7f182e68c4ba118c09508e64,. Dartmouth,WAITLIST,UNKNOWN,,,,,,,,,,,False,REGEX,0.2,True
7f182e68c4ba118c09508e64,. Columbia,REJECT,UNKNOWN,,,,,,,,,,,False,REGEX,0.2,True
7f182e68c4ba118c09508e64,. Brown,REJECT,UNKNOWN,,,,,,,,,,,False,REGEX,0.2,True
7f182e68c4ba118c09508e64,. Cornell,REJECT,UNKNOWN,,,,,,,,,,,False,REGEX,0.2,True
7f182e68c4ba118c09508e64,. MIT,REJECT,UNKNOWN,,,,,,,,,,,False,REGEX,0.2,True
7f182e68c4ba118c09508e64,. Stanford,REJECT,UNKNOWN,,,,,,,,,,,False,REGEX,0.2,True
7f182e68c4ba118c09508e64,. Caltech,REJECT,UNKNOWN,,,,,,,,,,,False,REGEX,0.2,True
7f182e68c4ba118c09508e64,. UChicago,REJECT,UNKNOWN,,,,,,,,,,,False,REGEX,0.2,True
7f182e68c4ba118c09508e64,. Amherst,REJECT,UNKNOWN,,,,,,,,,,,False,REGEX,0.2,True
7f182e68c4ba118c09508e64,. NYU,REJECT,UNKNOWN,,,,,,,,,,,False,REGEX,0.2,True
7f182e68c4ba118c09508e64,. Duke,REJECT,UNKNOWN,,,,,,,,,,,False,REGEX,0.2,True
7f182e68c4ba118c09508e64,. Northwestern,REJECT,UNKNOWN,,,,,,,,,,,False,REGEX,0.2,True
7f182e68c4ba118c09508e64,. Rice,REJECT,UNKNOWN,,,,,,,,,,,False,REGEX,0.2,True
7f182e68c4ba118c09508e64,. JHU,REJECT,UNKNOWN,,,,,,,,,,,False,REGEX,0.2,True
7f182e68c4ba118c09508e64,. Bryn Mawr,WAITLIST,UNKNOWN,,,,,,,,,,,False,REGEX,0.2,True
7f182e68c4ba118c09508e64,. Flagler College,ACCEPT,UNKNOWN,,,,,,,,,,,False,REGEX,0.2,True
99ae7ee81017e62faff17a81,Cornell,REJECT,UNKNOWN,,,,,,,,,,,False,REGEX,0.2,True
99ae7ee81017e62faff17a81,Purdue,REJECT,UNKNOWN,,,,,,,,,,,False,REGEX,0.2,True
99ae7ee81017e62faff17a81,UW-Madison,WAITLIST,UNKNOWN,,,,,,,,,,,False,REGEX,0.2,True
99ae7ee81017e62faff17a81,UGA,WAITLIST,UNKNOWN,,,,,,,,,,,False,REGEX,0.2,True
99ae7ee81017e62faff17a81,Ohio State,REJECT,UNKNOWN,,,,,,,,,,,False,REGEX,0.2,True
99ae7ee81017e62faff17a81,UIUC,REJECT,UNKNOWN,,,,,,,,,,,False,REGEX,0.2,True
99ae7ee81017e62faff17a81,University of Minnesota Twin Cities,ACCEPT,UNKNOWN,,,,,,,,,,,False,REGEX,0.2,True
99ae7ee81017e62faff17a81,Michigan State,ACCEPT,UNKNOWN,,,,,,,,,,,False,REGEX,0.2,True
99ae7ee81017e62faff17a81,Oregon State,ACCEPT,UNKNOWN,,,,,,,,,,,False,REGEX,0.2,True
99ae7ee81017e62faff17a81,NC State,ACCEPT,UNKNOWN,,,,,,,,,,,False,REGEX,0.2,True
3de1c6fc8d4baaac400d95bc,ASU,ACCEPT,UNKNOWN,,,,,,,,,,,False,REGEX,0.2,True
3de1c6fc8d4baaac400d95bc,RIT,ACCEPT,UNKNOWN,,,,,,,,,,,False,REGEX,0.2,True
3de1c6fc8d4baaac400d95bc,Gtech EA,REJECT,UNKNOWN,,,,,,,,,,,False,REGEX,0.2,True
3de1c6fc8d4baaac400d95bc,Purdue EA,REJECT,UNKNOWN,,,,,,,,,,,False,REGEX,0.2,True
3de1c6fc8d4baaac400d95bc,UNC EA,REJECT,UNKNOWN,,,,,,,,,,,False,REGEX,0.2,True
3de1c6fc8d4baaac400d95bc,UIUC EA,REJECT,UNKNOWN,,,,,,,,,,,False,REGEX,0.2,True
3de1c6fc8d4baaac400d95bc,Northeastern EA,DEFER,UNKNOWN,,,,,,,,,,,False,REGEX,0.2,True
3de1c6fc8d4baaac400d95bc,UPenn,REJECT,UNKNOWN,,,,,,,,,,,False,REGEX,0.2,True
3de1c6fc8d4baaac400d95bc,Cornell,REJECT,UNKNOWN,,,,,,,,,,,False,REGEX,0.2,True
3de1c6fc8d4baaac400d95bc,Harvard,REJECT,UNKNOWN,,,,,,,,,,,False,REGEX,0.2,True
3de1c6fc8d4baaac400d95bc,Columbia,WAITLIST,UNKNOWN,,,,,,,,,,,False,REGEX,0.2,True
3de1c6fc8d4baaac400d95bc,Northwestern,REJECT,UNKNOWN,,,,,,,,,,,False,REGEX,0.2,True
3de1c6fc8d4baaac400d95bc,CMU,REJECT,UNKNOWN,,,,,,,,,,,False,REGEX,0.2,True
3de1c6fc8d4baaac400d95bc,Duke,REJECT,UNKNOWN,,,,,,,,,,,False,REGEX,0.2,True
3de1c6fc8d4baaac400d95bc,Stanford,REJECT,UNKNOWN,,,,,,,,,,,False,REGEX,0.2,True
3de1c6fc8d4baaac400d95bc,USC,REJECT,UNKNOWN,,,,,,,,,,,False,REGEX,0.2,True
3de1c6fc8d4baaac400d95bc,UCSB,WAITLIST,UNKNOWN,,,,,,,,,,,False,REGEX,0.2,True
3de1c6fc8d4baaac400d95bc,UCI,REJECT,UNKNOWN,,,,,,,,,,,False,REGEX,0.2,True
3de1c6fc8d4baaac400d95bc,UCSD,REJECT,UNKNOWN,,,,,,,,,,,False,REGEX,0.2,True
3de1c6fc8d4baaac400d95bc,UDub,REJECT,UNKNOWN,,,,,,,,,,,False,REGEX,0.2,True
3de1c6fc8d4baaac400d95bc,Cal Poly Slo,REJECT,UNKNOWN,,,,,,,,,,,False,REGEX,0.2,True
3de1c6fc8d4baaac400d95bc,SJSU,REJECT,UNKNOWN,,,,,,,,,,,False,REGEX,0.2,True
3de1c6fc8d4baaac400d95bc,SDSU,ACCEPT,UNKNOWN,,,,,,,,,,,False,REGEX,0.2,True
3de1c6fc8d4baaac400d95bc,UCR,ACCEPT,UNKNOWN,,,,,,,,,,,False,REGEX,0.2,True
3de1c6fc8d4baaac400d95bc,UCSC,ACCEPT,UNKNOWN,,,,,,,,,,,False,REGEX,0.2,True
73855c60b27e53ccefa26dba,th grade summer,REJECT,UNKNOWN,,,,,13,,,,,,False,REGEX_PARTIAL,0.2,True
3e2407c74fd171e878ca515a,UMN EA,ACCEPT,UNKNOWN,,,,33,5,,,,,,False,REGEX,0.4,True
3e2407c74fd171e878ca515a,Northwestern ED,REJECT,UNKNOWN,,,,33,5,,,,,,False,REGEX,0.4,True
3e2407c74fd171e878ca515a,UChicago EA,DEFER,UNKNOWN,,,,33,5,,,,,,False,REGEX,0.4,True
3e2407c74fd171e878ca515a,IU Kelley EA,ACCEPT,UNKNOWN,,,,33,5,,,,,,False,REGEX,0.4,True
3e2407c74fd171e878ca515a,UT Austin EA,DEFER,UNKNOWN,,,,33,5,,,,,,False,REGEX,0.4,True
3e2407c74fd171e878ca515a,RD,REJECT,UNKNOWN,,,,33,5,,,,,,False,REGEX,0.4,True
3e2407c74fd171e878ca515a,USC EA,DEFER,UNKNOWN,,,,33,5,,,,,,False,REGEX,0.4,True
3e2407c74fd171e878ca515a,RD,REJECT,UNKNOWN,,,,33,5,,,,,,False,REGEX,0.4,True
3e2407c74fd171e878ca515a,UMich EA,DEFER,UNKNOWN,,,,33,5,,,,,,False,REGEX,0.4,True
3e2407c74fd171e878ca515a,RD,WAITLIST,UNKNOWN,,,,33,5,,,,,,False,REGEX,0.4,True
3e2407c74fd171e878ca515a,UNC EA,REJECT,UNKNOWN,,,,33,5,,,,,,False,REGEX,0.4,True
3e2407c74fd171e878ca515a,UW Madison EA,ACCEPT,UNKNOWN,,,,33,5,,,,,,False,REGEX,0.4,True
3e2407c74fd171e878ca515a,Brown,WAITLIST,UNKNOWN,,,,33,5,,,,,,False,REGEX,0.4,True
3e2407c74fd171e878ca515a,Cornell,WAITLIST,UNKNOWN,,,,33,5,,,,,,False,REGEX,0.4,True
3e2407c74fd171e878ca515a,Dartmouth,WAITLIST,UNKNOWN,,,,33,5,,,,,,False,REGEX,0.4,True
3e2407c74fd171e878ca515a,Duke,REJECT,UNKNOWN,,,,33,5,,,,,,False,REGEX,0.4,True
3e2407c74fd171e878ca515a,,WAITLIST,UNKNOWN,,,,33,5,,,,,,False,REGEX,0.4,True
3e2407c74fd171e878ca515a,Northeastern,ACCEPT,UNKNOWN,,,,33,5,,,,,,False,REGEX,0.4,True
3e2407c74fd171e878ca515a,Princeton,REJECT,UNKNOWN,,,,33,5,,,,,,False,REGEX,0.4,True
3e2407c74fd171e878ca515a,Vanderbilt,REJECT,UNKNOWN,,,,33,5,,,,,,False,REGEX,0.4,True
3e2407c74fd171e878ca515a,WashU,ACCEPT,UNKNOWN,,,,33,5,,,,,,False,REGEX,0.4,True
3e2407c74fd171e878ca515a,Berkeley,WAITLIST,UNKNOWN,,,,33,5,,,,,,False,REGEX,0.4,True
3e2407c74fd171e878ca515a,UCLA,ACCEPT,UNKNOWN,,,,33,5,,,,,,False,REGEX,0.4,True
1abccaadd22f57e5ccbf20b9,UGA,WAITLIST,UNKNOWN,,,,34,5,,,,,,False,REGEX_PARTIAL,0.4,True
123cf6b6d04ca7c97e9b5d6c,CWRU,ACCEPT,UNKNOWN,,,,,15,,,,,,False,REGEX,0.2,True
123cf6b6d04ca7c97e9b5d6c,MIT,REJECT,UNKNOWN,,,,,15,,,,,,False,REGEX,0.2,True
123cf6b6d04ca7c97e9b5d6c,University of Chicago,REJECT,UNKNOWN,,,,,15,,,,,,False,REGEX,0.2,True
123cf6b6d04ca7c97e9b5d6c,WashU,WAITLIST,UNKNOWN,,,,,15,,,,,,False,REGEX,0.2,True
123cf6b6d04ca7c97e9b5d6c,Notre Dame,WAITLIST,UNKNOWN,,,,,15,,,,,,False,REGEX,0.2,True
123cf6b6d04ca7c97e9b5d6c,Johns Hopkins,WAITLIST,UNKNOWN,,,,,15,,,,,,False,REGEX,0.2,True
123cf6b6d04ca7c97e9b5d6c,UCLA,REJECT,UNKNOWN,,,,,15,,,,,,False,REGEX,0.2,True
123cf6b6d04ca7c97e9b5d6c,UC Berkeley,ACCEPT,UNKNOWN,,,,,15,,,,,,False,REGEX,0.2,True
123cf6b6d04ca7c97e9b5d6c,Columbia University,REJECT,UNKNOWN,,,,,15,,,,,,False,REGEX,0.2,True
123cf6b6d04ca7c97e9b5d6c,Vanderbilt University,WAITLIST,UNKNOWN,,,,,15,,,,,,False,REGEX,0.2,True
123cf6b6d04ca7c97e9b5d6c,Princeton University,REJECT,UNKNOWN,,,,,15,,,,,,False,REGEX,0.2,True
123cf6b6d04ca7c97e9b5d6c,Harvard University,REJECT,UNKNOWN,,,,,15,,,,,,False,REGEX,0.2,True
123cf6b6d04ca7c97e9b5d6c,Northwestern University,REJECT,UNKNOWN,,,,,15,,,,,,False,REGEX,0.2,True
123cf6b6d04ca7c97e9b5d6c,Duke University,REJECT,UNKNOWN,,,,,15,,,,,,False,REGEX,0.2,True
123cf6b6d04ca7c97e9b5d6c,Dartmouth College,REJECT,UNKNOWN,,,,,15,,,,,,False,REGEX,0.2,True
123cf6b6d04ca7c97e9b5d6c,Yale University,REJECT,UNKNOWN,,,,,15,,,,,,False,REGEX,0.2,True
123cf6b6d04ca7c97e9b5d6c,Cornell University,REJECT,UNKNOWN,,,,,15,,,,,,False,REGEX,0.2,True
123cf6b6d04ca7c97e9b5d6c,Brown University,REJECT,UNKNOWN,,,,,15,,,,,,False,REGEX,0.2,True
123cf6b6d04ca7c97e9b5d6c,Rice University,WAITLIST,UNKNOWN,,,,,15,,,,,,False,REGEX,0.2,True
123cf6b6d04ca7c97e9b5d6c,Stanford University,REJECT,UNKNOWN,,,,,15,,,,,,False,REGEX,0.2,True
123cf6b6d04ca7c97e9b5d6c,University of Pennsylvania,REJECT,UNKNOWN,,,,,15,,,,,,False,REGEX,0.2,True
fffec6a3ddc45395bbce40be,CU Boulder,REJECT,UNKNOWN,,,,,,,,,,,False,REGEX_PARTIAL,0.2,True
fffec6a3ddc45395bbce40be,Rutgers,ACCEPT,UNKNOWN,,,,,,,,,,,False,REGEX_PARTIAL,0.2,True
89921a7b3312596773b1c2e2,Deferred,ACCEPT,UNKNOWN,,,,,,,,,,,False,REGEX,0.2,True
89921a7b3312596773b1c2e2,Deferred,WAITLIST,UNKNOWN,,,,,,,,,,,False,REGEX,0.2,True
89921a7b3312596773b1c2e2,Deferred,ACCEPT,UNKNOWN,,,,,,,,,,,False,REGEX,0.2,True
89921a7b3312596773b1c2e2,Deferred,ACCEPT,UNKNOWN,,,,,,,,,,,False,REGEX,0.2,True
89921a7b3312596773b1c2e2,Deferred,ACCEPT,UNKNOWN,,,,,,,,,,,False,REGEX,0.2,True
ff9f93fea2a5351b8c42f75a,Reaches,ACCEPT,UNKNOWN,,,1540,,80,,,,,,False,REGEX,0.4,True
ff9f93fea2a5351b8c42f75a,RPI,ACCEPT,UNKNOWN,,,1540,,80,,,,,,False,REGEX,0.4,True
ff9f93fea2a5351b8c42f75a,MIT,REJECT,UNKNOWN,,,1540,,80,,,,,,False,REGEX,0.4,True
ff9f93fea2a5351b8c42f75a,Northwestern,ACCEPT,UNKNOWN,,,1540,,80,,,,,,False,REGEX,0.4,True
ff9f93fea2a5351b8c42f75a,Cornell,ACCEPT,UNKNOWN,,,1540,,80,,,,,,False,REGEX,0.4,True
ff9f93fea2a5351b8c42f75a,Yale,ACCEPT,UNKNOWN,,,1540,,80,,,,,,False,REGEX,0.4,True
4311739cf6c739819dd0678b,UW Madison EA,DEFER,UNKNOWN,,,,,10,,,,,,False,REGEX_PARTIAL,0.2,True
adce65c0f30e26250765b5ae,Harvard College,WAITLIST,UNKNOWN,,,1600,36,,,,,,,False,REGEX,0.4,True
adce65c0f30e26250765b5ae,Massachusetts Institute of Technology,ACCEPT,UNKNOWN,,,1600,36,,,,,,,False,REGEX,0.4,True
adce65c0f30e26250765b5ae,University of Cambridge,ACCEPT,UNKNOWN,,,1600,36,,,,,,,False,REGEX,0.4,True
adce65c0f30e26250765b5ae,Imperial College London,ACCEPT,UNKNOWN,,,1600,36,,,,,,,False,REGEX,0.4,True
adce65c0f30e26250765b5ae,University of St Andrew's,ACCEPT,UNKNOWN,,,1600,36,,,,,,,False,REGEX,0.4,True
adce65c0f30e26250765b5ae,University College London,ACCEPT,UNKNOWN,,,1600,36,,,,,,,False,REGEX,0.4,True
adce65c0f30e26250765b5ae,University of Exeter,ACCEPT,UNKNOWN,,,1600,36,,,,,,,False,REGEX,0.4,True
51eeb3d5277766dd2ad05b2e,Harvard College,WAITLIST,UNKNOWN,,,1600,36,,,,,,,False,REGEX,0.4,True
51eeb3d5277766dd2ad05b2e,Massachusetts Institute of Technology,ACCEPT,UNKNOWN,,,1600,36,,,,,,,False,REGEX,0.4,True
51eeb3d5277766dd2ad05b2e,University of Cambridge,ACCEPT,UNKNOWN,,,1600,36,,,,,,,False,REGEX,0.4,True
51eeb3d5277766dd2ad05b2e,Imperial College London,ACCEPT,UNKNOWN,,,1600,36,,,,,,,False,REGEX,0.4,True
51eeb3d5277766dd2ad05b2e,University of St Andrew's,ACCEPT,UNKNOWN,,,1600,36,,,,,,,False,REGEX,0.4,True
51eeb3d5277766dd2ad05b2e,University College London,ACCEPT,UNKNOWN,,,1600,36,,,,,,,False,REGEX,0.4,True
51eeb3d5277766dd2ad05b2e,University of Exeter,ACCEPT,UNKNOWN,,,1600,36,,,,,,,False,REGEX,0.4,True
43732b1f8ad8e13ea5c71d0c,Recognition by JHU,ACCEPT,UNKNOWN,,,1550,,,,,,,,False,REGEX_PARTIAL,0.4,True
43732b1f8ad8e13ea5c71d0c,Results,REJECT,UNKNOWN,,,1550,,,,,,,,False,REGEX_PARTIAL,0.4,True
734c86d44972b64906d12d9f,- Accepted to Villanova For Electrical Engineering,WAITLIST,UNKNOWN,,,,,,,,,,,False,REGEX_PARTIAL,0.2,True
734c86d44972b64906d12d9f,for Babson and UMich,REJECT,UNKNOWN,,,,,,,,,,,False,REGEX_PARTIAL,0.2,True
c0be9df34213972e8282d989,,WAITLIST,UNKNOWN,,,,32,1,,,,,,False,REGEX_PARTIAL,0.4,True
42396a7f5ac558d147f4fd74,- Accepted to Villanova For Electrical Engineering,WAITLIST,UNKNOWN,,,,,,,,,,,False,REGEX_PARTIAL,0.2,True
42396a7f5ac558d147f4fd74,for Babson and UMich,REJECT,UNKNOWN,,,,,,,,,,,False,REGEX_PARTIAL,0.2,True
1b32e1fd73ce0df896e479fe,Tulane,ACCEPT,UNKNOWN,,99.0,,,2,,,,,,False,REGEX_PARTIAL,0.4,True
81503011bc9d85a5c7ad1e6b,,ACCEPT,UNKNOWN,,,,,4,,,,,,False,REGEX,0.2,True
81503011bc9d85a5c7ad1e6b,,ACCEPT,UNKNOWN,,,,,4,,,,,,False,REGEX,0.2,True
81503011bc9d85a5c7ad1e6b,,ACCEPT,UNKNOWN,,,,,4,,,,,,False,REGEX,0.2,True
81503011bc9d85a5c7ad1e6b,,ACCEPT,UNKNOWN,,,,,4,,,,,,False,REGEX,0.2,True
81503011bc9d85a5c7ad1e6b,Brown University,REJECT,UNKNOWN,,,,,4,,,,,,False,REGEX,0.2,True
81503011bc9d85a5c7ad1e6b,Fordham,REJECT,UNKNOWN,,,,,4,,,,,,False,REGEX,0.2,True
81503011bc9d85a5c7ad1e6b,University of Alabama,REJECT,UNKNOWN,,,,,4,,,,,,False,REGEX,0.2,True
81503011bc9d85a5c7ad1e6b,Princeton,ACCEPT,UNKNOWN,,,,,4,,,,,,False,REGEX,0.2,True
81503011bc9d85a5c7ad1e6b,MIT,REJECT,UNKNOWN,,,,,4,,,,,,False,REGEX,0.2,True
81503011bc9d85a5c7ad1e6b,Stanford,REJECT,UNKNOWN,,,,,4,,,,,,False,REGEX,0.2,True
81503011bc9d85a5c7ad1e6b,UPenn,REJECT,UNKNOWN,,,,,4,,,,,,False,REGEX,0.2,True
81503011bc9d85a5c7ad1e6b,Kentucky State University,ACCEPT,UNKNOWN,,,,,4,,,,,,False,REGEX,0.2,True
b84ea2fe9c5b09f26b027955,Amherst,WAITLIST,UNKNOWN,,,,,12,,,,,,False,REGEX,0.2,True
b84ea2fe9c5b09f26b027955,Harvard,REJECT,UNKNOWN,,,,,12,,,,,,False,REGEX,0.2,True
b84ea2fe9c5b09f26b027955,Princeton,WAITLIST,UNKNOWN,,,,,12,,,,,,False,REGEX,0.2,True
b84ea2fe9c5b09f26b027955,Colombia,REJECT,UNKNOWN,,,,,12,,,,,,False,REGEX,0.2,True
b84ea2fe9c5b09f26b027955,UPenn,WAITLIST,UNKNOWN,,,,,12,,,,,,False,REGEX,0.2,True
b84ea2fe9c5b09f26b027955,MIT,WAITLIST,UNKNOWN,,,,,12,,,,,,False,REGEX,0.2,True
b84ea2fe9c5b09f26b027955,Bowdoin,REJECT,UNKNOWN,,,,,12,,,,,,False,REGEX,0.2,True
b84ea2fe9c5b09f26b027955,Duke,ACCEPT,UNKNOWN,,,,,12,,,,,,False,REGEX,0.2,True
b84ea2fe9c5b09f26b027955,Rice,REJECT,UNKNOWN,,,,,12,,,,,,False,REGEX,0.2,True
b84ea2fe9c5b09f26b027955,Stanford,REJECT,UNKNOWN,,,,,12,,,,,,False,REGEX,0.2,True
b84ea2fe9c5b09f26b027955,University of Notre dame,REJECT,UNKNOWN,,,,,12,,,,,,False,REGEX,0.2,True
b84ea2fe9c5b09f26b027955,Uchicago,REJECT,UNKNOWN,,,,,12,,,,,,False,REGEX,0.2,True
1c924f3c312ebf0ae839f763,waitlisted,REJECT,UNKNOWN,,,,,,,,,,,False,REGEX_PARTIAL,0.2,True
c23a382acb035370b62f8aa5,Rutgers University,ACCEPT,UNKNOWN,,,,,,,,,,,False,REGEX,0.2,True
c23a382acb035370b62f8aa5,Texas A&M University,ACCEPT,UNKNOWN,,,,,,,,,,,False,REGEX,0.2,True
c23a382acb035370b62f8aa5,University Park,ACCEPT,UNKNOWN,,,,,,,,,,,False,REGEX,0.2,True
c23a382acb035370b62f8aa5,University of Colorado Boulder,ACCEPT,UNKNOWN,,,,,,,,,,,False,REGEX,0.2,True
c23a382acb035370b62f8aa5,Madison,DEFER,UNKNOWN,,,,,,,,,,,False,REGEX,0.2,True
c23a382acb035370b62f8aa5,Ann Harbor,DEFER,UNKNOWN,,,,,,,,,,,False,REGEX,0.2,True
c23a382acb035370b62f8aa5,UT Austin,DEFER,UNKNOWN,,,,,,,,,,,False,REGEX,0.2,True
c23a382acb035370b62f8aa5,Amherst,WAITLIST,UNKNOWN,,,,,,,,,,,False,REGEX,0.2,True
c23a382acb035370b62f8aa5,University of Illinois Urbana-Champaign,REJECT,UNKNOWN,,,,,,,,,,,False,REGEX,0.2,True
c23a382acb035370b62f8aa5,Duke University,REJECT,UNKNOWN,,,,,,,,,,,False,REGEX,0.2,True
c23a382acb035370b62f8aa5,University of Washington- Seattle,REJECT,UNKNOWN,,,,,,,,,,,False,REGEX,0.2,True
c23a382acb035370b62f8aa5,Virginia Tech,ACCEPT,UNKNOWN,,,,,,,,,,,False,REGEX,0.2,True
c23a382acb035370b62f8aa5,Northwestern University,REJECT,UNKNOWN,,,,,,,,,,,False,REGEX,0.2,True
c23a382acb035370b62f8aa5,Johns Hopkins University,REJECT,UNKNOWN,,,,,,,,,,,False,REGEX,0.2,True
c23a382acb035370b62f8aa5,Cornell University,REJECT,UNKNOWN,,,,,,,,,,,False,REGEX,0.2,True
c23a382acb035370b62f8aa5,,REJECT,UNKNOWN,,,,,,,,,,,False,REGEX,0.2,True
c23a382acb035370b62f8aa5,Vanderbilt University,REJECT,UNKNOWN,,,,,,,,,,,False,REGEX,0.2,True
ba38b1c81ff71fc1873f7e86,- Princeton,DEFER,UNKNOWN,,,,,56,,,,,,False,REGEX_PARTIAL,0.2,True
1a3cbdf893c67c9849daba54,UMich,ACCEPT,UNKNOWN,,,,,,,,,,,False,REGEX,0.2,True
1a3cbdf893c67c9849daba54,MIT,DEFER,UNKNOWN,,,,,,,,,,,False,REGEX,0.2,True
1a3cbdf893c67c9849daba54,Purdue,DEFER,UNKNOWN,,,,,,,,,,,False,REGEX,0.2,True
1a3cbdf893c67c9849daba54,Vanderbilt,REJECT,UNKNOWN,,,,,,,,,,,False,REGEX,0.2,True
1a3cbdf893c67c9849daba54,Northwestern,REJECT,UNKNOWN,,,,,,,,,,,False,REGEX,0.2,True
1a3cbdf893c67c9849daba54,Rice,WAITLIST,UNKNOWN,,,,,,,,,,,False,REGEX,0.2,True
1a3cbdf893c67c9849daba54,UK,ACCEPT,UNKNOWN,,,,,,,,,,,False,REGEX,0.2,True
1a3cbdf893c67c9849daba54,UCinci,ACCEPT,UNKNOWN,,,,,,,,,,,False,REGEX,0.2,True
1a3cbdf893c67c9849daba54,Penn State,ACCEPT,UNKNOWN,,,,,,,,,,,False,REGEX,0.2,True
1a3cbdf893c67c9849daba54,UW Seattle,ACCEPT,UNKNOWN,,,,,,,,,,,False,REGEX,0.2,True
1a3cbdf893c67c9849daba54,UT Austin,REJECT,UNKNOWN,,,,,,,,,,,False,REGEX,0.2,True
1a3cbdf893c67c9849daba54,Ohio State,ACCEPT,UNKNOWN,,,,,,,,,,,False,REGEX,0.2,True
1a3cbdf893c67c9849daba54,Georgia Tech,DEFER,UNKNOWN,,,,,,,,,,,False,REGEX,0.2,True
292493567ce24c78444eb08e,EA,DEFER,UNKNOWN,,,,,4,,,,,,False,REGEX,0.2,True
292493567ce24c78444eb08e,,REJECT,UNKNOWN,,,,,4,,,,,,False,REGEX,0.2,True
292493567ce24c78444eb08e,EA,DEFER,UNKNOWN,,,,,4,,,,,,False,REGEX,0.2,True
292493567ce24c78444eb08e,,REJECT,UNKNOWN,,,,,4,,,,,,False,REGEX,0.2,True
766426d5e6a6c62bbe2039e8,,REJECT,UNKNOWN,,,1480,,4,,,,,,False,REGEX,0.4,True
766426d5e6a6c62bbe2039e8,CMC,REJECT,UNKNOWN,,,1480,,4,,,,,,False,REGEX,0.4,True
766426d5e6a6c62bbe2039e8,UVA,REJECT,UNKNOWN,,,1480,,4,,,,,,False,REGEX,0.4,True
766426d5e6a6c62bbe2039e8,SMU,ACCEPT,UNKNOWN,,,1480,,4,,,,,,False,REGEX,0.4,True
766426d5e6a6c62bbe2039e8,Fordham,ACCEPT,UNKNOWN,,,1480,,4,,,,,,False,REGEX,0.4,True
766426d5e6a6c62bbe2039e8,University of Richmond,ACCEPT,UNKNOWN,,,1480,,4,,,,,,False,REGEX,0.4,True
766426d5e6a6c62bbe2039e8,IU Kelley,ACCEPT,UNKNOWN,,,1480,,4,,,,,,False,REGEX,0.4,True
766426d5e6a6c62bbe2039e8,Northeastern,ACCEPT,UNKNOWN,,,1480,,4,,,,,,False,REGEX,0.4,True
766426d5e6a6c62bbe2039e8,Notre Dame,REJECT,UNKNOWN,,,1480,,4,,,,,,False,REGEX,0.4,True
766426d5e6a6c62bbe2039e8,WashU,REJECT,UNKNOWN,,,1480,,4,,,,,,False,REGEX,0.4,True
766426d5e6a6c62bbe2039e8,BC,WAITLIST,UNKNOWN,,,1480,,4,,,,,,False,REGEX,0.4,True
766426d5e6a6c62bbe2039e8,Lehigh,ACCEPT,UNKNOWN,,,1480,,4,,,,,,False,REGEX,0.4,True
766426d5e6a6c62bbe2039e8,USD,ACCEPT,UNKNOWN,,,1480,,4,,,,,,False,REGEX,0.4,True
766426d5e6a6c62bbe2039e8,Kenyon,ACCEPT,UNKNOWN,,,1480,,4,,,,,,False,REGEX,0.4,True
766426d5e6a6c62bbe2039e8,UCLA,ACCEPT,UNKNOWN,,,1480,,4,,,,,,False,REGEX,0.4,True
766426d5e6a6c62bbe2039e8,UCSB,ACCEPT,UNKNOWN,,,1480,,4,,,,,,False,REGEX,0.4,True
766426d5e6a6c62bbe2039e8,UC Berkeley,ACCEPT,UNKNOWN,,,1480,,4,,,,,,False,REGEX,0.4,True
2f7ea46bebb234e43420a10d,Purdue,DEFER,UNKNOWN,,,,,12,,,,,,False,REGEX_PARTIAL,0.2,True
4b0781e46340a3d300c84414,NYU,ACCEPT,UNKNOWN,,,1530,,15,,,,,,False,REGEX,0.4,True
4b0781e46340a3d300c84414,USC,ACCEPT,UNKNOWN,,,1530,,15,,,,,,False,REGEX,0.4,True
4b0781e46340a3d300c84414,IU Bloomington,ACCEPT,UNKNOWN,,,1530,,15,,,,,,False,REGEX,0.4,True
4b0781e46340a3d300c84414,University of Richmond,ACCEPT,UNKNOWN,,,1530,,15,,,,,,False,REGEX,0.4,True
4b0781e46340a3d300c84414,Middlebury,ACCEPT,UNKNOWN,,,1530,,15,,,,,,False,REGEX,0.4,True
4b0781e46340a3d300c84414,Claremont McKenna,ACCEPT,UNKNOWN,,,1530,,15,,,,,,False,REGEX,0.4,True
4b0781e46340a3d300c84414,UW Seattle,ACCEPT,UNKNOWN,,,1530,,15,,,,,,False,REGEX,0.4,True
4b0781e46340a3d300c84414,UC Davis,ACCEPT,UNKNOWN,,,1530,,15,,,,,,False,REGEX,0.4,True
4b0781e46340a3d300c84414,UC Merced,ACCEPT,UNKNOWN,,,1530,,15,,,,,,False,REGEX,0.4,True
4b0781e46340a3d300c84414,UCSC,ACCEPT,UNKNOWN,,,1530,,15,,,,,,False,REGEX,0.4,True
4b0781e46340a3d300c84414,UCSB,ACCEPT,UNKNOWN,,,1530,,15,,,,,,False,REGEX,0.4,True
4b0781e46340a3d300c84414,UCR,ACCEPT,UNKNOWN,,,1530,,15,,,,,,False,REGEX,0.4,True
4b0781e46340a3d300c84414,UCI,ACCEPT,UNKNOWN,,,1530,,15,,,,,,False,REGEX,0.4,True
4b0781e46340a3d300c84414,UCSD,ACCEPT,UNKNOWN,,,1530,,15,,,,,,False,REGEX,0.4,True
4b0781e46340a3d300c84414,Western WA University,ACCEPT,UNKNOWN,,,1530,,15,,,,,,False,REGEX,0.4,True
acb6fe0b63ab246acd946c93,Florida Atlantic University,ACCEPT,UNKNOWN,,,,,,,,,,,False,REGEX,0.2,True
acb6fe0b63ab246acd946c93,Uni. of North Florida,ACCEPT,UNKNOWN,,,,,,,,,,,False,REGEX,0.2,True
acb6fe0b63ab246acd946c93,Temple University,ACCEPT,UNKNOWN,,,,,,,,,,,False,REGEX,0.2,True
acb6fe0b63ab246acd946c93,Drexel University,ACCEPT,UNKNOWN,,,,,,,,,,,False,REGEX,0.2,True
acb6fe0b63ab246acd946c93,The New School,ACCEPT,UNKNOWN,,,,,,,,,,,False,REGEX,0.2,True
acb6fe0b63ab246acd946c93,Muhlenberg College,ACCEPT,UNKNOWN,,,,,,,,,,,False,REGEX,0.2,True
acb6fe0b63ab246acd946c93,,ACCEPT,UNKNOWN,,,,,,,,,,,False,REGEX,0.2,True
acb6fe0b63ab246acd946c93,Bucknell University,ACCEPT,UNKNOWN,,,,,,,,,,,False,REGEX,0.2,True
acb6fe0b63ab246acd946c93,Clark University,ACCEPT,UNKNOWN,,,,,,,,,,,False,REGEX,0.2,True
acb6fe0b63ab246acd946c93,Lafayette,WAITLIST,UNKNOWN,,,,,,,,,,,False,REGEX,0.2,True
acb6fe0b63ab246acd946c93,Fordham,WAITLIST,UNKNOWN,,,,,,,,,,,False,REGEX,0.2,True
acb6fe0b63ab246acd946c93,Bard College,WAITLIST,UNKNOWN,,,,,,,,,,,False,REGEX,0.2,True
acb6fe0b63ab246acd946c93,Skidmore College,WAITLIST,UNKNOWN,,,,,,,,,,,False,REGEX,0.2,True
acb6fe0b63ab246acd946c93,Lehigh University,REJECT,UNKNOWN,,,,,,,,,,,False,REGEX,0.2,True
acb6fe0b63ab246acd946c93,Hamilton College,REJECT,UNKNOWN,,,,,,,,,,,False,REGEX,0.2,True
acb6fe0b63ab246acd946c93,Williams College,REJECT,UNKNOWN,,,,,,,,,,,False,REGEX,0.2,True
acb6fe0b63ab246acd946c93,Swarthmore College,REJECT,UNKNOWN,,,,,,,,,,,False,REGEX,0.2,True
acb6fe0b63ab246acd946c93,Colgate University,REJECT,UNKNOWN,,,,,,,,,,,False,REGEX,0.2,True
acb6fe0b63ab246acd946c93,Boston University,REJECT,UNKNOWN,,,,,,,,,,,False,REGEX,0.2,True
acb6fe0b63ab246acd946c93,Wesleyan University,REJECT,UNKNOWN,,,,,,,,,,,False,REGEX,0.2,True
acb6fe0b63ab246acd946c93,Vassar College,REJECT,UNKNOWN,,,,,,,,,,,False,REGEX,0.2,True
acb6fe0b63ab246acd946c93,NYU,REJECT,UNKNOWN,,,,,,,,,,,False,REGEX,0.2,True
e6eaa6fd80698380aedba7e7,Harvard,REJECT,UNKNOWN,,,,35,,,,,,,False,REGEX,0.4,True
e6eaa6fd80698380aedba7e7,Yale,REJECT,UNKNOWN,,,,35,,,,,,,False,REGEX,0.4,True
e6eaa6fd80698380aedba7e7,Dartmouth,WAITLIST,UNKNOWN,,,,35,,,,,,,False,REGEX,0.4,True
e6eaa6fd80698380aedba7e7,Cornell,ACCEPT,UNKNOWN,,,,35,,,,,,,False,REGEX,0.4,True
e6eaa6fd80698380aedba7e7,Brown,ACCEPT,UNKNOWN,,,,35,,,,,,,False,REGEX,0.4,True
e6eaa6fd80698380aedba7e7,Princeton,ACCEPT,UNKNOWN,,,,35,,,,,,,False,REGEX,0.4,True
e22fc855c513c78c885781bf,,REJECT,UNKNOWN,,,1480,,4,,,,,,False,REGEX,0.4,True
e22fc855c513c78c885781bf,CMC,REJECT,UNKNOWN,,,1480,,4,,,,,,False,REGEX,0.4,True
e22fc855c513c78c885781bf,UVA,REJECT,UNKNOWN,,,1480,,4,,,,,,False,REGEX,0.4,True
e22fc855c513c78c885781bf,SMU,ACCEPT,UNKNOWN,,,1480,,4,,,,,,False,REGEX,0.4,True
e22fc855c513c78c885781bf,Fordham,ACCEPT,UNKNOWN,,,1480,,4,,,,,,False,REGEX,0.4,True
e22fc855c513c78c885781bf,University of Richmond,ACCEPT,UNKNOWN,,,1480,,4,,,,,,False,REGEX,0.4,True
e22fc855c513c78c885781bf,IU Kelley,ACCEPT,UNKNOWN,,,1480,,4,,,,,,False,REGEX,0.4,True
e22fc855c513c78c885781bf,Northeastern,ACCEPT,UNKNOWN,,,1480,,4,,,,,,False,REGEX,0.4,True
e22fc855c513c78c885781bf,Notre Dame,REJECT,UNKNOWN,,,1480,,4,,,,,,False,REGEX,0.4,True
e22fc855c513c78c885781bf,WashU,REJECT,UNKNOWN,,,1480,,4,,,,,,False,REGEX,0.4,True
e22fc855c513c78c885781bf,BC,WAITLIST,UNKNOWN,,,1480,,4,,,,,,False,REGEX,0.4,True
e22fc855c513c78c885781bf,Lehigh,ACCEPT,UNKNOWN,,,1480,,4,,,,,,False,REGEX,0.4,True
e22fc855c513c78c885781bf,USD,ACCEPT,UNKNOWN,,,1480,,4,,,,,,False,REGEX,0.4,True
e22fc855c513c78c885781bf,Kenyon,ACCEPT,UNKNOWN,,,1480,,4,,,,,,False,REGEX,0.4,True
e22fc855c513c78c885781bf,UCLA,ACCEPT,UNKNOWN,,,1480,,4,,,,,,False,REGEX,0.4,True
e22fc855c513c78c885781bf,UCSB,ACCEPT,UNKNOWN,,,1480,,4,,,,,,False,REGEX,0.4,True
e22fc855c513c78c885781bf,UC Berkeley,ACCEPT,UNKNOWN,,,1480,,4,,,,,,False,REGEX,0.4,True
0ab0ca9f4e28060fa8595e85,NC State,ACCEPT,UNKNOWN,,,,,,,,,,,False,REGEX,0.2,True
0ab0ca9f4e28060fa8595e85,Cornell,WAITLIST,UNKNOWN,,,,,,,,,,,False,REGEX,0.2,True
0ab0ca9f4e28060fa8595e85,Georgia Tech,WAITLIST,UNKNOWN,,,,,,,,,,,False,REGEX,0.2,True
0ab0ca9f4e28060fa8595e85,MIT,REJECT,UNKNOWN,,,,,,,,,,,False,REGEX,0.2,True
6ab04c8affd0dd6302760dc5,UW-Madison College of Engineering,ACCEPT,UNKNOWN,,,,,,,,,,,False,REGEX,0.2,True
6ab04c8affd0dd6302760dc5,University of Michigan College of Engineering OOS,ACCEPT,UNKNOWN,,,,,,,,,,,False,REGEX,0.2,True
6ab04c8affd0dd6302760dc5,Georgia Institute of Technology,DEFER,UNKNOWN,,,,,,,,,,,False,REGEX,0.2,True
6ab04c8affd0dd6302760dc5,University of Alabama,ACCEPT,UNKNOWN,,,,,,,,,,,False,REGEX,0.2,True
6ab04c8affd0dd6302760dc5,University of South Carolina,ACCEPT,UNKNOWN,,,,,,,,,,,False,REGEX,0.2,True
6ab04c8affd0dd6302760dc5,University of Florida,DEFER,UNKNOWN,,,,,,,,,,,False,REGEX,0.2,True
6ab04c8affd0dd6302760dc5,Harvard University,DEFER,UNKNOWN,,,,,,,,,,,False,REGEX,0.2,True
6ab04c8affd0dd6302760dc5,Harvard University,DEFER,UNKNOWN,,,,,,,,,,,False,REGEX,0.2,True
6ab04c8affd0dd6302760dc5,Dartmouth College,ACCEPT,UNKNOWN,,,,,,,,,,,False,REGEX,0.2,True
6ab04c8affd0dd6302760dc5,Williams College,ACCEPT,UNKNOWN,,,,,,,,,,,False,REGEX,0.2,True
6ab04c8affd0dd6302760dc5,Colgate University,ACCEPT,UNKNOWN,,,,,,,,,,,False,REGEX,0.2,True
6ab04c8affd0dd6302760dc5,Georgia Institute of Technology,DEFER,UNKNOWN,,,,,,,,,,,False,REGEX,0.2,True
6ab04c8affd0dd6302760dc5,University of Florida,DEFER,UNKNOWN,,,,,,,,,,,False,REGEX,0.2,True
6ab04c8affd0dd6302760dc5,Florida State University,ACCEPT,UNKNOWN,,,,,,,,,,,False,REGEX,0.2,True
6ab04c8affd0dd6302760dc5,UCSB,ACCEPT,UNKNOWN,,,,,,,,,,,False,REGEX,0.2,True
6ab04c8affd0dd6302760dc5,College of the Holy Cross,WAITLIST,UNKNOWN,,,,,,,,,,,False,REGEX,0.2,True
6ab04c8affd0dd6302760dc5,Hamilton College,WAITLIST,UNKNOWN,,,,,,,,,,,False,REGEX,0.2,True
6ab04c8affd0dd6302760dc5,UC Berkeley,REJECT,UNKNOWN,,,,,,,,,,,False,REGEX,0.2,True
6ab04c8affd0dd6302760dc5,Northwestern University,WAITLIST,UNKNOWN,,,,,,,,,,,False,REGEX,0.2,True
6ab04c8affd0dd6302760dc5,Vanderbilt University,WAITLIST,UNKNOWN,,,,,,,,,,,False,REGEX,0.2,True
6ab04c8affd0dd6302760dc5,UCSD,WAITLIST,UNKNOWN,,,,,,,,,,,False,REGEX,0.2,True
6ab04c8affd0dd6302760dc5,WashU St. Louis,WAITLIST,UNKNOWN,,,,,,,,,,,False,REGEX,0.2,True
6ab04c8affd0dd6302760dc5,Colby College,WAITLIST,UNKNOWN,,,,,,,,,,,False,REGEX,0.2,True
6ab04c8affd0dd6302760dc5,UCLA,REJECT,UNKNOWN,,,,,,,,,,,False,REGEX,0.2,True
6ab04c8affd0dd6302760dc5,Colorado College,REJECT,UNKNOWN,,,,,,,,,,,False,REGEX,0.2,True
6ab04c8affd0dd6302760dc5,Georgetown University,REJECT,UNKNOWN,,,,,,,,,,,False,REGEX,0.2,True
6ab04c8affd0dd6302760dc5,UT-Austin,REJECT,UNKNOWN,,,,,,,,,,,False,REGEX,0.2,True
6ab04c8affd0dd6302760dc5,Stanford University,REJECT,UNKNOWN,,,,,,,,,,,False,REGEX,0.2,True
6ab04c8affd0dd6302760dc5,Emory University,REJECT,UNKNOWN,,,,,,,,,,,False,REGEX,0.2,True
64d9df679c494217dedd557f,Illinois institute of technology EA - applied math,ACCEPT,UNKNOWN,,,1440,,,,,,,,False,REGEX,0.4,True
64d9df679c494217dedd557f,math,REJECT,UNKNOWN,,,1440,,,,,,,,False,REGEX,0.4,True
64d9df679c494217dedd557f,Udub RD - applied math,ACCEPT,UNKNOWN,,,1440,,,,,,,,False,REGEX,0.4,True
64d9df679c494217dedd557f,UF - astrophysics,ACCEPT,UNKNOWN,,,1440,,,,,,,,False,REGEX,0.4,True
64d9df679c494217dedd557f,UVA - astrophysics,ACCEPT,UNKNOWN,,,1440,,,,,,,,False,REGEX,0.4,True
64d9df679c494217dedd557f,physics,ACCEPT,UNKNOWN,,,1440,,,,,,,,False,REGEX,0.4,True
64d9df679c494217dedd557f,Stanford - math,REJECT,UNKNOWN,,,1440,,,,,,,,False,REGEX,0.4,True
64d9df679c494217dedd557f,UPenn - meche,REJECT,UNKNOWN,,,1440,,,,,,,,False,REGEX,0.4,True
64d9df679c494217dedd557f,Georgia Tech - mechE,DEFER,UNKNOWN,,,1440,,,,,,,,False,REGEX,0.4,True
634710a0a48f3588baaaf44c,UMD,ACCEPT,UNKNOWN,,,1560,,16,,,,,,False,REGEX,0.4,True
634710a0a48f3588baaaf44c,Rutgers NB,ACCEPT,UNKNOWN,,,1560,,16,,,,,,False,REGEX,0.4,True
634710a0a48f3588baaaf44c,Drexel,ACCEPT,UNKNOWN,,,1560,,16,,,,,,False,REGEX,0.4,True
634710a0a48f3588baaaf44c,Penn State,ACCEPT,UNKNOWN,,,1560,,16,,,,,,False,REGEX,0.4,True
634710a0a48f3588baaaf44c,Stony Brook,ACCEPT,UNKNOWN,,,1560,,16,,,,,,False,REGEX,0.4,True
634710a0a48f3588baaaf44c,UIUC CS OOS,DEFER,UNKNOWN,,,1560,,16,,,,,,False,REGEX,0.4,True
634710a0a48f3588baaaf44c,GATECH CS OOS,DEFER,UNKNOWN,,,1560,,16,,,,,,False,REGEX,0.4,True
634710a0a48f3588baaaf44c,UMICH CS Engineering OOS,DEFER,UNKNOWN,,,1560,,16,,,,,,False,REGEX,0.4,True
634710a0a48f3588baaaf44c,CMU SCS ED,REJECT,UNKNOWN,,,1560,,16,,,,,,False,REGEX,0.4,True
634710a0a48f3588baaaf44c,MIT,REJECT,UNKNOWN,,,1560,,16,,,,,,False,REGEX,0.4,True
634710a0a48f3588baaaf44c,Cornell,WAITLIST,UNKNOWN,,,1560,,16,,,,,,False,REGEX,0.4,True
634710a0a48f3588baaaf44c,Columbia,WAITLIST,UNKNOWN,,,1560,,16,,,,,,False,REGEX,0.4,True
634710a0a48f3588baaaf44c,Harvard,REJECT,UNKNOWN,,,1560,,16,,,,,,False,REGEX,0.4,True
634710a0a48f3588baaaf44c,Yale,REJECT,UNKNOWN,,,1560,,16,,,,,,False,REGEX,0.4,True
634710a0a48f3588baaaf44c,Princeton,REJECT,UNKNOWN,,,1560,,16,,,,,,False,REGEX,0.4,True
634710a0a48f3588baaaf44c,UPenn,REJECT,UNKNOWN,,,1560,,16,,,,,,False,REGEX,0.4,True
634710a0a48f3588baaaf44c,Stanford CS,REJECT,UNKNOWN,,,1560,,16,,,,,,False,REGEX,0.4,True
634710a0a48f3588baaaf44c,UW-Madison,ACCEPT,UNKNOWN,,,1560,,16,,,,,,False,REGEX,0.4,True
02074912a48531eed776f308,Georgia Tech,DEFER,UNKNOWN,,,1470,34,8,,,,,,False,REGEX_PARTIAL,0.4,True
02074912a48531eed776f308,ichigan,DEFER,UNKNOWN,,,1470,34,8,,,,,,False,REGEX_PARTIAL,0.4,True
22728cb2c67b08572f9215c9,Decision,REJECT,UNKNOWN,,,1490,,8,,,,,,False,REGEX_PARTIAL,0.4,True
bfb3b9f3f77d3283a2b2bcf1,University of Minnesota,ACCEPT,UNKNOWN,,98.0,,,,,,,,,False,REGEX,0.4,True
bfb3b9f3f77d3283a2b2bcf1,,ACCEPT,UNKNOWN,,98.0,,,,,,,,,False,REGEX,0.4,True
bfb3b9f3f77d3283a2b2bcf1,Binghamton University,ACCEPT,UNKNOWN,,98.0,,,,,,,,,False,REGEX,0.4,True
bfb3b9f3f77d3283a2b2bcf1,Indiana University,ACCEPT,UNKNOWN,,98.0,,,,,,,,,False,REGEX,0.4,True
bfb3b9f3f77d3283a2b2bcf1,,ACCEPT,UNKNOWN,,98.0,,,,,,,,,False,REGEX,0.4,True
bfb3b9f3f77d3283a2b2bcf1,Baruch,ACCEPT,UNKNOWN,,98.0,,,,,,,,,False,REGEX,0.4,True
230d6ec64f0a6cf62fadf516,d aka soft,REJECT,UNKNOWN,,,,,,,,,,,False,REGEX_PARTIAL,0.2,True
53b8b79fc5b172c14d2dd78a,Results,ACCEPT,UNKNOWN,,,1550,,9,,,,,,False,REGEX_PARTIAL,0.4,True
d31774f3ba8b84fe63be9d17,University of San Francisco EA,ACCEPT,UNKNOWN,,,,,8,,,,,,False,REGEX_PARTIAL,0.2,True
da3653fea26e6fb5b53a22c6,Decisions,ACCEPT,UNKNOWN,,,1580,,54,,,,,,False,REGEX_PARTIAL,0.4,True
ddcc09ff9b24881a3959fe25,In-state wasn't considered for auto,ACCEPT,UNKNOWN,,,,,,,,,,,False,REGEX_PARTIAL,0.2,True
8e5a76a4dc4f95c76d546f89,UCF,ACCEPT,UNKNOWN,,,,,,,,,,,False,REGEX,0.2,True
8e5a76a4dc4f95c76d546f89,FSU,ACCEPT,UNKNOWN,,,,,,,,,,,False,REGEX,0.2,True
8e5a76a4dc4f95c76d546f89,UF,REJECT,UNKNOWN,,,,,,,,,,,False,REGEX,0.2,True
8e5a76a4dc4f95c76d546f89,Upitt,ACCEPT,UNKNOWN,,,,,,,,,,,False,REGEX,0.2,True
8e5a76a4dc4f95c76d546f89,UGA,ACCEPT,UNKNOWN,,,,,,,,,,,False,REGEX,0.2,True
8e5a76a4dc4f95c76d546f89,Notre Dame,REJECT,UNKNOWN,,,,,,,,,,,False,REGEX,0.2,True
8e5a76a4dc4f95c76d546f89,Boston university,ACCEPT,UNKNOWN,,,,,,,,,,,False,REGEX,0.2,True
8e5a76a4dc4f95c76d546f89,NYU,WAITLIST,UNKNOWN,,,,,,,,,,,False,REGEX,0.2,True
8e5a76a4dc4f95c76d546f89,UPenn,REJECT,UNKNOWN,,,,,,,,,,,False,REGEX,0.2,True
8e5a76a4dc4f95c76d546f89,Cornell,WAITLIST,UNKNOWN,,,,,,,,,,,False,REGEX,0.2,True
8e5a76a4dc4f95c76d546f89,UMich,WAITLIST,UNKNOWN,,,,,,,,,,,False,REGEX,0.2,True
bf217df0d6f419469796d183,jmu,ACCEPT,UNKNOWN,,,,,13,,,,,,False,REGEX,0.2,True
bf217df0d6f419469796d183,umass lowell,ACCEPT,UNKNOWN,,,,,13,,,,,,False,REGEX,0.2,True
bf217df0d6f419469796d183,fordham,ACCEPT,UNKNOWN,,,,,13,,,,,,False,REGEX,0.2,True
1d37448a0af6b1e804381e32,Schools,ACCEPT,UNKNOWN,,,,,7,,,,,,False,REGEX_PARTIAL,0.2,True
fb2eb1e3f7e8e79aca58a02a,jmu,ACCEPT,UNKNOWN,,,,,13,,,,,,False,REGEX,0.2,True
fb2eb1e3f7e8e79aca58a02a,umass lowell,ACCEPT,UNKNOWN,,,,,13,,,,,,False,REGEX,0.2,True
fb2eb1e3f7e8e79aca58a02a,fordham,ACCEPT,UNKNOWN,,,,,13,,,,,,False,REGEX,0.2,True
a79c11b501d7f5105b7a6a55,University of Arizona,ACCEPT,UNKNOWN,,,1590,,11,,,,,,False,REGEX,0.4,True
a79c11b501d7f5105b7a6a55,Queen Mary University of London,ACCEPT,UNKNOWN,,,1590,,11,,,,,,False,REGEX,0.4,True
a79c11b501d7f5105b7a6a55,University of Edinburgh,ACCEPT,UNKNOWN,,,1590,,11,,,,,,False,REGEX,0.4,True
a79c11b501d7f5105b7a6a55,OSU,ACCEPT,UNKNOWN,,,1590,,11,,,,,,False,REGEX,0.4,True
a79c11b501d7f5105b7a6a55,King's College London,ACCEPT,UNKNOWN,,,1590,,11,,,,,,False,REGEX,0.4,True
a79c11b501d7f5105b7a6a55,UMass Amherst,ACCEPT,UNKNOWN,,,1590,,11,,,,,,False,REGEX,0.4,True
a79c11b501d7f5105b7a6a55,,ACCEPT,UNKNOWN,,,1590,,11,,,,,,False,REGEX,0.4,True
a79c11b501d7f5105b7a6a55,Cambridge,REJECT,UNKNOWN,,,1590,,11,,,,,,False,REGEX,0.4,True
a79c11b501d7f5105b7a6a55,UIUC,ACCEPT,UNKNOWN,,,1590,,11,,,,,,False,REGEX,0.4,True
a79c11b501d7f5105b7a6a55,UMD,ACCEPT,UNKNOWN,,,1590,,11,,,,,,False,REGEX,0.4,True
a79c11b501d7f5105b7a6a55,Northeastern,ACCEPT,UNKNOWN,,,1590,,11,,,,,,False,REGEX,0.4,True
a79c11b501d7f5105b7a6a55,UWash,WAITLIST,UNKNOWN,,,1590,,11,,,,,,False,REGEX,0.4,True
a79c11b501d7f5105b7a6a55,UCSD,ACCEPT,UNKNOWN,,,1590,,11,,,,,,False,REGEX,0.4,True
a79c11b501d7f5105b7a6a55,UCLA,REJECT,UNKNOWN,,,1590,,11,,,,,,False,REGEX,0.4,True
a79c11b501d7f5105b7a6a55,UC Berkeley,WAITLIST,UNKNOWN,,,1590,,11,,,,,,False,REGEX,0.4,True
a79c11b501d7f5105b7a6a55,Harvard,REJECT,UNKNOWN,,,1590,,11,,,,,,False,REGEX,0.4,True
a79c11b501d7f5105b7a6a55,Princeton,REJECT,UNKNOWN,,,1590,,11,,,,,,False,REGEX,0.4,True
a79c11b501d7f5105b7a6a55,Dartmouth,REJECT,UNKNOWN,,,1590,,11,,,,,,False,REGEX,0.4,True
a79c11b501d7f5105b7a6a55,Yale,REJECT,UNKNOWN,,,1590,,11,,,,,,False,REGEX,0.4,True
a79c11b501d7f5105b7a6a55,Brown,REJECT,UNKNOWN,,,1590,,11,,,,,,False,REGEX,0.4,True
a79c11b501d7f5105b7a6a55,UPenn,REJECT,UNKNOWN,,,1590,,11,,,,,,False,REGEX,0.4,True
a79c11b501d7f5105b7a6a55,Stanford,REJECT,UNKNOWN,,,1590,,11,,,,,,False,REGEX,0.4,True
a79c11b501d7f5105b7a6a55,Wellesley,WAITLIST,UNKNOWN,,,1590,,11,,,,,,False,REGEX,0.4,True
a79c11b501d7f5105b7a6a55,Williams,REJECT,UNKNOWN,,,1590,,11,,,,,,False,REGEX,0.4,True
a79c11b501d7f5105b7a6a55,Tufts,REJECT,UNKNOWN,,,1590,,11,,,,,,False,REGEX,0.4,True
a79c11b501d7f5105b7a6a55,UMich,REJECT,UNKNOWN,,,1590,,11,,,,,,False,REGEX,0.4,True
a79c11b501d7f5105b7a6a55,Cornell,ACCEPT,UNKNOWN,,,1590,,11,,,,,,False,REGEX,0.4,True
86701f4ada2d35b7242955a3,DECISIONS,ACCEPT,UNKNOWN,,,,,12,,,,,,False,REGEX_PARTIAL,0.2,True
a8c0637ca01da8759e9c3aa6,RPI,ACCEPT,UNKNOWN,,,,,9,,,,,,False,REGEX,0.2,True
a8c0637ca01da8759e9c3aa6,STONY,ACCEPT,UNKNOWN,,,,,9,,,,,,False,REGEX,0.2,True
a8c0637ca01da8759e9c3aa6,Purdue,ACCEPT,UNKNOWN,,,,,9,,,,,,False,REGEX,0.2,True
a8c0637ca01da8759e9c3aa6,Macluay,ACCEPT,UNKNOWN,,,,,9,,,,,,False,REGEX,0.2,True
a8c0637ca01da8759e9c3aa6,Olin,ACCEPT,UNKNOWN,,,,,9,,,,,,False,REGEX,0.2,True
a8c0637ca01da8759e9c3aa6,NEU,WAITLIST,UNKNOWN,,,,,9,,,,,,False,REGEX,0.2,True
a8c0637ca01da8759e9c3aa6,CMU,WAITLIST,UNKNOWN,,,,,9,,,,,,False,REGEX,0.2,True
a8c0637ca01da8759e9c3aa6,UMICH,WAITLIST,UNKNOWN,,,,,9,,,,,,False,REGEX,0.2,True
a8c0637ca01da8759e9c3aa6,Binghamton,WAITLIST,UNKNOWN,,,,,9,,,,,,False,REGEX,0.2,True
a8c0637ca01da8759e9c3aa6,UIUC,REJECT,UNKNOWN,,,,,9,,,,,,False,REGEX,0.2,True
a8c0637ca01da8759e9c3aa6,JHU,REJECT,UNKNOWN,,,,,9,,,,,,False,REGEX,0.2,True
a8c0637ca01da8759e9c3aa6,UCLA,REJECT,UNKNOWN,,,,,9,,,,,,False,REGEX,0.2,True
a8c0637ca01da8759e9c3aa6,NYU,REJECT,UNKNOWN,,,,,9,,,,,,False,REGEX,0.2,True
a8c0637ca01da8759e9c3aa6,VANDY,REJECT,UNKNOWN,,,,,9,,,,,,False,REGEX,0.2,True
a8c0637ca01da8759e9c3aa6,USC,REJECT,UNKNOWN,,,,,9,,,,,,False,REGEX,0.2,True
a8c0637ca01da8759e9c3aa6,RICE,REJECT,UNKNOWN,,,,,9,,,,,,False,REGEX,0.2,True
a8c0637ca01da8759e9c3aa6,UCB,REJECT,UNKNOWN,,,,,9,,,,,,False,REGEX,0.2,True
a8c0637ca01da8759e9c3aa6,COLUMBIA,REJECT,UNKNOWN,,,,,9,,,,,,False,REGEX,0.2,True
a8c0637ca01da8759e9c3aa6,CORNELL,REJECT,UNKNOWN,,,,,9,,,,,,False,REGEX,0.2,True
a8c0637ca01da8759e9c3aa6,UPENN,REJECT,UNKNOWN,,,,,9,,,,,,False,REGEX,0.2,True
a8c0637ca01da8759e9c3aa6,UMD,REJECT,UNKNOWN,,,,,9,,,,,,False,REGEX,0.2,True
a8c0637ca01da8759e9c3aa6,STANFORD,REJECT,UNKNOWN,,,,,9,,,,,,False,REGEX,0.2,True
1d5d6aafc778d4587e5b769f,Decisions,ACCEPT,UNKNOWN,,,,,8,,,,,,False,REGEX_PARTIAL,0.2,True
63240a36d31fc3bf6170a7a5,Decisions,ACCEPT,UNKNOWN,,,,,8,,,,,,False,REGEX_PARTIAL,0.2,True
001c6d5475f0c31017e69d8b,Results,ACCEPT,UNKNOWN,,,,,12,,,,,,False,REGEX_PARTIAL,0.2,True
3d3b11d88b0b41adf14ba4e3,,DEFER,UNKNOWN,,,,34,14,,,,,,False,REGEX_PARTIAL,0.4,True
7f3b8b7693c2ef307828b6f6,umich,WAITLIST,UNKNOWN,,,,,16,,,,,,False,REGEX,0.2,True
7f3b8b7693c2ef307828b6f6,nyu stern,WAITLIST,UNKNOWN,,,,,16,,,,,,False,REGEX,0.2,True
7f3b8b7693c2ef307828b6f6,vanderbilt,WAITLIST,UNKNOWN,,,,,16,,,,,,False,REGEX,0.2,True
7f3b8b7693c2ef307828b6f6,emory,WAITLIST,UNKNOWN,,,,,16,,,,,,False,REGEX,0.2,True
7f3b8b7693c2ef307828b6f6,usc,REJECT,UNKNOWN,,,,,16,,,,,,False,REGEX,0.2,True
7f3b8b7693c2ef307828b6f6,georgetown,REJECT,UNKNOWN,,,,,16,,,,,,False,REGEX,0.2,True
7f3b8b7693c2ef307828b6f6,cornell,REJECT,UNKNOWN,,,,,16,,,,,,False,REGEX,0.2,True
7f3b8b7693c2ef307828b6f6,dartmouth,REJECT,UNKNOWN,,,,,16,,,,,,False,REGEX,0.2,True
7f3b8b7693c2ef307828b6f6,nyu,REJECT,UNKNOWN,,,,,16,,,,,,False,REGEX,0.2,True
7f3b8b7693c2ef307828b6f6,upenn,REJECT,UNKNOWN,,,,,16,,,,,,False,REGEX,0.2,True
7f3b8b7693c2ef307828b6f6,unc chapel hill,REJECT,UNKNOWN,,,,,16,,,,,,False,REGEX,0.2,True
7f3b8b7693c2ef307828b6f6,ut austin,REJECT,UNKNOWN,,,,,16,,,,,,False,REGEX,0.2,True
7f3b8b7693c2ef307828b6f6,penn state,ACCEPT,UNKNOWN,,,,,16,,,,,,False,REGEX,0.2,True
7f3b8b7693c2ef307828b6f6,villanova,ACCEPT,UNKNOWN,,,,,16,,,,,,False,REGEX,0.2,True
47e8bcad4f84672d17a6d0fb,Binghamton EA,ACCEPT,UNKNOWN,,,,,3,,,,,,False,REGEX_PARTIAL,0.2,True
47e8bcad4f84672d17a6d0fb,Michigan State University RD,ACCEPT,UNKNOWN,,,,,3,,,,,,False,REGEX_PARTIAL,0.2,True
2dca6a555846e78007776fe4,Reach,REJECT,UNKNOWN,,,,,8,,,,,,False,REGEX_PARTIAL,0.2,True
be331c904eba0393210d8362,UCLA,WAITLIST,UNKNOWN,,,,,,,,,,,False,REGEX_PARTIAL,0.2,True
752becd398173de8fa193e8d,Harvard,REJECT,UNKNOWN,,,1510,,,,,,,,False,REGEX,0.4,True
752becd398173de8fa193e8d,Yale,REJECT,UNKNOWN,,,1510,,,,,,,,False,REGEX,0.4,True
752becd398173de8fa193e8d,Dartmouth,REJECT,UNKNOWN,,,1510,,,,,,,,False,REGEX,0.4,True
752becd398173de8fa193e8d,Brown,REJECT,UNKNOWN,,,1510,,,,,,,,False,REGEX,0.4,True
752becd398173de8fa193e8d,UPenn,REJECT,UNKNOWN,,,1510,,,,,,,,False,REGEX,0.4,True
752becd398173de8fa193e8d,Columbia,REJECT,UNKNOWN,,,1510,,,,,,,,False,REGEX,0.4,True
752becd398173de8fa193e8d,Vanderbilt,REJECT,UNKNOWN,,,1510,,,,,,,,False,REGEX,0.4,True
752becd398173de8fa193e8d,Northwestern,REJECT,UNKNOWN,,,1510,,,,,,,,False,REGEX,0.4,True
752becd398173de8fa193e8d,JHU,REJECT,UNKNOWN,,,1510,,,,,,,,False,REGEX,0.4,True
752becd398173de8fa193e8d,Cornell,REJECT,UNKNOWN,,,1510,,,,,,,,False,REGEX,0.4,True
752becd398173de8fa193e8d,Emory,REJECT,UNKNOWN,,,1510,,,,,,,,False,REGEX,0.4,True
752becd398173de8fa193e8d,WashU,REJECT,UNKNOWN,,,1510,,,,,,,,False,REGEX,0.4,True
76cedffcea6bd2759b80fbb0,RESULTS,ACCEPT,UNKNOWN,,,,,,,,,,,False,REGEX_PARTIAL,0.2,True
0530862a29e2fa5a2f775eaa,UC Riverside,ACCEPT,UNKNOWN,,,,,12,,,,,,False,REGEX,0.2,True
0530862a29e2fa5a2f775eaa,UC Santa Cruz,ACCEPT,UNKNOWN,,,,,12,,,,,,False,REGEX,0.2,True
0530862a29e2fa5a2f775eaa,UC Davis,WAITLIST,UNKNOWN,,,,,12,,,,,,False,REGEX,0.2,True
0530862a29e2fa5a2f775eaa,UC Irvine,REJECT,UNKNOWN,,,,,12,,,,,,False,REGEX,0.2,True
0530862a29e2fa5a2f775eaa,UC sb,REJECT,UNKNOWN,,,,,12,,,,,,False,REGEX,0.2,True
0530862a29e2fa5a2f775eaa,UC sd,REJECT,UNKNOWN,,,,,12,,,,,,False,REGEX,0.2,True
0530862a29e2fa5a2f775eaa,UC la,REJECT,UNKNOWN,,,,,12,,,,,,False,REGEX,0.2,True
0530862a29e2fa5a2f775eaa,UC Berkeley,REJECT,UNKNOWN,,,,,12,,,,,,False,REGEX,0.2,True
0530862a29e2fa5a2f775eaa,CSLB,ACCEPT,UNKNOWN,,,,,12,,,,,,False,REGEX,0.2,True
0530862a29e2fa5a2f775eaa,SJSU,WAITLIST,UNKNOWN,,,,,12,,,,,,False,REGEX,0.2,True
0530862a29e2fa5a2f775eaa,SDSU,REJECT,UNKNOWN,,,,,12,,,,,,False,REGEX,0.2,True
0530862a29e2fa5a2f775eaa,Cal Poly Slo,REJECT,UNKNOWN,,,,,12,,,,,,False,REGEX,0.2,True
0530862a29e2fa5a2f775eaa,UIUC,REJECT,UNKNOWN,,,,,12,,,,,,False,REGEX,0.2,True
0530862a29e2fa5a2f775eaa,Virginia Tech,WAITLIST,UNKNOWN,,,,,12,,,,,,False,REGEX,0.2,True
0530862a29e2fa5a2f775eaa,Northwestern,REJECT,UNKNOWN,,,,,12,,,,,,False,REGEX,0.2,True
0530862a29e2fa5a2f775eaa,Northeastern,WAITLIST,UNKNOWN,,,,,12,,,,,,False,REGEX,0.2,True
0530862a29e2fa5a2f775eaa,USC,REJECT,UNKNOWN,,,,,12,,,,,,False,REGEX,0.2,True
0530862a29e2fa5a2f775eaa,NYU,REJECT,UNKNOWN,,,,,12,,,,,,False,REGEX,0.2,True
0530862a29e2fa5a2f775eaa,BU,REJECT,UNKNOWN,,,,,12,,,,,,False,REGEX,0.2,True
0530862a29e2fa5a2f775eaa,UVA,REJECT,UNKNOWN,,,,,12,,,,,,False,REGEX,0.2,True
0530862a29e2fa5a2f775eaa,UW,REJECT,UNKNOWN,,,,,12,,,,,,False,REGEX,0.2,True
0530862a29e2fa5a2f775eaa,Vandi,REJECT,UNKNOWN,,,,,12,,,,,,False,REGEX,0.2,True
0530862a29e2fa5a2f775eaa,Wash U,REJECT,UNKNOWN,,,,,12,,,,,,False,REGEX,0.2,True
d4d82f7c419576057f00f5eb,Schools,ACCEPT,UNKNOWN,4.85,,1500,,,,,,,,False,REGEX_PARTIAL,0.6,False
8968c87b16e4407bfaf46da5,renewable scholarship,ACCEPT,UNKNOWN,,,,,,,,,,,False,REGEX_PARTIAL,0.2,True
97929a466f769ac4b78fef45,Marist College EA,ACCEPT,UNKNOWN,,,1130,,11,,,,,,False,REGEX_PARTIAL,0.4,True
97929a466f769ac4b78fef45,Indiana EA,ACCEPT,UNKNOWN,,,1130,,11,,,,,,False,REGEX_PARTIAL,0.4,True
a397c3f08328d08552775d63,Direct,ACCEPT,UNKNOWN,,,,,3,,,,,,False,REGEX_PARTIAL,0.2,True
e0de762f80114177ee8e47cf,ucsb,WAITLIST,UNKNOWN,3.73,4.38,,,10,,,,,,False,REGEX,0.4,True
e0de762f80114177ee8e47cf,ucr,ACCEPT,UNKNOWN,3.73,4.38,,,10,,,,,,False,REGEX,0.4,True
e0de762f80114177ee8e47cf,ucsc,ACCEPT,UNKNOWN,3.73,4.38,,,10,,,,,,False,REGEX,0.4,True
e0de762f80114177ee8e47cf,northeastern,ACCEPT,UNKNOWN,3.73,4.38,,,10,,,,,,False,REGEX,0.4,True
e0de762f80114177ee8e47cf,cal poly slo,ACCEPT,UNKNOWN,3.73,4.38,,,10,,,,,,False,REGEX,0.4,True
e0de762f80114177ee8e47cf,sdsu,WAITLIST,UNKNOWN,3.73,4.38,,,10,,,,,,False,REGEX,0.4,True
e0de762f80114177ee8e47cf,santa clara,WAITLIST,UNKNOWN,3.73,4.38,,,10,,,,,,False,REGEX,0.4,True
e0de762f80114177ee8e47cf,sjsu,ACCEPT,UNKNOWN,3.73,4.38,,,10,,,,,,False,REGEX,0.4,True
e0de762f80114177ee8e47cf,usc,REJECT,UNKNOWN,3.73,4.38,,,10,,,,,,False,REGEX,0.4,True
e0de762f80114177ee8e47cf,stanford,REJECT,UNKNOWN,3.73,4.38,,,10,,,,,,False,REGEX,0.4,True
e0de762f80114177ee8e47cf,udub,WAITLIST,UNKNOWN,3.73,4.38,,,10,,,,,,False,REGEX,0.4,True
e0de762f80114177ee8e47cf,purdue,ACCEPT,UNKNOWN,3.73,4.38,,,10,,,,,,False,REGEX,0.4,True
e0de762f80114177ee8e47cf,indiana,ACCEPT,UNKNOWN,3.73,4.38,,,10,,,,,,False,REGEX,0.4,True
3da1469f5be76ddc18408c05,USC - EA,DEFER,UNKNOWN,,,1560,35,8,,,,,,False,REGEX_PARTIAL,0.4,True
6991e2f0305adb29bf04cc49,,ACCEPT,UNKNOWN,,,1540,,10,,,,,,False,REGEX_PARTIAL,0.4,True
6991e2f0305adb29bf04cc49,,ACCEPT,UNKNOWN,,,1540,,10,,,,,,False,REGEX_PARTIAL,0.4,True
39562a2bac252c2fe1a179ef,UPitt,ACCEPT,UNKNOWN,,,,,,,,,,,False,REGEX,0.2,True
39562a2bac252c2fe1a179ef,UPortland,ACCEPT,UNKNOWN,,,,,,,,,,,False,REGEX,0.2,True
39562a2bac252c2fe1a179ef,,ACCEPT,UNKNOWN,,,,,,,,,,,False,REGEX,0.2,True
39562a2bac252c2fe1a179ef,Brandeis,ACCEPT,UNKNOWN,,,,,,,,,,,False,REGEX,0.2,True
39562a2bac252c2fe1a179ef,Occidental College,ACCEPT,UNKNOWN,,,,,,,,,,,False,REGEX,0.2,True
d76d718ac48fe67daec95365,UPitt,ACCEPT,UNKNOWN,,,,,,,,,,,False,REGEX,0.2,True
d76d718ac48fe67daec95365,UPortland,ACCEPT,UNKNOWN,,,,,,,,,,,False,REGEX,0.2,True
d76d718ac48fe67daec95365,,ACCEPT,UNKNOWN,,,,,,,,,,,False,REGEX,0.2,True
d76d718ac48fe67daec95365,Brandeis,ACCEPT,UNKNOWN,,,,,,,,,,,False,REGEX,0.2,True
d76d718ac48fe67daec95365,Occidental College,ACCEPT,UNKNOWN,,,,,,,,,,,False,REGEX,0.2,True
ed293e731267d5eecd8dd4c3,anyways results,ACCEPT,UNKNOWN,,,,,11,,,,,,False,REGEX_PARTIAL,0.2,True
b25acc06a80a5553f1ceec56,Iowa state,ACCEPT,UNKNOWN,,,,34,11,,,,,,False,REGEX,0.4,True
b25acc06a80a5553f1ceec56,University of Minnesota,ACCEPT,UNKNOWN,,,,34,11,,,,,,False,REGEX,0.4,True
b25acc06a80a5553f1ceec56,Michigan State,ACCEPT,UNKNOWN,,,,34,11,,,,,,False,REGEX,0.4,True
b25acc06a80a5553f1ceec56,University of Wisconsin-Madison,ACCEPT,UNKNOWN,,,,34,11,,,,,,False,REGEX,0.4,True
b25acc06a80a5553f1ceec56,Rose-Hulman,ACCEPT,UNKNOWN,,,,34,11,,,,,,False,REGEX,0.4,True
b25acc06a80a5553f1ceec56,Northeastern,DEFER,UNKNOWN,,,,34,11,,,,,,False,REGEX,0.4,True
b25acc06a80a5553f1ceec56,MIT,DEFER,UNKNOWN,,,,34,11,,,,,,False,REGEX,0.4,True
b25acc06a80a5553f1ceec56,Rice,ACCEPT,UNKNOWN,,,,34,11,,,,,,False,REGEX,0.4,True
01858e177de16d6014bd88ab,FIU,ACCEPT,UNKNOWN,,,,32,15,,,,,,False,REGEX,0.4,True
01858e177de16d6014bd88ab,UCF,DEFER,UNKNOWN,,,,32,15,,,,,,False,REGEX,0.4,True
01858e177de16d6014bd88ab,UF,DEFER,UNKNOWN,,,,32,15,,,,,,False,REGEX,0.4,True
cf2f53a2b6bdeea82e4c02ff,Texas A&M,ACCEPT,UNKNOWN,,,1570,,4,,,,,,False,REGEX,0.4,True
cf2f53a2b6bdeea82e4c02ff,Scripps College,REJECT,UNKNOWN,,,1570,,4,,,,,,False,REGEX,0.4,True
cf2f53a2b6bdeea82e4c02ff,Emory University,REJECT,UNKNOWN,,,1570,,4,,,,,,False,REGEX,0.4,True
cf2f53a2b6bdeea82e4c02ff,Rice University,REJECT,UNKNOWN,,,1570,,4,,,,,,False,REGEX,0.4,True
cf2f53a2b6bdeea82e4c02ff,Carleton College,ACCEPT,UNKNOWN,,,1570,,4,,,,,,False,REGEX,0.4,True
cf2f53a2b6bdeea82e4c02ff,Mount Holyoke,REJECT,UNKNOWN,,,1570,,4,,,,,,False,REGEX,0.4,True
cf2f53a2b6bdeea82e4c02ff,Reed College,REJECT,UNKNOWN,,,1570,,4,,,,,,False,REGEX,0.4,True
cf2f53a2b6bdeea82e4c02ff,Smith College,REJECT,UNKNOWN,,,1570,,4,,,,,,False,REGEX,0.4,True
cf2f53a2b6bdeea82e4c02ff,Trinity University,REJECT,UNKNOWN,,,1570,,4,,,,,,False,REGEX,0.4,True
cf2f53a2b6bdeea82e4c02ff,UT Austin,REJECT,UNKNOWN,,,1570,,4,,,,,,False,REGEX,0.4,True
364293c96780aa1227e6ef25,Fordham,ACCEPT,UNKNOWN,,,,,,,,,,,False,REGEX,0.2,True
364293c96780aa1227e6ef25,Rutgers,ACCEPT,UNKNOWN,,,,,,,,,,,False,REGEX,0.2,True
364293c96780aa1227e6ef25,Northeastern,ACCEPT,UNKNOWN,,,,,,,,,,,False,REGEX,0.2,True
364293c96780aa1227e6ef25,Hamilton,REJECT,UNKNOWN,,,,,,,,,,,False,REGEX,0.2,True
364293c96780aa1227e6ef25,BostonU,REJECT,UNKNOWN,,,,,,,,,,,False,REGEX,0.2,True
364293c96780aa1227e6ef25,Reed,ACCEPT,UNKNOWN,,,,,,,,,,,False,REGEX,0.2,True
62cdc732136b24968dfb52ab,UMich,ACCEPT,UNKNOWN,,,,,,,,,,,False,REGEX,0.2,True
62cdc732136b24968dfb52ab,MIT,DEFER,UNKNOWN,,,,,,,,,,,False,REGEX,0.2,True
62cdc732136b24968dfb52ab,UT Austin,REJECT,UNKNOWN,,,,,,,,,,,False,REGEX,0.2,True
62cdc732136b24968dfb52ab,Purdue,DEFER,UNKNOWN,,,,,,,,,,,False,REGEX,0.2,True
62cdc732136b24968dfb52ab,UW Seattle,ACCEPT,UNKNOWN,,,,,,,,,,,False,REGEX,0.2,True
62cdc732136b24968dfb52ab,Georgia Tech,REJECT,UNKNOWN,,,,,,,,,,,False,REGEX,0.2,True
62cdc732136b24968dfb52ab,Ohio State,ACCEPT,UNKNOWN,,,,,,,,,,,False,REGEX,0.2,True
62cdc732136b24968dfb52ab,UK,ACCEPT,UNKNOWN,,,,,,,,,,,False,REGEX,0.2,True
62cdc732136b24968dfb52ab,,ACCEPT,UNKNOWN,,,,,,,,,,,False,REGEX,0.2,True
62cdc732136b24968dfb52ab,Penn State,ACCEPT,UNKNOWN,,,,,,,,,,,False,REGEX,0.2,True
3f820718c8951523aab9bb34,Decisions,ACCEPT,UNKNOWN,,,,,,,,,,,False,REGEX_PARTIAL,0.2,True
372fa6576109ac562d100f37,,REJECT,UNKNOWN,,,1560,,10,,,,,,False,REGEX,0.4,True
372fa6576109ac562d100f37,,REJECT,UNKNOWN,,,1560,,10,,,,,,False,REGEX,0.4,True
372fa6576109ac562d100f37,,REJECT,UNKNOWN,,,1560,,10,,,,,,False,REGEX,0.4,True
372fa6576109ac562d100f37,,REJECT,UNKNOWN,,,1560,,10,,,,,,False,REGEX,0.4,True
372fa6576109ac562d100f37,,ACCEPT,UNKNOWN,,,1560,,10,,,,,,False,REGEX,0.4,True
372fa6576109ac562d100f37,,WAITLIST,UNKNOWN,,,1560,,10,,,,,,False,REGEX,0.4,True
372fa6576109ac562d100f37,,REJECT,UNKNOWN,,,1560,,10,,,,,,False,REGEX,0.4,True
372fa6576109ac562d100f37,,REJECT,UNKNOWN,,,1560,,10,,,,,,False,REGEX,0.4,True
372fa6576109ac562d100f37,,REJECT,UNKNOWN,,,1560,,10,,,,,,False,REGEX,0.4,True
f913350fd232e07c068773a3,Princeton,REJECT,UNKNOWN,,,,,14,,,,,,False,REGEX,0.2,True
f913350fd232e07c068773a3,Johns Hopkins,WAITLIST,UNKNOWN,,,,,14,,,,,,False,REGEX,0.2,True
f913350fd232e07c068773a3,Purdue,ACCEPT,UNKNOWN,,,,,14,,,,,,False,REGEX,0.2,True
f913350fd232e07c068773a3,,WAITLIST,UNKNOWN,,,,,14,,,,,,False,REGEX,0.2,True
f913350fd232e07c068773a3,UCLA,WAITLIST,UNKNOWN,,,,,14,,,,,,False,REGEX,0.2,True
f913350fd232e07c068773a3,Carnegie Mellon,WAITLIST,UNKNOWN,,,,,14,,,,,,False,REGEX,0.2,True
f913350fd232e07c068773a3,UC San Diego,WAITLIST,UNKNOWN,,,,,14,,,,,,False,REGEX,0.2,True
f913350fd232e07c068773a3,MIT,REJECT,UNKNOWN,,,,,14,,,,,,False,REGEX,0.2,True
f913350fd232e07c068773a3,UC Irvine,ACCEPT,UNKNOWN,,,,,14,,,,,,False,REGEX,0.2,True
f913350fd232e07c068773a3,Georgia Tech,REJECT,UNKNOWN,,,,,14,,,,,,False,REGEX,0.2,True
f913350fd232e07c068773a3,UMich,DEFER,UNKNOWN,,,,,14,,,,,,False,REGEX,0.2,True
f913350fd232e07c068773a3,UW-Madison,ACCEPT,UNKNOWN,,,,,14,,,,,,False,REGEX,0.2,True
f913350fd232e07c068773a3,UT Austin,REJECT,UNKNOWN,,,,,14,,,,,,False,REGEX,0.2,True
a719f74744357d85531e6498,auto,ACCEPT,UNKNOWN,,,1380,,12,,,,,,False,REGEX_PARTIAL,0.4,True
b559c3bbf88ffeace06d8a88,Schools,ACCEPT,UNKNOWN,4.85,,1500,,,,,,,,False,REGEX_PARTIAL,0.6,False
57ab20aa5ea960e5f2bffae8,Schools,ACCEPT,UNKNOWN,,,,,10,,,,,,False,REGEX_PARTIAL,0.2,True
4cb80e4d4f1bdc31b142b0b0,- Johns Hopkins,REJECT,UNKNOWN,,,,,,,,,,,False,REGEX,0.2,True
4cb80e4d4f1bdc31b142b0b0,- NEU,DEFER,UNKNOWN,,,,,,,,,,,False,REGEX,0.2,True
4cb80e4d4f1bdc31b142b0b0,- Ucm,ACCEPT,UNKNOWN,,,,,,,,,,,False,REGEX,0.2,True
4cb80e4d4f1bdc31b142b0b0,- Ucr,ACCEPT,UNKNOWN,,,,,,,,,,,False,REGEX,0.2,True
4cb80e4d4f1bdc31b142b0b0,- Ucd,ACCEPT,UNKNOWN,,,,,,,,,,,False,REGEX,0.2,True
4cb80e4d4f1bdc31b142b0b0,- Ucsd,ACCEPT,UNKNOWN,,,,,,,,,,,False,REGEX,0.2,True
4cb80e4d4f1bdc31b142b0b0,- Uci,ACCEPT,UNKNOWN,,,,,,,,,,,False,REGEX,0.2,True
4cb80e4d4f1bdc31b142b0b0,- WashU,ACCEPT,UNKNOWN,,,,,,,,,,,False,REGEX,0.2,True
4cb80e4d4f1bdc31b142b0b0,- Case western,ACCEPT,UNKNOWN,,,,,,,,,,,False,REGEX,0.2,True
4cb80e4d4f1bdc31b142b0b0,- UWash,ACCEPT,UNKNOWN,,,,,,,,,,,False,REGEX,0.2,True
d52ce5124afadf2e517e0293,UMass Amherst,ACCEPT,UNKNOWN,,,,,7,,,,,,False,REGEX,0.2,True
d52ce5124afadf2e517e0293,Clark University,ACCEPT,UNKNOWN,,,,,7,,,,,,False,REGEX,0.2,True
d52ce5124afadf2e517e0293,MIT,REJECT,UNKNOWN,,,,,7,,,,,,False,REGEX,0.2,True
d52ce5124afadf2e517e0293,UMB,ACCEPT,UNKNOWN,,,,,7,,,,,,False,REGEX,0.2,True
d52ce5124afadf2e517e0293,Northeastern,DEFER,UNKNOWN,,,,,7,,,,,,False,REGEX,0.2,True
63843821f3fabac058c09281,Schools,ACCEPT,UNKNOWN,,,,,13,,,,,,False,REGEX_PARTIAL,0.2,True
81e077d7384ec9d900687fc3,University of Puget Sound EA,ACCEPT,UNKNOWN,,,,,8,,,,,,False,REGEX,0.2,True
81e077d7384ec9d900687fc3,Allegheny College EA,ACCEPT,UNKNOWN,,,,,8,,,,,,False,REGEX,0.2,True
81e077d7384ec9d900687fc3,St. Catherine's University EA,ACCEPT,UNKNOWN,,,,,8,,,,,,False,REGEX,0.2,True
81e077d7384ec9d900687fc3,SUNY Geneseo EA,ACCEPT,UNKNOWN,,,,,8,,,,,,False,REGEX,0.2,True
81e077d7384ec9d900687fc3,Labor Relations ED,ACCEPT,UNKNOWN,,,,,8,,,,,,False,REGEX,0.2,True
ff6aa2a9b6a6571f3f85f145,Oberlin,REJECT,UNKNOWN,,,,,,,,,,,False,REGEX,0.2,True
ff6aa2a9b6a6571f3f85f145,Haverford,REJECT,UNKNOWN,,,,,,,,,,,False,REGEX,0.2,True
ff6aa2a9b6a6571f3f85f145,Skidmore,REJECT,UNKNOWN,,,,,,,,,,,False,REGEX,0.2,True
ff6aa2a9b6a6571f3f85f145,Rochester,REJECT,UNKNOWN,,,,,,,,,,,False,REGEX,0.2,True
ff6aa2a9b6a6571f3f85f145,Fordham,REJECT,UNKNOWN,,,,,,,,,,,False,REGEX,0.2,True
e38d51b3ba5e313354850d8a,Ole miss,ACCEPT,UNKNOWN,,,,14,14,,,,,,False,REGEX,0.4,True
e38d51b3ba5e313354850d8a,Ucf,ACCEPT,UNKNOWN,,,,14,14,,,,,,False,REGEX,0.4,True
e38d51b3ba5e313354850d8a,FSU,ACCEPT,UNKNOWN,,,,14,14,,,,,,False,REGEX,0.4,True
e38d51b3ba5e313354850d8a,UF,REJECT,UNKNOWN,,,,14,14,,,,,,False,REGEX,0.4,True
fbf32609f2b818d5bd903ca5,RD,WAITLIST,UNKNOWN,,,,,10,,,,,,False,REGEX_PARTIAL,0.2,True
bf51061c3e3501aba710c8a3,USC,DEFER,UNKNOWN,,,,,,,,,,,False,REGEX_PARTIAL,0.2,True
bf51061c3e3501aba710c8a3,Irvine,WAITLIST,UNKNOWN,,,,,,,,,,,False,REGEX_PARTIAL,0.2,True
5d7440fe3f22c9056cf5838f,Duke ed,DEFER,UNKNOWN,,,,,,,,,,,False,REGEX,0.2,True
5d7440fe3f22c9056cf5838f,Georgia Tech ea,ACCEPT,UNKNOWN,,,,,,,,,,,False,REGEX,0.2,True
5d7440fe3f22c9056cf5838f,State school,ACCEPT,UNKNOWN,,,,,,,,,,,False,REGEX,0.2,True
5d7440fe3f22c9056cf5838f,UVA EA,DEFER,UNKNOWN,,,,,,,,,,,False,REGEX,0.2,True
5d7440fe3f22c9056cf5838f,,REJECT,UNKNOWN,,,,,,,,,,,False,REGEX,0.2,True
5d7440fe3f22c9056cf5838f,WashU Rd,WAITLIST,UNKNOWN,,,,,,,,,,,False,REGEX,0.2,True
08b5dad29801329e26437df8,brown ed,REJECT,UNKNOWN,,,,,,,,,,,False,REGEX,0.2,True
08b5dad29801329e26437df8,uchicago ea,DEFER,UNKNOWN,,,,,,,,,,,False,REGEX,0.2,True
08b5dad29801329e26437df8,Umich ea,ACCEPT,UNKNOWN,,,,,,,,,,,False,REGEX,0.2,True
08b5dad29801329e26437df8,UNC ea,WAITLIST,UNKNOWN,,,,,,,,,,,False,REGEX,0.2,True
08b5dad29801329e26437df8,villanova ea,ACCEPT,UNKNOWN,,,,,,,,,,,False,REGEX,0.2,True
08b5dad29801329e26437df8,northeastern rd,ACCEPT,UNKNOWN,,,,,,,,,,,False,REGEX,0.2,True
08b5dad29801329e26437df8,washu rd,WAITLIST,UNKNOWN,,,,,,,,,,,False,REGEX,0.2,True
f267342ead76addd95633499,,REJECT,UNKNOWN,,,,,,,,,,,False,REGEX,0.2,True
f267342ead76addd95633499,,REJECT,UNKNOWN,,,,,,,,,,,False,REGEX,0.2,True
f267342ead76addd95633499,usc,REJECT,UNKNOWN,,,,,,,,,,,False,REGEX,0.2,True
f267342ead76addd95633499,scripps,REJECT,UNKNOWN,,,,,,,,,,,False,REGEX,0.2,True
f267342ead76addd95633499,fordham,DEFER,UNKNOWN,,,,,,,,,,,False,REGEX,0.2,True
f267342ead76addd95633499,william and mary,REJECT,UNKNOWN,,,,,,,,,,,False,REGEX,0.2,True
f267342ead76addd95633499,tulane,REJECT,UNKNOWN,,,,,,,,,,,False,REGEX,0.2,True
f267342ead76addd95633499,northeastern,ACCEPT,UNKNOWN,,,,,,,,,,,False,REGEX,0.2,True
f267342ead76addd95633499,skidmore,ACCEPT,UNKNOWN,,,,,,,,,,,False,REGEX,0.2,True
f267342ead76addd95633499,ut austin,REJECT,UNKNOWN,,,,,,,,,,,False,REGEX,0.2,True
f267342ead76addd95633499,grinnell,WAITLIST,UNKNOWN,,,,,,,,,,,False,REGEX,0.2,True
f267342ead76addd95633499,occidental,WAITLIST,UNKNOWN,,,,,,,,,,,False,REGEX,0.2,True
f267342ead76addd95633499,george washington,WAITLIST,UNKNOWN,,,,,,,,,,,False,REGEX,0.2,True
f267342ead76addd95633499,kenyon,WAITLIST,UNKNOWN,,,,,,,,,,,False,REGEX,0.2,True
f267342ead76addd95633499,bard,ACCEPT,UNKNOWN,,,,,,,,,,,False,REGEX,0.2,True
f267342ead76addd95633499,carnegie mellon,REJECT,UNKNOWN,,,,,,,,,,,False,REGEX,0.2,True
f267342ead76addd95633499,,REJECT,UNKNOWN,,,,,,,,,,,False,REGEX,0.2,True
