applicant_id,university_raw,decision,round,gpa_uw,gpa_w,sat_total,act_composite,num_ap,ec_tier,gender,first_gen,income_band,geography_region,international_flag,extraction_method,completeness,needs_review,unitid,resolution_method,cycle_year,canonical_name,control,region,carnegie_class,applicants_total,admits_total,enrolled_total,admit_rate,yield_rate,sat_erw_25,sat_erw_50,sat_erw_75,sat_math_25,sat_math_50,sat_math_75,act_comp_25,act_comp_50,act_comp_75,admit_rate_logodds,sat_fit_gap,waitlist_admit_prior
962fdb68829d78c6ed0eb484,ED to Columbia,DEFER,UNKNOWN,4.0,4.4,,,8.0,,,,,,False,REGEX_PARTIAL,0.4,True,190150.0,FUZZY,2023.0,Columbia University in the City of New York,PRIVATE_NP,2.0,15.0,57613.0,2439.0,1540.0,0.04233419540728655,0.6314063140631406,730.0,760.0,770.0,760.0,780.0,800.0,34.0,35.0,35.0,-3.118903708594342,,
827cd08f5112fae5b2dd4099,deferred,REJECT,UNKNOWN,,,,36.0,17.0,,,,,,False,REGEX_PARTIAL,0.4,True,,UNRESOLVED,,,,,,,,,,,,,,,,,,,,,,
5f9ca6b77d785e6e355aa22e,UK,ACCEPT,UNKNOWN,,,,35.0,11.0,,,,,,False,REGEX,0.4,True,,UNRESOLVED,,,,,,,,,,,,,,,,,,,,,,
5f9ca6b77d785e6e355aa22e,UAH,ACCEPT,UNKNOWN,,,,35.0,11.0,,,,,,False,REGEX,0.4,True,,UNRESOLVED,,,,,,,,,,,,,,,,,,,,,,
5f9ca6b77d785e6e355aa22e,GT,ACCEPT,UNKNOWN,,,,35.0,11.0,,,,,,False,REGEX,0.4,True,139755.0,EXACT,2023.0,Georgia Institute of Technology-Main Campus,PUBLIC,5.0,15.0,52377.0,8622.0,3763.0,0.1646142390744029,0.43644166086754815,650.0,700.0,740.0,680.0,750.0,790.0,28.0,32.0,34.0,-1.6242888156628517,,
5f9ca6b77d785e6e355aa22e,UVA,ACCEPT,UNKNOWN,,,,35.0,11.0,,,,,,False,REGEX,0.4,True,234076.0,EXACT,2023.0,University of Virginia-Main Campus,PUBLIC,5.0,15.0,56528.0,9533.0,3966.0,0.16864208887630908,0.41602853246617016,700.0,730.0,750.0,710.0,760.0,780.0,32.0,33.0,34.0,-1.5952817495608238,,
5f9ca6b77d785e6e355aa22e,MIT,DEFER,UNKNOWN,,,,35.0,11.0,,,,,,False,REGEX,0.4,True,166683.0,EXACT,2023.0,Massachusetts Institute of Technology,PRIVATE_NP,1.0,15.0,26904.0,1274.0,1091.0,0.04735355337496283,0.8563579277864992,730.0,760.0,780.0,780.0,790.0,800.0,34.0,35.0,36.0,-3.001601983226008,,
5f9ca6b77d785e6e355aa22e,UCD,ACCEPT,UNKNOWN,,,,35.0,11.0,,,,,,False,REGEX,0.4,True,,UNRESOLVED,,,,,,,,,,,,,,,,,,,,,,
5f9ca6b77d785e6e355aa22e,UCLA,ACCEPT,UNKNOWN,,,,35.0,11.0,,,,,,False,REGEX,0.4,True,110662.0,EXACT,2023.0,University of California-Los Angeles,PUBLIC,8.0,15.0,145903.0,12736.0,6585.0,0.08729087133232354,0.5170383165829145,,,,,,,,,,-2.347171350561971,,
5f9ca6b77d785e6e355aa22e,CWRU,ACCEPT,UNKNOWN,,,,35.0,11.0,,,,,,False,REGEX,0.4,True,,UNRESOLVED,,,,,,,,,,,,,,,,,,,,,,
5f9ca6b77d785e6e355aa22e,UCSD,ACCEPT,UNKNOWN,,,,35.0,11.0,,,,,,False,REGEX,0.4,True,110680.0,EXACT,2023.0,University of California-San Diego,PUBLIC,8.0,15.0,130771.0,32062.0,7005.0,0.2451766829037019,0.21848293930509638,,,,,,,,,,-1.1245045994251517,,
5f9ca6b77d785e6e355aa22e,UCI,ACCEPT,UNKNOWN,,,,35.0,11.0,,,,,,False,REGEX,0.4,True,,UNRESOLVED,,,,,,,,,,,,,,,,,,,,,,
5f9ca6b77d785e6e355aa22e,UC Berkeley,REJECT,UNKNOWN,,,,35.0,11.0,,,,,,False,REGEX,0.4,True,110635.0,EXACT,2023.0,University of California-Berkeley,PUBLIC,8.0,15.0,125910.0,14677.0,6641.0,0.11656738940513064,0.4524766641684268,,,,,,,,,,-2.025345457752041,,
5f9ca6b77d785e6e355aa22e,UPenn,REJECT,UNKNOWN,,,,35.0,11.0,,,,,,False,REGEX,0.4,True,215062.0,EXACT,2023.0,University of Pennsylvania,PRIVATE_NP,2.0,15.0,59465.0,3489.0,2416.0,0.05867316909106197,0.6924620235024362,730.0,750.0,770.0,770.0,790.0,800.0,34.0,35.0,35.0,-2.7753078652389584,,
5f9ca6b77d785e6e355aa22e,Princeton,REJECT,UNKNOWN,,,,35.0,11.0,,,,,,False,REGEX,0.4,True,186131.0,EXACT,2023.0,Princeton University,PRIVATE_NP,2.0,15.0,39644.0,1782.0,1366.0,0.04495005549389567,0.7665544332210998,740.0,760.0,780.0,760.0,780.0,800.0,34.0,34.0,35.0,-3.0562116415391007,,
5f9ca6b77d785e6e355aa22e,Harvard,WAITLIST,UNKNOWN,,,,35.0,11.0,,,,,,False,REGEX,0.4,True,166027.0,EXACT,2023.0,Harvard University,PRIVATE_NP,1.0,15.0,56937.0,1965.0,1645.0,0.03451182886348069,0.8371501272264631,740.0,760.0,780.0,760.0,790.0,800.0,34.0,35.0,36.0,-3.3313317193713807,,
5f9ca6b77d785e6e355aa22e,Yale,WAITLIST,UNKNOWN,,,,35.0,11.0,,,,,,False,REGEX,0.4,True,130794.0,EXACT,2023.0,Yale University,PRIVATE_NP,1.0,15.0,51803.0,2332.0,1641.0,0.045016697874640466,0.7036878216123499,740.0,760.0,780.0,760.0,780.0,800.0,33.0,34.0,35.0,-3.054660370818341,,
5f9ca6b77d785e6e355aa22e,Dartmouth,WAITLIST,UNKNOWN,,,,35.0,11.0,,,,,,False,REGEX,0.4,True,182670.0,EXACT,2023.0,Dartmouth College,PRIVATE_NP,1.0,15.0,28841.0,1797.0,1206.0,0.062307132207621095,0.671118530884808,740.0,760.0,780.0,760.0,780.0,790.0,33.0,34.0,35.0,-2.7113465614270096,,
5f9ca6b77d785e6e355aa22e,Brown,WAITLIST,UNKNOWN,,,,35.0,11.0,,,,,,False,REGEX,0.4,True,217156.0,EXACT,2023.0,Brown University,PRIVATE_NP,1.0,15.0,51316.0,2686.0,1695.0,0.052342349364720556,0.6310498883097543,740.0,760.0,770.0,760.0,780.0,800.0,34.0,35.0,35.0,-2.8961875263146486,,
5f9ca6b77d785e6e355aa22e,Columbia,WAITLIST,UNKNOWN,,,,35.0,11.0,,,,,,False,REGEX,0.4,True,190150.0,EXACT,2023.0,Columbia University in the City of New York,PRIVATE_NP,2.0,15.0,57613.0,2439.0,1540.0,0.04233419540728655,0.6314063140631406,730.0,760.0,770.0,760.0,780.0,800.0,34.0,35.0,35.0,-3.118903708594342,,
5f9ca6b77d785e6e355aa22e,Stanford,REJECT,UNKNOWN,,,,35.0,11.0,,,,,,False,REGEX,0.4,True,243744.0,EXACT,2023.0,Stanford University,PRIVATE_NP,8.0,15.0,53733.0,2099.0,1699.0,0.03906351776375784,0.8094330633635064,740.0,760.0,780.0,770.0,790.0,800.0,34.0,35.0,35.0,-3.202719329388706,,
5f9ca6b77d785e6e355aa22e,CalTech,REJECT,UNKNOWN,,,,35.0,11.0,,,,,,False,REGEX,0.4,True,110404.0,EXACT,2023.0,California Institute of Technology,PRIVATE_NP,8.0,15.0,13107.0,412.0,266.0,0.03143358510719463,0.6456310679611651,,,,,,,,,,-3.4279401447892526,,
5f9ca6b77d785e6e355aa22e,UMich,WAITLIST,UNKNOWN,,,,35.0,11.0,,,,,,False,REGEX,0.4,True,170976.0,EXACT,2023.0,University of Michigan-Ann Arbor,PUBLIC,3.0,15.0,87632.0,15722.0,7466.0,0.17940934818331203,0.4748759699783743,670.0,720.0,750.0,680.0,750.0,780.0,31.0,33.0,34.0,-1.520354331742838,,
f676c96bfbe9257ead790662,UChicago,DEFER,UNKNOWN,3.97,4.28,,,8.0,,,,,,False,REGEX,0.4,True,144050.0,EXACT,2023.0,University of Chicago,PRIVATE_NP,3.0,15.0,38631.0,1849.0,1626.0,0.04786311511480417,0.879394267171444,740.0,760.0,770.0,770.0,790.0,800.0,34.0,35.0,35.0,-2.9903636426718014,,
f676c96bfbe9257ead790662,USC,DEFER,UNKNOWN,3.97,4.28,,,8.0,,,,,,False,REGEX,0.4,True,123961.0,EXACT,2023.0,University of Southern California,PRIVATE_NP,8.0,15.0,80808.0,8094.0,3633.0,0.10016335016335016,0.44885100074128986,700.0,730.0,760.0,740.0,780.0,790.0,32.0,33.0,35.0,-2.1954108917607313,,
f676c96bfbe9257ead790662,UMich,DEFER,UNKNOWN,3.97,4.28,,,8.0,,,,,,False,REGEX,0.4,True,170976.0,EXACT,2023.0,University of Michigan-Ann Arbor,PUBLIC,3.0,15.0,87632.0,15722.0,7466.0,0.17940934818331203,0.4748759699783743,670.0,720.0,750.0,680.0,750.0,780.0,31.0,33.0,34.0,-1.520354331742838,,
f676c96bfbe9257ead790662,BU,WAITLIST,UNKNOWN,3.97,4.28,,,8.0,,,,,,False,REGEX,0.4,True,,UNRESOLVED,,,,,,,,,,,,,,,,,,,,,,
f676c96bfbe9257ead790662,UCSD,WAITLIST,UNKNOWN,3.97,4.28,,,8.0,,,,,,False,REGEX,0.4,True,110680.0,EXACT,2023.0,University of California-San Diego,PUBLIC,8.0,15.0,130771.0,32062.0,7005.0,0.2451766829037019,0.21848293930509638,,,,,,,,,,-1.1245045994251517,,
001eda4b67b757f9ac7dbec7,Northwestern,REJECT,UNKNOWN,,,1420.0,,,,,,,,False,REGEX,0.4,True,147767.0,EXACT,2023.0,Northwestern University,PRIVATE_NP,3.0,15.0,51769.0,3703.0,2111.0,0.07152929359269061,0.5700783148798272,730.0,750.0,770.0,760.0,780.0,790.0,33.0,34.0,35.0,-2.5634317645295592,-110.0,
001eda4b67b757f9ac7dbec7,Umich,REJECT,UNKNOWN,,,1420.0,,,,,,,,False,REGEX,0.4,True,170976.0,EXACT,2023.0,University of Michigan-Ann Arbor,PUBLIC,3.0,15.0,87632.0,15722.0,7466.0,0.17940934818331203,0.4748759699783743,670.0,720.0,750.0,680.0,750.0,780.0,31.0,33.0,34.0,-1.520354331742838,-50.0,
001eda4b67b757f9ac7dbec7,Boston University,REJECT,UNKNOWN,,,1420.0,,,,,,,,False,REGEX,0.4,True,164988.0,EXACT,2023.0,Boston University,PRIVATE_NP,1.0,15.0,80495.0,8733.0,3145.0,0.10849121063420088,0.3601282491698156,680.0,710.0,740.0,720.0,760.0,780.0,32.0,33.0,34.0,-2.1062461346106094,-50.0,
001eda4b67b757f9ac7dbec7,Rice,REJECT,UNKNOWN,,,1420.0,,,,,,,,False,REGEX,0.4,True,227757.0,EXACT,2023.0,Rice University,PRIVATE_NP,6.0,15.0,31059.0,2447.0,1125.0,0.0787855372033871,0.45974662852472414,730.0,760.0,770.0,770.0,790.0,800.0,34.0,35.0,36.0,-2.458963425785603,-130.0,
001eda4b67b757f9ac7dbec7,UC Berkely,REJECT,UNKNOWN,,,1420.0,,,,,,,,False,REGEX,0.4,True,110635.0,FUZZY,2023.0,University of California-Berkeley,PUBLIC,8.0,15.0,125910.0,14677.0,6641.0,0.11656738940513064,0.4524766641684268,,,,,,,,,,-2.025345457752041,,
001eda4b67b757f9ac7dbec7,Northeastern,WAITLIST,UNKNOWN,,,1420.0,,,,,,,,False,REGEX,0.4,True,167358.0,EXACT,2023.0,Northeastern University,PRIVATE_NP,1.0,15.0,96631.0,5459.0,2744.0,0.056493257857209385,0.502656164132625,710.0,730.0,760.0,750.0,770.0,790.0,33.0,34.0,35.0,-2.8154822095972705,-80.0,
001eda4b67b757f9ac7dbec7,UCLA,WAITLIST,UNKNOWN,,,1420.0,,,,,,,,False,REGEX,0.4,True,110662.0,EXACT,2023.0,University of California-Los Angeles,PUBLIC,8.0,15.0,145903.0,12736.0,6585.0,0.08729087133232354,0.5170383165829145,,,,,,,,,,-2.347171350561971,,
001eda4b67b757f9ac7dbec7,UVA,WAITLIST,UNKNOWN,,,1420.0,,,,,,,,False,REGEX,0.4,True,234076.0,EXACT,2023.0,University of Virginia-Main Campus,PUBLIC,5.0,15.0,56528.0,9533.0,3966.0,0.16864208887630908,0.41602853246617016,700.0,730.0,750.0,710.0,760.0,780.0,32.0,33.0,34.0,-1.5952817495608238,-70.0,
001eda4b67b757f9ac7dbec7,UCSD,ACCEPT,UNKNOWN,,,1420.0,,,,,,,,False,REGEX,0.4,True,110680.0,EXACT,2023.0,University of California-San Diego,PUBLIC,8.0,15.0,130771.0,32062.0,7005.0,0.2451766829037019,0.21848293930509638,,,,,,,,,,-1.1245045994251517,,
001eda4b67b757f9ac7dbec7,UCD,ACCEPT,UNKNOWN,,,1420.0,,,,,,,,False,REGEX,0.4,True,,UNRESOLVED,,,,,,,,,,,,,,,,,,,,,,
001eda4b67b757f9ac7dbec7,Tulane,ACCEPT,UNKNOWN,,,1420.0,,,,,,,,False,REGEX,0.4,True,160755.0,EXACT,2023.0,Tulane University of Louisiana,PRIVATE_NP,5.0,15.0,27936.0,4077.0,1867.0,0.14594072164948454,0.457934755948001,690.0,720.0,750.0,700.0,730.0,760.0,31.0,32.0,33.0,-1.7668000808059914,-30.0,
90325cf0c6934ed4335cd702,Northwestern,REJECT,UNKNOWN,,,,,,,,,,,False,REGEX,0.2,True,147767.0,EXACT,2023.0,Northwestern University,PRIVATE_NP,3.0,15.0,51769.0,3703.0,2111.0,0.07152929359269061,0.5700783148798272,730.0,750.0,770.0,760.0,780.0,790.0,33.0,34.0,35.0,-2.5634317645295592,,
90325cf0c6934ed4335cd702,Umich,REJECT,UNKNOWN,,,,,,,,,,,False,REGEX,0.2,True,170976.0,EXACT,2023.0,University of Michigan-Ann Arbor,PUBLIC,3.0,15.0,87632.0,15722.0,7466.0,0.17940934818331203,0.4748759699783743,670.0,720.0,750.0,680.0,750.0,780.0,31.0,33.0,34.0,-1.520354331742838,,
90325cf0c6934ed4335cd702,Boston University,REJECT,UNKNOWN,,,,,,,,,,,False,REGEX,0.2,True,164988.0,EXACT,2023.0,Boston University,PRIVATE_NP,1.0,15.0,80495.0,8733.0,3145.0,0.10849121063420088,0.3601282491698156,680.0,710.0,740.0,720.0,760.0,780.0,32.0,33.0,34.0,-2.1062461346106094,,
90325cf0c6934ed4335cd702,Rice,REJECT,UNKNOWN,,,,,,,,,,,False,REGEX,0.2,True,227757.0,EXACT,2023.0,Rice University,PRIVATE_NP,6.0,15.0,31059.0,2447.0,1125.0,0.0787855372033871,0.45974662852472414,730.0,760.0,770.0,770.0,790.0,800.0,34.0,35.0,36.0,-2.458963425785603,,
90325cf0c6934ed4335cd702,Northeastern,WAITLIST,UNKNOWN,,,,,,,,,,,False,REGEX,0.2,True,167358.0,EXACT,2023.0,Northeastern University,PRIVATE_NP,1.0,15.0,96631.0,5459.0,2744.0,0.056493257857209385,0.502656164132625,710.0,730.0,760.0,750.0,770.0,790.0,33.0,34.0,35.0,-2.8154822095972705,,
90325cf0c6934ed4335cd702,Tulane,ACCEPT,UNKNOWN,,,,,,,,,,,False,REGEX,0.2,True,160755.0,EXACT,2023.0,Tulane University of Louisiana,PRIVATE_NP,5.0,15.0,27936.0,4077.0,1867.0,0.14594072164948454,0.457934755948001,690.0,720.0,750.0,700.0,730.0,760.0,31.0,32.0,33.0,-1.7668000808059914,,
90325cf0c6934ed4335cd702,UVA,WAITLIST,UNKNOWN,,,,,,,,,,,False,REGEX,0.2,True,234076.0,EXACT,2023.0,University of Virginia-Main Campus,PUBLIC,5.0,15.0,56528.0,9533.0,3966.0,0.16864208887630908,0.41602853246617016,700.0,730.0,750.0,710.0,760.0,780.0,32.0,33.0,34.0,-1.5952817495608238,,
90325cf0c6934ed4335cd702,UCSD,ACCEPT,UNKNOWN,,,,,,,,,,,False,REGEX,0.2,True,110680.0,EXACT,2023.0,University of California-San Diego,PUBLIC,8.0,15.0,130771.0,32062.0,7005.0,0.2451766829037019,0.21848293930509638,,,,,,,,,,-1.1245045994251517,,
90325cf0c6934ed4335cd702,UCD,ACCEPT,UNKNOWN,,,,,,,,,,,False,REGEX,0.2,True,,UNRESOLVED,,,,,,,,,,,,,,,,,,,,,,
90325cf0c6934ed4335cd702,UCLA,WAITLIST,UNKNOWN,,,,,,,,,,,False,REGEX,0.2,True,110662.0,EXACT,2023.0,University of California-Los Angeles,PUBLIC,8.0,15.0,145903.0,12736.0,6585.0,0.08729087133232354,0.5170383165829145,,,,,,,,,,-2.347171350561971,,
90325cf0c6934ed4335cd702,UC berkely,REJECT,UNKNOWN,,,,,,,,,,,False,REGEX,0.2,True,110635.0,FUZZY,2023.0,University of California-Berkeley,PUBLIC,8.0,15.0,125910.0,14677.0,6641.0,0.11656738940513064,0.4524766641684268,,,,,,,,,,-2.025345457752041,,
a226052c2e7a7ca87157b8ca,Lehigh,REJECT,UNKNOWN,,,1500.0,,9.0,,,,,,False,REGEX,0.4,True,213543.0,EXACT,2023.0,Lehigh University,PRIVATE_NP,2.0,16.0,18415.0,5389.0,1531.0,0.29264186804235676,0.28409723510855445,670.0,710.0,730.0,680.0,720.0,760.0,31.0,32.0,33.0,-0.8825875211728501,70.0,
a226052c2e7a7ca87157b8ca,UVA,REJECT,UNKNOWN,,,1500.0,,9.0,,,,,,False,REGEX,0.4,True,234076.0,EXACT,2023.0,University of Virginia-Main Campus,PUBLIC,5.0,15.0,56528.0,9533.0,3966.0,0.16864208887630908,0.41602853246617016,700.0,730.0,750.0,710.0,760.0,780.0,32.0,33.0,34.0,-1.5952817495608238,10.0,
a226052c2e7a7ca87157b8ca,Princeton,REJECT,UNKNOWN,,,1500.0,,9.0,,,,,,False,REGEX,0.4,True,186131.0,EXACT,2023.0,Princeton University,PRIVATE_NP,2.0,15.0,39644.0,1782.0,1366.0,0.04495005549389567,0.7665544332210998,740.0,760.0,780.0,760.0,780.0,800.0,34.0,34.0,35.0,-3.0562116415391007,-40.0,
a226052c2e7a7ca87157b8ca,UIUC,REJECT,UNKNOWN,,,1500.0,,9.0,,,,,,False,REGEX,0.4,True,145637.0,EXACT,2023.0,University of Illinois Urbana-Champaign,PUBLIC,3.0,15.0,67398.0,29446.0,8325.0,0.436897237306745,0.28272091285743395,630.0,690.0,730.0,640.0,720.0,780.0,29.0,32.0,34.0,-0.25376412593204345,90.0,
a226052c2e7a7ca87157b8ca,UCLA,REJECT,UNKNOWN,,,1500.0,,9.0,,,,,,False,REGEX,0.4,True,110662.0,EXACT,2023.0,University of California-Los Angeles,PUBLIC,8.0,15.0,145903.0,12736.0,6585.0,0.08729087133232354,0.5170383165829145,,,,,,,,,,-2.347171350561971,,
a226052c2e7a7ca87157b8ca,Def - WL,ACCEPT,UNKNOWN,,,1500.0,,9.0,,,,,,False,REGEX,0.4,True,,UNRESOLVED,,,,,,,,,,,,,,,,,,,,,,
a226052c2e7a7ca87157b8ca,Def,REJECT,UNKNOWN,,,1500.0,,9.0,,,,,,False,REGEX,0.4,True,,UNRESOLVED,,,,,,,,,,,,,,,,,,,,,,
a226052c2e7a7ca87157b8ca,SDSU,ACCEPT,UNKNOWN,,,1500.0,,9.0,,,,,,False,REGEX,0.4,True,122409.0,EXACT,2023.0,San Diego State University,PUBLIC,8.0,16.0,82800.0,28517.0,6162.0,0.34440821256038645,0.21608163551565732,,,,,,,,,,-0.6437107017425816,,
a226052c2e7a7ca87157b8ca,UMD,ACCEPT,UNKNOWN,,,1500.0,,9.0,,,,,,False,REGEX,0.4,True,163286.0,EXACT,2023.0,University of Maryland-College Park,PUBLIC,2.0,15.0,59377.0,26625.0,6197.0,0.44840594843121073,0.23275117370892018,670.0,710.0,740.0,700.0,750.0,780.0,32.0,33.0,35.0,-0.20711340488934457,40.0,
a226052c2e7a7ca87157b8ca,Rutgers,ACCEPT,UNKNOWN,,,1500.0,,9.0,,,,,,False,REGEX,0.4,True,186380.0,EXACT,2023.0,Rutgers University-New Brunswick,PUBLIC,2.0,15.0,43347.0,28326.0,7681.0,0.6534708284310333,0.2711643013485843,630.0,680.0,720.0,640.0,700.0,760.0,28.0,31.0,33.0,0.6343308887762874,120.0,
a226052c2e7a7ca87157b8ca,Pitt,ACCEPT,UNKNOWN,,,1500.0,,9.0,,,,,,False,REGEX,0.4,True,199333.0,FUZZY,,,,,,,,,,,,,,,,,,,,,,
562575a87b97a8693cd45065,UMass Amherst,ACCEPT,UNKNOWN,,,,,,,,,,,False,REGEX,0.2,True,166629.0,EXACT,2023.0,University of Massachusetts-Amherst,PUBLIC,1.0,15.0,50424.0,29129.0,5286.0,0.577681262890687,0.1814686395001545,650.0,690.0,720.0,650.0,700.0,760.0,29.0,31.0,33.0,0.3132619381363372,,
562575a87b97a8693cd45065,RPI,ACCEPT,UNKNOWN,,,,,,,,,,,False,REGEX,0.2,True,,UNRESOLVED,,,,,,,,,,,,,,,,,,,,,,
562575a87b97a8693cd45065,Union,ACCEPT,UNKNOWN,,,,,,,,,,,False,REGEX,0.2,True,221971.0,EXACT,2023.0,Union University,PRIVATE_NP,5.0,17.0,3012.0,1421.0,323.0,0.4717795484727756,0.22730471498944405,540.0,620.0,690.0,490.0,570.0,650.0,22.0,26.0,29.0,-0.11300190024068611,,
562575a87b97a8693cd45065,Harvey Mudd,WAITLIST,UNKNOWN,,,,,,,,,,,False,REGEX,0.2,True,115409.0,EXACT,2023.0,Harvey Mudd College,PRIVATE_NP,8.0,21.0,4792.0,626.0,224.0,0.13063439065108515,0.35782747603833864,720.0,750.0,770.0,760.0,780.0,790.0,34.0,35.0,36.0,-1.8953612507208186,,
562575a87b97a8693cd45065,WPI,ACCEPT,UNKNOWN,,,,,,,,,,,False,REGEX,0.2,True,,UNRESOLVED,,,,,,,,,,,,,,,,,,,,,,
562575a87b97a8693cd45065,Yale,REJECT,UNKNOWN,,,,,,,,,,,False,REGEX,0.2,True,130794.0,EXACT,2023.0,Yale University,PRIVATE_NP,1.0,15.0,51803.0,2332.0,1641.0,0.045016697874640466,0.7036878216123499,740.0,760.0,780.0,760.0,780.0,800.0,33.0,34.0,35.0,-3.054660370818341,,
562575a87b97a8693cd45065,Harvard,REJECT,UNKNOWN,,,,,,,,,,,False,REGEX,0.2,True,166027.0,EXACT,2023.0,Harvard University,PRIVATE_NP,1.0,15.0,56937.0,1965.0,1645.0,0.03451182886348069,0.8371501272264631,740.0,760.0,780.0,760.0,790.0,800.0,34.0,35.0,36.0,-3.3313317193713807,,
562575a87b97a8693cd45065,Stanford,REJECT,UNKNOWN,,,,,,,,,,,False,REGEX,0.2,True,243744.0,EXACT,2023.0,Stanford University,PRIVATE_NP,8.0,15.0,53733.0,2099.0,1699.0,0.03906351776375784,0.8094330633635064,740.0,760.0,780.0,770.0,790.0,800.0,34.0,35.0,35.0,-3.202719329388706,,
562575a87b97a8693cd45065,CalTech,REJECT,UNKNOWN,,,,,,,,,,,False,REGEX,0.2,True,110404.0,EXACT,2023.0,California Institute of Technology,PRIVATE_NP,8.0,15.0,13107.0,412.0,266.0,0.03143358510719463,0.6456310679611651,,,,,,,,,,-3.4279401447892526,,
562575a87b97a8693cd45065,MIT,REJECT,UNKNOWN,,,,,,,,,,,False,REGEX,0.2,True,166683.0,EXACT,2023.0,Massachusetts Institute of Technology,PRIVATE_NP,1.0,15.0,26904.0,1274.0,1091.0,0.04735355337496283,0.8563579277864992,730.0,760.0,780.0,780.0,790.0,800.0,34.0,35.0,36.0,-3.001601983226008,,
562575a87b97a8693cd45065,UPenn,WAITLIST,UNKNOWN,,,,,,,,,,,False,REGEX,0.2,True,215062.0,EXACT,2023.0,University of Pennsylvania,PRIVATE_NP,2.0,15.0,59465.0,3489.0,2416.0,0.05867316909106197,0.6924620235024362,730.0,750.0,770.0,770.0,790.0,800.0,34.0,35.0,35.0,-2.7753078652389584,,
562575a87b97a8693cd45065,Princeton,ACCEPT,UNKNOWN,,,,,,,,,,,False,REGEX,0.2,True,186131.0,EXACT,2023.0,Princeton University,PRIVATE_NP,2.0,15.0,39644.0,1782.0,1366.0,0.04495005549389567,0.7665544332210998,740.0,760.0,780.0,760.0,780.0,800.0,34.0,34.0,35.0,-3.0562116415391007,,
5d668af8dff920e7b9519c8b,University of Minnesota morris,REJECT,UNKNOWN,,,,,8.0,,,,,,False,REGEX_PARTIAL,0.2,True,174251.0,EXACT,2023.0,University of Minnesota-Morris,PUBLIC,4.0,21.0,3477.0,2450.0,273.0,0.7046304285303423,0.11142857142857143,,,,,,,,,,0.8694460936102147,,
5d668af8dff920e7b9519c8b,University of Minnesota- twin cities,REJECT,UNKNOWN,,,,,8.0,,,,,,False,REGEX_PARTIAL,0.2,True,174066.0,EXACT,2023.0,University of Minnesota-Twin Cities,PUBLIC,4.0,15.0,39863.0,30705.0,6736.0,0.7702631512931791,0.21937795147370134,640.0,680.0,720.0,670.0,720.0,760.0,27.0,29.0,31.0,1.2097976935464587,,
fa2d8a6b9694ed3680258e55,UWash,ACCEPT,UNKNOWN,3.95,4.56,,35.0,6.0,,,,,,False,REGEX,0.6,False,,UNRESOLVED,,,,,,,,,,,,,,,,,,,,,,
fa2d8a6b9694ed3680258e55,UMich,DEFER,UNKNOWN,3.95,4.56,,35.0,6.0,,,,,,False,REGEX,0.6,False,170976.0,EXACT,2023.0,University of Michigan-Ann Arbor,PUBLIC,3.0,15.0,87632.0,15722.0,7466.0,0.17940934818331203,0.4748759699783743,670.0,720.0,750.0,680.0,750.0,780.0,31.0,33.0,34.0,-1.520354331742838,,
fa2d8a6b9694ed3680258e55,NYU,REJECT,UNKNOWN,3.95,4.56,,35.0,6.0,,,,,,False,REGEX,0.6,False,193900.0,EXACT,2023.0,New York University,PRIVATE_NP,2.0,15.0,113578.0,10693.0,5818.0,0.09414675377273768,0.5440942672776583,720.0,750.0,770.0,760.0,780.0,800.0,33.0,34.0,35.0,-2.264022537844875,,
fa2d8a6b9694ed3680258e55,JHU,REJECT,UNKNOWN,3.95,4.56,,35.0,6.0,,,,,,False,REGEX,0.6,False,162928.0,EXACT,2023.0,Johns Hopkins University,PRIVATE_NP,2.0,15.0,38926.0,2943.0,1418.0,0.07560499409135282,0.4818212708120965,750.0,760.0,780.0,780.0,790.0,800.0,34.0,35.0,35.0,-2.503617135450525,,
fa2d8a6b9694ed3680258e55,UCSD,ACCEPT,UNKNOWN,3.95,4.56,,35.0,6.0,,,,,,False,REGEX,0.6,False,110680.0,EXACT,2023.0,University of California-San Diego,PUBLIC,8.0,15.0,130771.0,32062.0,7005.0,0.2451766829037019,0.21848293930509638,,,,,,,,,,-1.1245045994251517,,
fa2d8a6b9694ed3680258e55,UCLA,REJECT,UNKNOWN,3.95,4.56,,35.0,6.0,,,,,,False,REGEX,0.6,False,110662.0,EXACT,2023.0,University of California-Los Angeles,PUBLIC,8.0,15.0,145903.0,12736.0,6585.0,0.08729087133232354,0.5170383165829145,,,,,,,,,,-2.347171350561971,,
fa2d8a6b9694ed3680258e55,UC Berkeley,REJECT,UNKNOWN,3.95,4.56,,35.0,6.0,,,,,,False,REGEX,0.6,False,110635.0,EXACT,2023.0,University of California-Berkeley,PUBLIC,8.0,15.0,125910.0,14677.0,6641.0,0.11656738940513064,0.4524766641684268,,,,,,,,,,-2.025345457752041,,
fa2d8a6b9694ed3680258e55,Duke,REJECT,UNKNOWN,3.95,4.56,,35.0,6.0,,,,,,False,REGEX,0.6,False,198419.0,EXACT,2023.0,Duke University,PRIVATE_NP,5.0,15.0,46365.0,3145.0,1742.0,0.06783133829397174,0.5538950715421304,740.0,760.0,770.0,770.0,790.0,800.0,34.0,34.0,35.0,-2.6204894609263363,,
fa2d8a6b9694ed3680258e55,CMU,REJECT,UNKNOWN,3.95,4.56,,35.0,6.0,,,,,,False,REGEX,0.6,False,211440.0,EXACT,2023.0,Carnegie Mellon University,PRIVATE_NP,2.0,15.0,33707.0,3843.0,1708.0,0.11401192630610853,0.4444444444444444,730.0,750.0,770.0,770.0,790.0,800.0,34.0,35.0,35.0,-2.0504004300295757,,
fa2d8a6b9694ed3680258e55,Rice,WAITLIST,UNKNOWN,3.95,4.56,,35.0,6.0,,,,,,False,REGEX,0.6,False,227757.0,EXACT,2023.0,Rice University,PRIVATE_NP,6.0,15.0,31059.0,2447.0,1125.0,0.0787855372033871,0.45974662852472414,730.0,760.0,770.0,770.0,790.0,800.0,34.0,35.0,36.0,-2.458963425785603,,
fa2d8a6b9694ed3680258e55,Cornell,WAITLIST,UNKNOWN,3.95,4.56,,35.0,6.0,,,,,,False,REGEX,0.6,False,190415.0,EXACT,2023.0,Cornell University,PRIVATE_NP,2.0,15.0,65635.0,5358.0,3537.0,0.08163327492953455,0.6601343784994401,720.0,740.0,770.0,760.0,780.0,790.0,33.0,34.0,35.0,-2.4203598336469243,,
fa2d8a6b9694ed3680258e55,UPenn,REJECT,UNKNOWN,3.95,4.56,,35.0,6.0,,,,,,False,REGEX,0.6,False,215062.0,EXACT,2023.0,University of Pennsylvania,PRIVATE_NP,2.0,15.0,59465.0,3489.0,2416.0,0.05867316909106197,0.6924620235024362,730.0,750.0,770.0,770.0,790.0,800.0,34.0,35.0,35.0,-2.7753078652389584,,
fa2d8a6b9694ed3680258e55,Princeton,REJECT,UNKNOWN,3.95,4.56,,35.0,6.0,,,,,,False,REGEX,0.6,False,186131.0,EXACT,2023.0,Princeton University,PRIVATE_NP,2.0,15.0,39644.0,1782.0,1366.0,0.04495005549389567,0.7665544332210998,740.0,760.0,780.0,760.0,780.0,800.0,34.0,34.0,35.0,-3.0562116415391007,,
fa2d8a6b9694ed3680258e55,Harvard,REJECT,UNKNOWN,3.95,4.56,,35.0,6.0,,,,,,False,REGEX,0.6,False,166027.0,EXACT,2023.0,Harvard University,PRIVATE_NP,1.0,15.0,56937.0,1965.0,1645.0,0.03451182886348069,0.8371501272264631,740.0,760.0,780.0,760.0,790.0,800.0,34.0,35.0,36.0,-3.3313317193713807,,
fa2d8a6b9694ed3680258e55,MIT,REJECT,UNKNOWN,3.95,4.56,,35.0,6.0,,,,,,False,REGEX,0.6,False,166683.0,EXACT,2023.0,Massachusetts Institute of Technology,PRIVATE_NP,1.0,15.0,26904.0,1274.0,1091.0,0.04735355337496283,0.8563579277864992,730.0,760.0,780.0,780.0,790.0,800.0,34.0,35.0,36.0,-3.001601983226008,,
fa2d8a6b9694ed3680258e55,Columbia,ACCEPT,UNKNOWN,3.95,4.56,,35.0,6.0,,,,,,False,REGEX,0.6,False,190150.0,EXACT,2023.0,Columbia University in the City of New York,PRIVATE_NP,2.0,15.0,57613.0,2439.0,1540.0,0.04233419540728655,0.6314063140631406,730.0,760.0,770.0,760.0,780.0,800.0,34.0,35.0,35.0,-3.118903708594342,,
fa2d8a6b9694ed3680258e55,Stanford,ACCEPT,UNKNOWN,3.95,4.56,,35.0,6.0,,,,,,False,REGEX,0.6,False,243744.0,EXACT,2023.0,Stanford University,PRIVATE_NP,8.0,15.0,53733.0,2099.0,1699.0,0.03906351776375784,0.8094330633635064,740.0,760.0,780.0,770.0,790.0,800.0,34.0,35.0,35.0,-3.202719329388706,,
0436ee589a6e7d96f885c074,Canada,ACCEPT,UNKNOWN,,,,,,,,,,,False,REGEX_PARTIAL,0.2,True,111434.0,EXACT,,,,,,,,,,,,,,,,,,,,,,
fba11a0bf5e6022931adb099,auto,ACCEPT,UNKNOWN,4.0,4.75,,36.0,,,,,,,False,REGEX_PARTIAL,0.6,False,369400.0,FUZZY,,,,,,,,,,,,,,,,,,,,,,
c3f0ffaf745c638d91c9ed7a,Tennessee,ACCEPT,UNKNOWN,,,,35.0,15.0,,,,,,False,REGEX,0.4,True,219596.0,FUZZY,,,,,,,,,,,,,,,,,,,,,,
c3f0ffaf745c638d91c9ed7a,UNC Chapel,ACCEPT,UNKNOWN,,,,35.0,15.0,,,,,,False,REGEX,0.4,True,,UNRESOLVED,,,,,,,,,,,,,,,,,,,,,,
c3f0ffaf745c638d91c9ed7a,Georgia Tech,DEFER,UNKNOWN,,,,35.0,15.0,,,,,,False,REGEX,0.4,True,139755.0,EXACT,2023.0,Georgia Institute of Technology-Main Campus,PUBLIC,5.0,15.0,52377.0,8622.0,3763.0,0.1646142390744029,0.43644166086754815,650.0,700.0,740.0,680.0,750.0,790.0,28.0,32.0,34.0,-1.6242888156628517,,
c3f0ffaf745c638d91c9ed7a,Alabama,ACCEPT,UNKNOWN,,,,35.0,15.0,,,,,,False,REGEX,0.4,True,100751.0,EXACT,2023.0,The University of Alabama,PUBLIC,5.0,15.0,58418.0,44295.0,8279.0,0.75824232257181,0.18690597132859238,590.0,640.0,700.0,580.0,640.0,700.0,24.0,27.0,31.0,1.1430671297770687,,
c3f0ffaf745c638d91c9ed7a,SCar,ACCEPT,UNKNOWN,,,,35.0,15.0,,,,,,False,REGEX,0.4,True,,UNRESOLVED,,,,,,,,,,,,,,,,,,,,,,
c3f0ffaf745c638d91c9ed7a,Ga Southern,ACCEPT,UNKNOWN,,,,35.0,15.0,,,,,,False,REGEX,0.4,True,,UNRESOLVED,,,,,,,,,,,,,,,,,,,,,,
c3f0ffaf745c638d91c9ed7a,UGA,ACCEPT,UNKNOWN,,,,35.0,15.0,,,,,,False,REGEX,0.4,True,139959.0,EXACT,2023.0,University of Georgia,PUBLIC,5.0,15.0,43419.0,16151.0,6146.0,0.3719800087519289,0.3805337130827813,590.0,640.0,690.0,570.0,630.0,700.0,25.0,29.0,32.0,-0.5237318862441626,,
c3f0ffaf745c638d91c9ed7a,Emory,REJECT,UNKNOWN,,,,35.0,15.0,,,,,,False,REGEX,0.4,True,139658.0,EXACT,2023.0,Emory University,PRIVATE_NP,5.0,15.0,31929.0,3543.0,1426.0,0.11096495349055717,0.4024837708156929,710.0,740.0,760.0,750.0,780.0,790.0,32.0,33.0,34.0,-2.0809222399937313,,
c3f0ffaf745c638d91c9ed7a,John Hopkins,REJECT,UNKNOWN,,,,35.0,15.0,,,,,,False,REGEX,0.4,True,162928.0,FUZZY,2023.0,Johns Hopkins University,PRIVATE_NP,2.0,15.0,38926.0,2943.0,1418.0,0.07560499409135282,0.4818212708120965,750.0,760.0,780.0,780.0,790.0,800.0,34.0,35.0,35.0,-2.503617135450525,,
c3f0ffaf745c638d91c9ed7a,Vanderbilt,REJECT,UNKNOWN,,,,35.0,15.0,,,,,,False,REGEX,0.4,True,221999.0,EXACT,2023.0,Vanderbilt University,PRIVATE_NP,5.0,15.0,45313.0,2844.0,1622.0,0.06276344536887869,0.570323488045007,740.0,760.0,770.0,770.0,780.0,790.0,34.0,35.0,35.0,-2.7035628860744794,,
579317cd4edaf656a58874c3,all projected Valedictorians and Salutatorians are auto,ACCEPT,UNKNOWN,,,1560.0,,16.0,,,,,,False,REGEX_PARTIAL,0.4,True,,UNRESOLVED,,,,,,,,,,,,,,,,,,,,,,
4c1d6828e134311070e21209,UMiami Frost EA,ACCEPT,UNKNOWN,,,,36.0,11.0,,,,,,False,REGEX,0.4,True,,UNRESOLVED,,,,,,,,,,,,,,,,,,,,,,
4c1d6828e134311070e21209,Peabody RD,WAITLIST,UNKNOWN,,,,36.0,11.0,,,,,,False,REGEX,0.4,True,,UNRESOLVED,,,,,,,,,,,,,,,,,,,,,,
4c1d6828e134311070e21209,Eastman RD,ACCEPT,UNKNOWN,,,,36.0,11.0,,,,,,False,REGEX,0.4,True,,UNRESOLVED,,,,,,,,,,,,,,,,,,,,,,
4c1d6828e134311070e21209,Bienen RD,ACCEPT,UNKNOWN,,,,36.0,11.0,,,,,,False,REGEX,0.4,True,,UNRESOLVED,,,,,,,,,,,,,,,,,,,,,,
4c1d6828e134311070e21209,Brown RD,ACCEPT,UNKNOWN,,,,36.0,11.0,,,,,,False,REGEX,0.4,True,217156.0,FUZZY,2023.0,Brown University,PRIVATE_NP,1.0,15.0,51316.0,2686.0,1695.0,0.052342349364720556,0.6310498883097543,740.0,760.0,770.0,760.0,780.0,800.0,34.0,35.0,35.0,-2.8961875263146486,,
4c1d6828e134311070e21209,Columbia RD,ACCEPT,UNKNOWN,,,,36.0,11.0,,,,,,False,REGEX,0.4,True,190150.0,FUZZY,2023.0,Columbia University in the City of New York,PRIVATE_NP,2.0,15.0,57613.0,2439.0,1540.0,0.04233419540728655,0.6314063140631406,730.0,760.0,770.0,760.0,780.0,800.0,34.0,35.0,35.0,-3.118903708594342,,
97dab8a4fe966e5bbfe6503e,Was rejected from every school besides UMass-,WAITLIST,UNKNOWN,,,,,8.0,,,,,,False,REGEX_PARTIAL,0.2,True,,UNRESOLVED,,,,,,,,,,,,,,,,,,,,,,
ffcfa06807e74343d35a8988,Princeton REA,REJECT,UNKNOWN,,,,36.0,,,,,,,False,REGEX,0.4,True,186131.0,FUZZY,2023.0,Princeton University,PRIVATE_NP,2.0,15.0,39644.0,1782.0,1366.0,0.04495005549389567,0.7665544332210998,740.0,760.0,780.0,760.0,780.0,800.0,34.0,34.0,35.0,-3.0562116415391007,,
ffcfa06807e74343d35a8988,Georgia Tech,DEFER,UNKNOWN,,,,36.0,,,,,,,False,REGEX,0.4,True,139755.0,EXACT,2023.0,Georgia Institute of Technology-Main Campus,PUBLIC,5.0,15.0,52377.0,8622.0,3763.0,0.1646142390744029,0.43644166086754815,650.0,700.0,740.0,680.0,750.0,790.0,28.0,32.0,34.0,-1.6242888156628517,,
ffcfa06807e74343d35a8988,University of Tennessee Knoxville,ACCEPT,UNKNOWN,,,,36.0,,,,,,,False,REGEX,0.4,True,221759.0,EXACT,2023.0,The University of Tennessee-Knoxville,PUBLIC,5.0,15.0,50488.0,23221.0,6694.0,0.4599310727301537,0.2882735454976099,600.0,630.0,670.0,590.0,630.0,670.0,25.0,28.0,31.0,-0.1606201381401888,,
ffcfa06807e74343d35a8988,University of Alabama,ACCEPT,UNKNOWN,,,,36.0,,,,,,,False,REGEX,0.4,True,100751.0,EXACT,2023.0,The University of Alabama,PUBLIC,5.0,15.0,58418.0,44295.0,8279.0,0.75824232257181,0.18690597132859238,590.0,640.0,700.0,580.0,640.0,700.0,24.0,27.0,31.0,1.1430671297770687,,
ffcfa06807e74343d35a8988,Purdue,ACCEPT,UNKNOWN,,,,36.0,,,,,,,False,REGEX,0.4,True,243780.0,EXACT,2023.0,Purdue University-Main Campus,PUBLIC,3.0,15.0,73083.0,36763.0,9381.0,0.503030800596582,0.25517504012186165,590.0,650.0,710.0,600.0,670.0,750.0,27.0,31.0,34.0,0.012123350870579806,,
ffcfa06807e74343d35a8988,UCSD,ACCEPT,UNKNOWN,,,,36.0,,,,,,,False,REGEX,0.4,True,110680.0,EXACT,2023.0,University of California-San Diego,PUBLIC,8.0,15.0,130771.0,32062.0,7005.0,0.2451766829037019,0.21848293930509638,,,,,,,,,,-1.1245045994251517,,
ffcfa06807e74343d35a8988,UCLA,ACCEPT,UNKNOWN,,,,36.0,,,,,,,False,REGEX,0.4,True,110662.0,EXACT,2023.0,University of California-Los Angeles,PUBLIC,8.0,15.0,145903.0,12736.0,6585.0,0.08729087133232354,0.5170383165829145,,,,,,,,,,-2.347171350561971,,
ffcfa06807e74343d35a8988,Johns Hopkins BME,ACCEPT,UNKNOWN,,,,36.0,,,,,,,False,REGEX,0.4,True,162928.0,FUZZY,2023.0,Johns Hopkins University,PRIVATE_NP,2.0,15.0,38926.0,2943.0,1418.0,0.07560499409135282,0.4818212708120965,750.0,760.0,780.0,780.0,790.0,800.0,34.0,35.0,35.0,-2.503617135450525,,
ffcfa06807e74343d35a8988,University of Maryland,ACCEPT,UNKNOWN,,,,36.0,,,,,,,False,REGEX,0.4,True,161688.0,FUZZY,,,,,,,,,,,,,,,,,,,,,,
ffcfa06807e74343d35a8988,Duke,WAITLIST,UNKNOWN,,,,36.0,,,,,,,False,REGEX,0.4,True,198419.0,EXACT,2023.0,Duke University,PRIVATE_NP,5.0,15.0,46365.0,3145.0,1742.0,0.06783133829397174,0.5538950715421304,740.0,760.0,770.0,770.0,790.0,800.0,34.0,34.0,35.0,-2.6204894609263363,,
ffcfa06807e74343d35a8988,Columbia,WAITLIST,UNKNOWN,,,,36.0,,,,,,,False,REGEX,0.4,True,190150.0,EXACT,2023.0,Columbia University in the City of New York,PRIVATE_NP,2.0,15.0,57613.0,2439.0,1540.0,0.04233419540728655,0.6314063140631406,730.0,760.0,770.0,760.0,780.0,800.0,34.0,35.0,35.0,-3.118903708594342,,
ffcfa06807e74343d35a8988,Harvard,WAITLIST,UNKNOWN,,,,36.0,,,,,,,False,REGEX,0.4,True,166027.0,EXACT,2023.0,Harvard University,PRIVATE_NP,1.0,15.0,56937.0,1965.0,1645.0,0.03451182886348069,0.8371501272264631,740.0,760.0,780.0,760.0,790.0,800.0,34.0,35.0,36.0,-3.3313317193713807,,
ffcfa06807e74343d35a8988,University of Michigan,WAITLIST,UNKNOWN,,,,36.0,,,,,,,False,REGEX,0.4,True,170976.0,EXACT,2023.0,University of Michigan-Ann Arbor,PUBLIC,3.0,15.0,87632.0,15722.0,7466.0,0.17940934818331203,0.4748759699783743,670.0,720.0,750.0,680.0,750.0,780.0,31.0,33.0,34.0,-1.520354331742838,,
ffcfa06807e74343d35a8988,Vanderbilt University,WAITLIST,UNKNOWN,,,,36.0,,,,,,,False,REGEX,0.4,True,221999.0,EXACT,2023.0,Vanderbilt University,PRIVATE_NP,5.0,15.0,45313.0,2844.0,1622.0,0.06276344536887869,0.570323488045007,740.0,760.0,770.0,770.0,780.0,790.0,34.0,35.0,35.0,-2.7035628860744794,,
ffcfa06807e74343d35a8988,Caltech,REJECT,UNKNOWN,,,,36.0,,,,,,,False,REGEX,0.4,True,110404.0,EXACT,2023.0,California Institute of Technology,PRIVATE_NP,8.0,15.0,13107.0,412.0,266.0,0.03143358510719463,0.6456310679611651,,,,,,,,,,-3.4279401447892526,,
ffcfa06807e74343d35a8988,MIT,REJECT,UNKNOWN,,,,36.0,,,,,,,False,REGEX,0.4,True,166683.0,EXACT,2023.0,Massachusetts Institute of Technology,PRIVATE_NP,1.0,15.0,26904.0,1274.0,1091.0,0.04735355337496283,0.8563579277864992,730.0,760.0,780.0,780.0,790.0,800.0,34.0,35.0,36.0,-3.001601983226008,,
ffcfa06807e74343d35a8988,Yale,REJECT,UNKNOWN,,,,36.0,,,,,,,False,REGEX,0.4,True,130794.0,EXACT,2023.0,Yale University,PRIVATE_NP,1.0,15.0,51803.0,2332.0,1641.0,0.045016697874640466,0.7036878216123499,740.0,760.0,780.0,760.0,780.0,800.0,33.0,34.0,35.0,-3.054660370818341,,
ffcfa06807e74343d35a8988,Cornell,REJECT,UNKNOWN,,,,36.0,,,,,,,False,REGEX,0.4,True,190415.0,EXACT,2023.0,Cornell University,PRIVATE_NP,2.0,15.0,65635.0,5358.0,3537.0,0.08163327492953455,0.6601343784994401,720.0,740.0,770.0,760.0,780.0,790.0,33.0,34.0,35.0,-2.4203598336469243,,
ffcfa06807e74343d35a8988,UPenn,REJECT,UNKNOWN,,,,36.0,,,,,,,False,REGEX,0.4,True,215062.0,EXACT,2023.0,University of Pennsylvania,PRIVATE_NP,2.0,15.0,59465.0,3489.0,2416.0,0.05867316909106197,0.6924620235024362,730.0,750.0,770.0,770.0,790.0,800.0,34.0,35.0,35.0,-2.7753078652389584,,
ffcfa06807e74343d35a8988,Stanford,REJECT,UNKNOWN,,,,36.0,,,,,,,False,REGEX,0.4,True,243744.0,EXACT,2023.0,Stanford University,PRIVATE_NP,8.0,15.0,53733.0,2099.0,1699.0,0.03906351776375784,0.8094330633635064,740.0,760.0,780.0,770.0,790.0,800.0,34.0,35.0,35.0,-3.202719329388706,,
ffcfa06807e74343d35a8988,Berkely,REJECT,UNKNOWN,,,,36.0,,,,,,,False,REGEX,0.4,True,110635.0,FUZZY,2023.0,University of California-Berkeley,PUBLIC,8.0,15.0,125910.0,14677.0,6641.0,0.11656738940513064,0.4524766641684268,,,,,,,,,,-2.025345457752041,,
9bbb2f7b8c6ddca7392adbd7,Bates College,WAITLIST,UNKNOWN,,,,,,,,,,,False,REGEX,0.2,True,160977.0,EXACT,2023.0,Bates College,PRIVATE_NP,1.0,21.0,8937.0,1164.0,505.0,0.1302450486740517,0.4338487972508591,700.0,720.0,740.0,700.0,730.0,770.0,31.0,32.0,33.0,-1.8987938409388365,,
9bbb2f7b8c6ddca7392adbd7,Williams College,WAITLIST,UNKNOWN,,,,,,,,,,,False,REGEX,0.2,True,168342.0,EXACT,2023.0,Williams College,PRIVATE_NP,1.0,21.0,11465.0,1145.0,541.0,0.09986916703009158,0.4724890829694323,730.0,760.0,770.0,740.0,770.0,790.0,33.0,34.0,35.0,-2.198679123047214,,
9bbb2f7b8c6ddca7392adbd7,College of the Holy Cross,ACCEPT,UNKNOWN,,,,,,,,,,,False,REGEX,0.2,True,166124.0,EXACT,2023.0,College of the Holy Cross,PRIVATE_NP,1.0,21.0,8670.0,1829.0,823.0,0.21095732410611304,0.4499726626571897,630.0,680.0,720.0,620.0,660.0,700.0,28.0,30.0,32.0,-1.3191645503701324,,
9bbb2f7b8c6ddca7392adbd7,Yale,REJECT,UNKNOWN,,,,,,,,,,,False,REGEX,0.2,True,130794.0,EXACT,2023.0,Yale University,PRIVATE_NP,1.0,15.0,51803.0,2332.0,1641.0,0.045016697874640466,0.7036878216123499,740.0,760.0,780.0,760.0,780.0,800.0,33.0,34.0,35.0,-3.054660370818341,,
9bbb2f7b8c6ddca7392adbd7,Amherst,REJECT,UNKNOWN,,,,,,,,,,,False,REGEX,0.2,True,164465.0,EXACT,2023.0,Amherst College,PRIVATE_NP,1.0,21.0,12727.0,1250.0,488.0,0.09821639035122182,0.3904,690.0,740.0,770.0,670.0,760.0,780.0,31.0,33.0,35.0,-2.2172014813843215,,
9bbb2f7b8c6ddca7392adbd7,Cornell,REJECT,UNKNOWN,,,,,,,,,,,False,REGEX,0.2,True,190415.0,EXACT,2023.0,Cornell University,PRIVATE_NP,2.0,15.0,65635.0,5358.0,3537.0,0.08163327492953455,0.6601343784994401,720.0,740.0,770.0,760.0,780.0,790.0,33.0,34.0,35.0,-2.4203598336469243,,
9bbb2f7b8c6ddca7392adbd7,Princeton,REJECT,UNKNOWN,,,,,,,,,,,False,REGEX,0.2,True,186131.0,EXACT,2023.0,Princeton University,PRIVATE_NP,2.0,15.0,39644.0,1782.0,1366.0,0.04495005549389567,0.7665544332210998,740.0,760.0,780.0,760.0,780.0,800.0,34.0,34.0,35.0,-3.0562116415391007,,
9bbb2f7b8c6ddca7392adbd7,Brown,REJECT,UNKNOWN,,,,,,,,,,,False,REGEX,0.2,True,217156.0,EXACT,2023.0,Brown University,PRIVATE_NP,1.0,15.0,51316.0,2686.0,1695.0,0.052342349364720556,0.6310498883097543,740.0,760.0,770.0,760.0,780.0,800.0,34.0,35.0,35.0,-2.8961875263146486,,
9bbb2f7b8c6ddca7392adbd7,Swarthmore,REJECT,UNKNOWN,,,,,,,,,,,False,REGEX,0.2,True,216287.0,EXACT,2023.0,Swarthmore College,PRIVATE_NP,2.0,21.0,14287.0,992.0,415.0,0.06943375096241339,0.4183467741935484,720.0,750.0,770.0,740.0,780.0,790.0,33.0,34.0,34.0,-2.595420196392247,,
9bbb2f7b8c6ddca7392adbd7,Boston University,REJECT,UNKNOWN,,,,,,,,,,,False,REGEX,0.2,True,164988.0,EXACT,2023.0,Boston University,PRIVATE_NP,1.0,15.0,80495.0,8733.0,3145.0,0.10849121063420088,0.3601282491698156,680.0,710.0,740.0,720.0,760.0,780.0,32.0,33.0,34.0,-2.1062461346106094,,
9bbb2f7b8c6ddca7392adbd7,Colby,WAITLIST,UNKNOWN,,,,,,,,,,,False,REGEX,0.2,True,161086.0,EXACT,2023.0,Colby College,PRIVATE_NP,1.0,21.0,17786.0,1215.0,605.0,0.06831215562802204,0.49794238683127573,710.0,740.0,760.0,730.0,770.0,790.0,32.0,33.0,34.0,-2.612910102855145,,
9bbb2f7b8c6ddca7392adbd7,Columbia,REJECT,UNKNOWN,,,,,,,,,,,False,REGEX,0.2,True,190150.0,EXACT,2023.0,Columbia University in the City of New York,PRIVATE_NP,2.0,15.0,57613.0,2439.0,1540.0,0.04233419540728655,0.6314063140631406,730.0,760.0,770.0,760.0,780.0,800.0,34.0,35.0,35.0,-3.118903708594342,,
32c9eb6debb89d6d36466734,Harvard,DEFER,UNKNOWN,,,1540.0,,,,,,,,False,REGEX_PARTIAL,0.4,True,166027.0,EXACT,2023.0,Harvard University,PRIVATE_NP,1.0,15.0,56937.0,1965.0,1645.0,0.03451182886348069,0.8371501272264631,740.0,760.0,780.0,760.0,790.0,800.0,34.0,35.0,36.0,-3.3313317193713807,-10.0,
c393ab0bee2dee378842cb78,REA,DEFER,UNKNOWN,,,,34.0,9.0,,,,,,False,REGEX_PARTIAL,0.4,True,126359.0,FUZZY,2023.0,Bel-Rea Institute of Animal Technology,PRIVATE_FP,7.0,10.0,138.0,82.0,27.0,0.5942028985507246,0.32926829268292684,,,,,,,,,,0.3813675565291038,,
e0f6c17db434425c1cc2c310,CMU,ACCEPT,UNKNOWN,,,,,,,,,,,False,REGEX_PARTIAL,0.2,True,211440.0,EXACT,2023.0,Carnegie Mellon University,PRIVATE_NP,2.0,15.0,33707.0,3843.0,1708.0,0.11401192630610853,0.4444444444444444,730.0,750.0,770.0,770.0,790.0,800.0,34.0,35.0,35.0,-2.0504004300295757,,
b38b1d0cc9eb3c719adc78a7,Rice,ACCEPT,UNKNOWN,4.0,4.51,1510.0,,,,,,,,False,REGEX,0.6,False,227757.0,EXACT,2023.0,Rice University,PRIVATE_NP,6.0,15.0,31059.0,2447.0,1125.0,0.0787855372033871,0.45974662852472414,730.0,760.0,770.0,770.0,790.0,800.0,34.0,35.0,36.0,-2.458963425785603,-40.0,
b38b1d0cc9eb3c719adc78a7,Northwestern,ACCEPT,UNKNOWN,4.0,4.51,1510.0,,,,,,,,False,REGEX,0.6,False,147767.0,EXACT,2023.0,Northwestern University,PRIVATE_NP,3.0,15.0,51769.0,3703.0,2111.0,0.07152929359269061,0.5700783148798272,730.0,750.0,770.0,760.0,780.0,790.0,33.0,34.0,35.0,-2.5634317645295592,-20.0,
b38b1d0cc9eb3c719adc78a7,University of Texas,ACCEPT,UNKNOWN,4.0,4.51,1510.0,,,,,,,,False,REGEX,0.6,False,228884.0,EXACT,,,,,,,,,,,,,,,,,,,,,,
b38b1d0cc9eb3c719adc78a7,University of Houston,ACCEPT,UNKNOWN,4.0,4.51,1510.0,,,,,,,,False,REGEX,0.6,False,225511.0,EXACT,2023.0,University of Houston,PUBLIC,6.0,15.0,30327.0,21087.0,5652.0,0.6953210010881393,0.2680324370465216,580.0,620.0,660.0,570.0,610.0,670.0,23.0,25.0,28.0,0.8251148512082853,280.0,
b38b1d0cc9eb3c719adc78a7,University of Cincinnati,ACCEPT,UNKNOWN,4.0,4.51,1510.0,,,,,,,,False,REGEX,0.6,False,201061.0,FUZZY,2023.0,Art Academy of Cincinnati,PRIVATE_NP,3.0,30.0,1056.0,350.0,57.0,0.3314393939393939,0.16285714285714287,,,,,,,,,,-0.7016820830097827,,
b38b1d0cc9eb3c719adc78a7,Southern Methodist University,ACCEPT,UNKNOWN,4.0,4.51,1510.0,,,,,,,,False,REGEX,0.6,False,228246.0,EXACT,2023.0,Southern Methodist University,PRIVATE_NP,6.0,16.0,15092.0,9240.0,1592.0,0.6122448979591837,0.1722943722943723,660.0,700.0,730.0,660.0,710.0,750.0,30.0,32.0,34.0,0.4567584024957149,100.0,
b38b1d0cc9eb3c719adc78a7,Juilliard,WAITLIST,UNKNOWN,4.0,4.51,1510.0,,,,,,,,False,REGEX,0.6,False,192110.0,FUZZY,2023.0,The Juilliard School,PRIVATE_NP,2.0,30.0,2020.0,181.0,95.0,0.0896039603960396,0.5248618784530387,,,,,,,,,,-2.3184801933384955,,
c78d21c97f51a49f61c588c8,Caltech RD,WAITLIST,UNKNOWN,,,1540.0,,3.0,,,,,,False,REGEX,0.4,True,110404.0,FUZZY,2023.0,California Institute of Technology,PRIVATE_NP,8.0,15.0,13107.0,412.0,266.0,0.03143358510719463,0.6456310679611651,,,,,,,,,,-3.4279401447892526,,
c78d21c97f51a49f61c588c8,Georgia Tech,DEFER,UNKNOWN,,,1540.0,,3.0,,,,,,False,REGEX,0.4,True,139755.0,EXACT,2023.0,Georgia Institute of Technology-Main Campus,PUBLIC,5.0,15.0,52377.0,8622.0,3763.0,0.1646142390744029,0.43644166086754815,650.0,700.0,740.0,680.0,750.0,790.0,28.0,32.0,34.0,-1.6242888156628517,90.0,
c78d21c97f51a49f61c588c8,UC Santa Barbara,WAITLIST,UNKNOWN,,,1540.0,,3.0,,,,,,False,REGEX,0.4,True,110705.0,EXACT,2023.0,University of California-Santa Barbara,PUBLIC,8.0,15.0,110871.0,30804.0,5043.0,0.2778364044700598,0.16371250486949745,,,,,,,,,,-0.9552192324894392,,
c78d21c97f51a49f61c588c8,Northeastern RD,WAITLIST,UNKNOWN,,,1540.0,,3.0,,,,,,False,REGEX,0.4,True,167358.0,FUZZY,2023.0,Northeastern University,PRIVATE_NP,1.0,15.0,96631.0,5459.0,2744.0,0.056493257857209385,0.502656164132625,710.0,730.0,760.0,750.0,770.0,790.0,33.0,34.0,35.0,-2.8154822095972705,40.0,
c78d21c97f51a49f61c588c8,Georgia Tech EA,DEFER,UNKNOWN,,,1540.0,,3.0,,,,,,False,REGEX,0.4,True,139959.0,FUZZY,2023.0,University of Georgia,PUBLIC,5.0,15.0,43419.0,16151.0,6146.0,0.3719800087519289,0.3805337130827813,590.0,640.0,690.0,570.0,630.0,700.0,25.0,29.0,32.0,-0.5237318862441626,270.0,
c78d21c97f51a49f61c588c8,Purdue,DEFER,UNKNOWN,,,1540.0,,3.0,,,,,,False,REGEX,0.4,True,243780.0,EXACT,2023.0,Purdue University-Main Campus,PUBLIC,3.0,15.0,73083.0,36763.0,9381.0,0.503030800596582,0.25517504012186165,590.0,650.0,710.0,600.0,670.0,750.0,27.0,31.0,34.0,0.012123350870579806,220.0,
7da972186a7246001f57b0b3,Caltech RD,WAITLIST,UNKNOWN,,,1540.0,,3.0,,,,,,False,REGEX,0.4,True,110404.0,FUZZY,2023.0,California Institute of Technology,PRIVATE_NP,8.0,15.0,13107.0,412.0,266.0,0.03143358510719463,0.6456310679611651,,,,,,,,,,-3.4279401447892526,,
7da972186a7246001f57b0b3,Georgia Tech,DEFER,UNKNOWN,,,1540.0,,3.0,,,,,,False,REGEX,0.4,True,139755.0,EXACT,2023.0,Georgia Institute of Technology-Main Campus,PUBLIC,5.0,15.0,52377.0,8622.0,3763.0,0.1646142390744029,0.43644166086754815,650.0,700.0,740.0,680.0,750.0,790.0,28.0,32.0,34.0,-1.6242888156628517,90.0,
7da972186a7246001f57b0b3,UC Santa Barbara,WAITLIST,UNKNOWN,,,1540.0,,3.0,,,,,,False,REGEX,0.4,True,110705.0,EXACT,2023.0,University of California-Santa Barbara,PUBLIC,8.0,15.0,110871.0,30804.0,5043.0,0.2778364044700598,0.16371250486949745,,,,,,,,,,-0.9552192324894392,,
7da972186a7246001f57b0b3,Northeastern RD,WAITLIST,UNKNOWN,,,1540.0,,3.0,,,,,,False,REGEX,0.4,True,167358.0,FUZZY,2023.0,Northeastern University,PRIVATE_NP,1.0,15.0,96631.0,5459.0,2744.0,0.056493257857209385,0.502656164132625,710.0,730.0,760.0,750.0,770.0,790.0,33.0,34.0,35.0,-2.8154822095972705,40.0,
7da972186a7246001f57b0b3,Georgia Tech EA,DEFER,UNKNOWN,,,1540.0,,3.0,,,,,,False,REGEX,0.4,True,139959.0,FUZZY,2023.0,University of Georgia,PUBLIC,5.0,15.0,43419.0,16151.0,6146.0,0.3719800087519289,0.3805337130827813,590.0,640.0,690.0,570.0,630.0,700.0,25.0,29.0,32.0,-0.5237318862441626,270.0,
7da972186a7246001f57b0b3,Purdue,DEFER,UNKNOWN,,,1540.0,,3.0,,,,,,False,REGEX,0.4,True,243780.0,EXACT,2023.0,Purdue University-Main Campus,PUBLIC,3.0,15.0,73083.0,36763.0,9381.0,0.503030800596582,0.25517504012186165,590.0,650.0,710.0,600.0,670.0,750.0,27.0,31.0,34.0,0.012123350870579806,220.0,
354f51817de6cfd639454132,yr scholarship,ACCEPT,UNKNOWN,3.89,4.58,,,8.0,,,,,,False,REGEX,0.4,True,,UNRESOLVED,,,,,,,,,,,,,,,,,,,,,,
354f51817de6cfd639454132,UIUC - EA,DEFER,UNKNOWN,3.89,4.58,,,8.0,,,,,,False,REGEX,0.4,True,145637.0,FUZZY,2023.0,University of Illinois Urbana-Champaign,PUBLIC,3.0,15.0,67398.0,29446.0,8325.0,0.436897237306745,0.28272091285743395,630.0,690.0,730.0,640.0,720.0,780.0,29.0,32.0,34.0,-0.25376412593204345,,
354f51817de6cfd639454132,GTech - EA,DEFER,UNKNOWN,3.89,4.58,,,8.0,,,,,,False,REGEX,0.4,True,,UNRESOLVED,,,,,,,,,,,,,,,,,,,,,,
d49b1b374ea1a475d023c5ce,University of Michigan EA,DEFER,UNKNOWN,4.0,5.24,,34.0,17.0,,,,,,False,REGEX_PARTIAL,0.6,False,170976.0,FUZZY,2023.0,University of Michigan-Ann Arbor,PUBLIC,3.0,15.0,87632.0,15722.0,7466.0,0.17940934818331203,0.4748759699783743,670.0,720.0,750.0,680.0,750.0,780.0,31.0,33.0,34.0,-1.520354331742838,,
06f90daa9e572f5609b43038,. Startup,REJECT,UNKNOWN,,,,36.0,2.0,,,,,,False,REGEX_PARTIAL,0.4,True,,UNRESOLVED,,,,,,,,,,,,,,,,,,,,,,
7f5fcba56b7162a3b0a68f14,nd Choice,DEFER,UNKNOWN,,,,,9.0,,,,,,False,REGEX_PARTIAL,0.2,True,,UNRESOLVED,,,,,,,,,,,,,,,,,,,,,,
afdd583c684cb088cc6f8516,McGill,ACCEPT,UNKNOWN,,,,,,,,,,,False,REGEX,0.2,True,,UNRESOLVED,,,,,,,,,,,,,,,,,,,,,,
afdd583c684cb088cc6f8516,UBC,ACCEPT,UNKNOWN,,,,,,,,,,,False,REGEX,0.2,True,,UNRESOLVED,,,,,,,,,,,,,,,,,,,,,,
afdd583c684cb088cc6f8516,UofT,ACCEPT,UNKNOWN,,,,,,,,,,,False,REGEX,0.2,True,,UNRESOLVED,,,,,,,,,,,,,,,,,,,,,,
afdd583c684cb088cc6f8516,UNC OOS EA,ACCEPT,UNKNOWN,,,,,,,,,,,False,REGEX,0.2,True,,UNRESOLVED,,,,,,,,,,,,,,,,,,,,,,
f60fd4f6e64c3309ed6afa9f,Yale,WAITLIST,UNKNOWN,,,,26.0,,,,,,,False,REGEX,0.4,True,130794.0,EXACT,2023.0,Yale University,PRIVATE_NP,1.0,15.0,51803.0,2332.0,1641.0,0.045016697874640466,0.7036878216123499,740.0,760.0,780.0,760.0,780.0,800.0,33.0,34.0,35.0,-3.054660370818341,,
f60fd4f6e64c3309ed6afa9f,UChicago,WAITLIST,UNKNOWN,,,,26.0,,,,,,,False,REGEX,0.4,True,144050.0,EXACT,2023.0,University of Chicago,PRIVATE_NP,3.0,15.0,38631.0,1849.0,1626.0,0.04786311511480417,0.879394267171444,740.0,760.0,770.0,770.0,790.0,800.0,34.0,35.0,35.0,-2.9903636426718014,,
f60fd4f6e64c3309ed6afa9f,Tufts,REJECT,UNKNOWN,,,,26.0,,,,,,,False,REGEX,0.4,True,168148.0,EXACT,2023.0,Tufts University,PRIVATE_NP,1.0,15.0,34003.0,3444.0,1739.0,0.10128518071934829,0.5049361207897793,710.0,740.0,760.0,750.0,770.0,790.0,33.0,34.0,35.0,-2.183025654684353,,
f60fd4f6e64c3309ed6afa9f,Princeton,REJECT,UNKNOWN,,,,26.0,,,,,,,False,REGEX,0.4,True,186131.0,EXACT,2023.0,Princeton University,PRIVATE_NP,2.0,15.0,39644.0,1782.0,1366.0,0.04495005549389567,0.7665544332210998,740.0,760.0,780.0,760.0,780.0,800.0,34.0,34.0,35.0,-3.0562116415391007,,
f60fd4f6e64c3309ed6afa9f,WashU,ACCEPT,UNKNOWN,,,,26.0,,,,,,,False,REGEX,0.4,True,179867.0,EXACT,2023.0,Washington University in St Louis,PRIVATE_NP,4.0,15.0,32240.0,3855.0,1828.0,0.11957196029776675,0.474189364461738,730.0,750.0,770.0,770.0,790.0,800.0,33.0,34.0,35.0,-1.9964898296073967,,
f60fd4f6e64c3309ed6afa9f,Wellesley,ACCEPT,UNKNOWN,,,,26.0,,,,,,,False,REGEX,0.4,True,168218.0,EXACT,2023.0,Wellesley College,PRIVATE_NP,1.0,21.0,8184.0,1138.0,573.0,0.1390518084066471,0.5035149384885764,720.0,750.0,770.0,720.0,760.0,780.0,33.0,34.0,35.0,-1.8231877442149067,,
f60fd4f6e64c3309ed6afa9f,Smith,ACCEPT,UNKNOWN,,,,26.0,,,,,,,False,REGEX,0.4,True,167835.0,EXACT,2023.0,Smith College,PRIVATE_NP,1.0,21.0,9869.0,1947.0,649.0,0.1972844259803425,0.3333333333333333,718.0,750.0,770.0,690.0,730.0,770.0,32.0,33.0,34.0,-1.4033539728096622,,
f60fd4f6e64c3309ed6afa9f,Williams,WAITLIST,UNKNOWN,,,,26.0,,,,,,,False,REGEX,0.4,True,168342.0,EXACT,2023.0,Williams College,PRIVATE_NP,1.0,21.0,11465.0,1145.0,541.0,0.09986916703009158,0.4724890829694323,730.0,760.0,770.0,740.0,770.0,790.0,33.0,34.0,35.0,-2.198679123047214,,
f60fd4f6e64c3309ed6afa9f,Bryn Mawr,ACCEPT,UNKNOWN,,,,26.0,,,,,,,False,REGEX,0.4,True,211273.0,EXACT,2023.0,Bryn Mawr College,PRIVATE_NP,2.0,21.0,3278.0,1018.0,361.0,0.3105552165954851,0.35461689587426326,670.0,710.0,740.0,630.0,680.0,730.0,30.0,32.0,33.0,-0.7975248951558636,,
f60fd4f6e64c3309ed6afa9f,Occidental,ACCEPT,UNKNOWN,,,,26.0,,,,,,,False,REGEX,0.4,True,120254.0,EXACT,2023.0,Occidental College,PRIVATE_NP,8.0,21.0,6573.0,2622.0,532.0,0.3989046097672296,0.2028985507246377,690.0,730.0,750.0,670.0,720.0,750.0,31.0,33.0,34.0,-0.4100313260877457,,
f60fd4f6e64c3309ed6afa9f,Brandies,WAITLIST,UNKNOWN,,,,26.0,,,,,,,False,REGEX,0.4,True,,UNRESOLVED,,,,,,,,,,,,,,,,,,,,,,
f60fd4f6e64c3309ed6afa9f,U of I Chicago,ACCEPT,UNKNOWN,,,,26.0,,,,,,,False,REGEX,0.4,True,144050.0,FUZZY,2023.0,University of Chicago,PRIVATE_NP,3.0,15.0,38631.0,1849.0,1626.0,0.04786311511480417,0.879394267171444,740.0,760.0,770.0,770.0,790.0,800.0,34.0,35.0,35.0,-2.9903636426718014,,
9fc82074ea1252d4a6c99533,WashU,REJECT,UNKNOWN,,,,,16.0,,,,,,False,REGEX_PARTIAL,0.2,True,179867.0,EXACT,2023.0,Washington University in St Louis,PRIVATE_NP,4.0,15.0,32240.0,3855.0,1828.0,0.11957196029776675,0.474189364461738,730.0,750.0,770.0,770.0,790.0,800.0,33.0,34.0,35.0,-1.9964898296073967,,
9fc82074ea1252d4a6c99533,Smith,ACCEPT,UNKNOWN,,,,,16.0,,,,,,False,REGEX_PARTIAL,0.2,True,167835.0,EXACT,2023.0,Smith College,PRIVATE_NP,1.0,21.0,9869.0,1947.0,649.0,0.1972844259803425,0.3333333333333333,718.0,750.0,770.0,690.0,730.0,770.0,32.0,33.0,34.0,-1.4033539728096622,,
f30c8dbf2c1f42399cde65fd,Covenant,ACCEPT,UNKNOWN,4.0,4.15,1560.0,,4.0,,,,,,False,REGEX,0.6,False,139393.0,EXACT,2023.0,Covenant College,PRIVATE_NP,5.0,21.0,751.0,614.0,246.0,0.8175765645805593,0.4006514657980456,590.0,640.0,710.0,540.0,620.0,680.0,23.0,26.0,30.0,1.5000140023190178,300.0,
f30c8dbf2c1f42399cde65fd,Berry,ACCEPT,UNKNOWN,4.0,4.15,1560.0,,4.0,,,,,,False,REGEX,0.6,False,139144.0,EXACT,2023.0,Berry College,PRIVATE_NP,5.0,20.0,6467.0,4000.0,577.0,0.6185248183083346,0.14425,570.0,620.0,658.0,530.0,570.0,620.0,23.0,26.0,29.0,0.48329152357267097,370.0,
f30c8dbf2c1f42399cde65fd,GCSU,ACCEPT,UNKNOWN,4.0,4.15,1560.0,,4.0,,,,,,False,REGEX,0.6,False,,UNRESOLVED,,,,,,,,,,,,,,,,,,,,,,
f30c8dbf2c1f42399cde65fd,Mercer,ACCEPT,UNKNOWN,4.0,4.15,1560.0,,4.0,,,,,,False,REGEX,0.6,False,140447.0,EXACT,2023.0,Mercer University,PRIVATE_NP,5.0,16.0,11058.0,7349.0,1015.0,0.664586724543317,0.1381140291196081,600.0,640.0,680.0,580.0,620.0,670.0,25.0,28.0,31.0,0.6838019510392803,300.0,
f30c8dbf2c1f42399cde65fd,Auburn,ACCEPT,UNKNOWN,4.0,4.15,1560.0,,4.0,,,,,,False,REGEX,0.6,False,100858.0,EXACT,2023.0,Auburn University,PUBLIC,5.0,15.0,48178.0,24314.0,5935.0,0.5046701814106024,0.24409805050588138,630.0,660.0,690.0,610.0,650.0,690.0,25.0,28.0,31.0,0.018681268921154896,250.0,
f30c8dbf2c1f42399cde65fd,UGA,ACCEPT,UNKNOWN,4.0,4.15,1560.0,,4.0,,,,,,False,REGEX,0.6,False,139959.0,EXACT,2023.0,University of Georgia,PUBLIC,5.0,15.0,43419.0,16151.0,6146.0,0.3719800087519289,0.3805337130827813,590.0,640.0,690.0,570.0,630.0,700.0,25.0,29.0,32.0,-0.5237318862441626,290.0,
f30c8dbf2c1f42399cde65fd,GT,DEFER,UNKNOWN,4.0,4.15,1560.0,,4.0,,,,,,False,REGEX,0.6,False,139755.0,EXACT,2023.0,Georgia Institute of Technology-Main Campus,PUBLIC,5.0,15.0,52377.0,8622.0,3763.0,0.1646142390744029,0.43644166086754815,650.0,700.0,740.0,680.0,750.0,790.0,28.0,32.0,34.0,-1.6242888156628517,110.0,
f30c8dbf2c1f42399cde65fd,UF,DEFER,UNKNOWN,4.0,4.15,1560.0,,4.0,,,,,,False,REGEX,0.6,False,,UNRESOLVED,,,,,,,,,,,,,,,,,,,,,,
f30c8dbf2c1f42399cde65fd,Hillsdale,REJECT,UNKNOWN,4.0,4.15,1560.0,,4.0,,,,,,False,REGEX,0.6,False,170286.0,EXACT,2023.0,Hillsdale College,PRIVATE_NP,3.0,21.0,2773.0,571.0,353.0,0.20591417237648757,0.6182136602451839,670.0,725.0,760.0,670.0,700.0,750.0,30.0,32.0,33.0,-1.349732107626615,135.0,
f30c8dbf2c1f42399cde65fd,FSU,ACCEPT,UNKNOWN,4.0,4.15,1560.0,,4.0,,,,,,False,REGEX,0.6,False,,UNRESOLVED,,,,,,,,,,,,,,,,,,,,,,
f30c8dbf2c1f42399cde65fd,Clemson,ACCEPT,UNKNOWN,4.0,4.15,1560.0,,4.0,,,,,,False,REGEX,0.6,False,217882.0,EXACT,2023.0,Clemson University,PUBLIC,5.0,15.0,60122.0,22879.0,4494.0,0.3805428961112405,0.19642466891035448,620.0,660.0,690.0,610.0,660.0,700.0,28.0,30.0,32.0,-0.4872445484406637,240.0,
f30c8dbf2c1f42399cde65fd,UF,REJECT,UNKNOWN,4.0,4.15,1560.0,,4.0,,,,,,False,REGEX,0.6,False,,UNRESOLVED,,,,,,,,,,,,,,,,,,,,,,
f30c8dbf2c1f42399cde65fd,Emory,REJECT,UNKNOWN,4.0,4.15,1560.0,,4.0,,,,,,False,REGEX,0.6,False,139658.0,EXACT,2023.0,Emory University,PRIVATE_NP,5.0,15.0,31929.0,3543.0,1426.0,0.11096495349055717,0.4024837708156929,710.0,740.0,760.0,750.0,780.0,790.0,32.0,33.0,34.0,-2.0809222399937313,40.0,
f30c8dbf2c1f42399cde65fd,Vanderbilt,REJECT,UNKNOWN,4.0,4.15,1560.0,,4.0,,,,,,False,REGEX,0.6,False,221999.0,EXACT,2023.0,Vanderbilt University,PRIVATE_NP,5.0,15.0,45313.0,2844.0,1622.0,0.06276344536887869,0.570323488045007,740.0,760.0,770.0,770.0,780.0,790.0,34.0,35.0,35.0,-2.7035628860744794,20.0,
f30c8dbf2c1f42399cde65fd,Harvard,REJECT,UNKNOWN,4.0,4.15,1560.0,,4.0,,,,,,False,REGEX,0.6,False,166027.0,EXACT,2023.0,Harvard University,PRIVATE_NP,1.0,15.0,56937.0,1965.0,1645.0,0.03451182886348069,0.8371501272264631,740.0,760.0,780.0,760.0,790.0,800.0,34.0,35.0,36.0,-3.3313317193713807,10.0,
f30c8dbf2c1f42399cde65fd,Duke,REJECT,UNKNOWN,4.0,4.15,1560.0,,4.0,,,,,,False,REGEX,0.6,False,198419.0,EXACT,2023.0,Duke University,PRIVATE_NP,5.0,15.0,46365.0,3145.0,1742.0,0.06783133829397174,0.5538950715421304,740.0,760.0,770.0,770.0,790.0,800.0,34.0,34.0,35.0,-2.6204894609263363,10.0,
f30c8dbf2c1f42399cde65fd,GT,ACCEPT,UNKNOWN,4.0,4.15,1560.0,,4.0,,,,,,False,REGEX,0.6,False,139755.0,EXACT,2023.0,Georgia Institute of Technology-Main Campus,PUBLIC,5.0,15.0,52377.0,8622.0,3763.0,0.1646142390744029,0.43644166086754815,650.0,700.0,740.0,680.0,750.0,790.0,28.0,32.0,34.0,-1.6242888156628517,110.0,
ee3b94e6ce1473836c1227ca,COLLEGE RESULTS,ACCEPT,UNKNOWN,,,,,10.0,,,,,,False,REGEX_PARTIAL,0.2,True,,UNRESOLVED,,,,,,,,,,,,,,,,,,,,,,
49497ddee3044f4a5c1e96a7,random safety,ACCEPT,UNKNOWN,,,1580.0,,,,,,,,False,REGEX,0.4,True,,UNRESOLVED,,,,,,,,,,,,,,,,,,,,,,
49497ddee3044f4a5c1e96a7,hypsm,REJECT,UNKNOWN,,,1580.0,,,,,,,,False,REGEX,0.4,True,,UNRESOLVED,,,,,,,,,,,,,,,,,,,,,,
49497ddee3044f4a5c1e96a7,usc,REJECT,UNKNOWN,,,1580.0,,,,,,,,False,REGEX,0.4,True,123961.0,EXACT,2023.0,University of Southern California,PRIVATE_NP,8.0,15.0,80808.0,8094.0,3633.0,0.10016335016335016,0.44885100074128986,700.0,730.0,760.0,740.0,780.0,790.0,32.0,33.0,35.0,-2.1954108917607313,70.0,
49497ddee3044f4a5c1e96a7,duke,WAITLIST,UNKNOWN,,,1580.0,,,,,,,,False,REGEX,0.4,True,198419.0,EXACT,2023.0,Duke University,PRIVATE_NP,5.0,15.0,46365.0,3145.0,1742.0,0.06783133829397174,0.5538950715421304,740.0,760.0,770.0,770.0,790.0,800.0,34.0,34.0,35.0,-2.6204894609263363,30.0,
244b1b7e908c738194115948,did not apply for aid at need-aware because I would've been auto,REJECT,UNKNOWN,,,1550.0,,,,,,,,False,REGEX_PARTIAL,0.4,True,,UNRESOLVED,,,,,,,,,,,,,,,,,,,,,,
4ca7e0f13aebfe1f2c00b4ea,Georgetown McDonough Business,ACCEPT,UNKNOWN,,,,,,,,,,,False,REGEX,0.2,True,156745.0,FUZZY,2023.0,Georgetown College,PRIVATE_NP,5.0,21.0,1815.0,1341.0,307.0,0.7388429752066116,0.22893363161819538,520.0,580.0,610.0,510.0,550.0,620.0,21.0,23.0,26.0,1.039963561586602,,
4ca7e0f13aebfe1f2c00b4ea,Fordham,ACCEPT,UNKNOWN,,,,,,,,,,,False,REGEX,0.2,True,191241.0,EXACT,2023.0,Fordham University,PRIVATE_NP,2.0,16.0,43663.0,24573.0,2426.0,0.5627877149989694,0.09872624425182111,670.0,700.0,730.0,660.0,700.0,760.0,30.0,32.0,33.0,0.25248364146391855,,
4ca7e0f13aebfe1f2c00b4ea,IU Kelly,ACCEPT,UNKNOWN,,,,,,,,,,,False,REGEX,0.2,True,,UNRESOLVED,,,,,,,,,,,,,,,,,,,,,,
4ca7e0f13aebfe1f2c00b4ea,Michigan Ross,ACCEPT,UNKNOWN,,,,,,,,,,,False,REGEX,0.2,True,170976.0,FUZZY,2023.0,University of Michigan-Ann Arbor,PUBLIC,3.0,15.0,87632.0,15722.0,7466.0,0.17940934818331203,0.4748759699783743,670.0,720.0,750.0,680.0,750.0,780.0,31.0,33.0,34.0,-1.520354331742838,,
4ca7e0f13aebfe1f2c00b4ea,Northeastern,ACCEPT,UNKNOWN,,,,,,,,,,,False,REGEX,0.2,True,167358.0,EXACT,2023.0,Northeastern University,PRIVATE_NP,1.0,15.0,96631.0,5459.0,2744.0,0.056493257857209385,0.502656164132625,710.0,730.0,760.0,750.0,770.0,790.0,33.0,34.0,35.0,-2.8154822095972705,,
4ca7e0f13aebfe1f2c00b4ea,American,ACCEPT,UNKNOWN,,,,,,,,,,,False,REGEX,0.2,True,131159.0,EXACT,2023.0,American University,PRIVATE_NP,2.0,16.0,17786.0,8427.0,1856.0,0.4737996176768245,0.22024445235552392,670.0,710.0,740.0,630.0,670.0,710.0,29.0,31.0,33.0,-0.1048976103849031,,
4ca7e0f13aebfe1f2c00b4ea,Villanova,ACCEPT,UNKNOWN,,,,,,,,,,,False,REGEX,0.2,True,216597.0,EXACT,2023.0,Villanova University,PRIVATE_NP,2.0,16.0,23127.0,5810.0,1740.0,0.2512215159769966,0.29948364888123924,690.0,720.0,740.0,710.0,740.0,770.0,32.0,33.0,34.0,-1.092108107106194,,
4ca7e0f13aebfe1f2c00b4ea,UW,ACCEPT,UNKNOWN,,,,,,,,,,,False,REGEX,0.2,True,,UNRESOLVED,,,,,,,,,,,,,,,,,,,,,,
4ca7e0f13aebfe1f2c00b4ea,Claremont McKenna,REJECT,UNKNOWN,,,,,,,,,,,False,REGEX,0.2,True,112260.0,EXACT,2023.0,Claremont McKenna College,PRIVATE_NP,8.0,21.0,5799.0,645.0,321.0,0.11122607346094154,0.49767441860465117,710.0,740.0,770.0,740.0,770.0,790.0,33.0,34.0,35.0,-2.078278074416538,,
4ca7e0f13aebfe1f2c00b4ea,Boston College,ACCEPT,UNKNOWN,,,,,,,,,,,False,REGEX,0.2,True,164924.0,EXACT,2023.0,Boston College,PRIVATE_NP,1.0,15.0,36069.0,5645.0,2335.0,0.15650558651473565,0.4136403897254207,710.0,730.0,760.0,720.0,760.0,780.0,33.0,34.0,34.0,-1.684461573024333,,
4ca7e0f13aebfe1f2c00b4ea,UC Davis,ACCEPT,UNKNOWN,,,,,,,,,,,False,REGEX,0.2,True,110644.0,EXACT,2023.0,University of California-Davis,PUBLIC,8.0,15.0,94637.0,39400.0,6578.0,0.416327651975443,0.16695431472081218,,,,,,,,,,-0.33786720229032297,,
4ca7e0f13aebfe1f2c00b4ea,UC Santa Cruz,ACCEPT,UNKNOWN,,,,,,,,,,,False,REGEX,0.2,True,,UNRESOLVED,,,,,,,,,,,,,,,,,,,,,,
4ca7e0f13aebfe1f2c00b4ea,UC Santa Barbara,ACCEPT,UNKNOWN,,,,,,,,,,,False,REGEX,0.2,True,110705.0,EXACT,2023.0,University of California-Santa Barbara,PUBLIC,8.0,15.0,110871.0,30804.0,5043.0,0.2778364044700598,0.16371250486949745,,,,,,,,,,-0.9552192324894392,,
4ca7e0f13aebfe1f2c00b4ea,UC San Diego,ACCEPT,UNKNOWN,,,,,,,,,,,False,REGEX,0.2,True,110680.0,EXACT,2023.0,University of California-San Diego,PUBLIC,8.0,15.0,130771.0,32062.0,7005.0,0.2451766829037019,0.21848293930509638,,,,,,,,,,-1.1245045994251517,,
4ca7e0f13aebfe1f2c00b4ea,UC Irvine,WAITLIST,UNKNOWN,,,,,,,,,,,False,REGEX,0.2,True,110653.0,EXACT,2023.0,University of California-Irvine,PUBLIC,8.0,15.0,121101.0,30962.0,6796.0,0.2556708862850018,0.21949486467282475,,,,,,,,,,-1.0685922772286862,,
4ca7e0f13aebfe1f2c00b4ea,UCLA,ACCEPT,UNKNOWN,,,,,,,,,,,False,REGEX,0.2,True,110662.0,EXACT,2023.0,University of California-Los Angeles,PUBLIC,8.0,15.0,145903.0,12736.0,6585.0,0.08729087133232354,0.5170383165829145,,,,,,,,,,-2.347171350561971,,
4ca7e0f13aebfe1f2c00b4ea,UC Berkeley Hass,ACCEPT,UNKNOWN,,,,,,,,,,,False,REGEX,0.2,True,110635.0,FUZZY,2023.0,University of California-Berkeley,PUBLIC,8.0,15.0,125910.0,14677.0,6641.0,0.11656738940513064,0.4524766641684268,,,,,,,,,,-2.025345457752041,,
4ca7e0f13aebfe1f2c00b4ea,Boston University,ACCEPT,UNKNOWN,,,,,,,,,,,False,REGEX,0.2,True,164988.0,EXACT,2023.0,Boston University,PRIVATE_NP,1.0,15.0,80495.0,8733.0,3145.0,0.10849121063420088,0.3601282491698156,680.0,710.0,740.0,720.0,760.0,780.0,32.0,33.0,34.0,-2.1062461346106094,,
6670acbd1af4699bb2966138,- univ of san francisco,ACCEPT,UNKNOWN,,,1440.0,,2.0,,,,,,False,REGEX,0.4,True,122612.0,FUZZY,2023.0,University of San Francisco,PRIVATE_NP,8.0,17.0,25709.0,13052.0,1124.0,0.5076821346610136,0.0861170701808152,610.0,650.0,690.0,600.0,650.0,700.0,26.0,29.0,31.0,0.030730956920762904,140.0,
6670acbd1af4699bb2966138,- univ of san diego,ACCEPT,UNKNOWN,,,1440.0,,2.0,,,,,,False,REGEX,0.4,True,122436.0,FUZZY,2023.0,University of San Diego,PRIVATE_NP,8.0,16.0,15953.0,7458.0,1245.0,0.46749827618629725,0.166934835076428,,,,,,,,,,-0.13019047336726625,,
6670acbd1af4699bb2966138,- santa clara,ACCEPT,UNKNOWN,,,1440.0,,2.0,,,,,,False,REGEX,0.4,True,122931.0,EXACT,2023.0,Santa Clara University,PRIVATE_NP,8.0,17.0,18843.0,8261.0,1552.0,0.43841214244016347,0.18787071783077108,660.0,700.0,730.0,680.0,720.0,770.0,30.0,31.0,33.0,-0.24760879890157164,20.0,
6670acbd1af4699bb2966138,- gwu,ACCEPT,UNKNOWN,,,1440.0,,2.0,,,,,,False,REGEX,0.4,True,,UNRESOLVED,,,,,,,,,,,,,,,,,,,,,,
6670acbd1af4699bb2966138,- south florida,ACCEPT,UNKNOWN,,,1440.0,,2.0,,,,,,False,REGEX,0.4,True,137351.0,EXACT,2023.0,University of South Florida,PUBLIC,5.0,15.0,65187.0,26699.0,5803.0,0.4095755288631169,0.2173489643806884,580.0,620.0,670.0,560.0,610.0,660.0,24.0,26.0,29.0,-0.3657203928758572,210.0,
6670acbd1af4699bb2966138,- loyola marymount,ACCEPT,UNKNOWN,,,1440.0,,2.0,,,,,,False,REGEX,0.4,True,117946.0,EXACT,2023.0,Loyola Marymount University,PRIVATE_NP,8.0,16.0,23361.0,9413.0,1535.0,0.4029365181285048,0.16307234675448848,,,,,,,,,,-0.39324441624832157,,
6670acbd1af4699bb2966138,- central florida,ACCEPT,UNKNOWN,,,1440.0,,2.0,,,,,,False,REGEX,0.4,True,132903.0,EXACT,2023.0,University of Central Florida,PUBLIC,5.0,15.0,60627.0,23961.0,8196.0,0.39521995150675443,0.34205584074120443,610.0,644.0,680.0,580.0,628.0,670.0,25.0,27.0,29.0,-0.42542238653747166,168.0,
6670acbd1af4699bb2966138,- fsu,ACCEPT,UNKNOWN,,,1440.0,,2.0,,,,,,False,REGEX,0.4,True,,UNRESOLVED,,,,,,,,,,,,,,,,,,,,,,
6670acbd1af4699bb2966138,- uf,ACCEPT,UNKNOWN,,,1440.0,,2.0,,,,,,False,REGEX,0.4,True,,UNRESOLVED,,,,,,,,,,,,,,,,,,,,,,
6670acbd1af4699bb2966138,- umiami,ACCEPT,UNKNOWN,,,1440.0,,2.0,,,,,,False,REGEX,0.4,True,135726.0,FUZZY,2023.0,University of Miami,PRIVATE_NP,5.0,15.0,48286.0,8940.0,2328.0,0.18514683345068964,0.26040268456375837,660.0,690.0,720.0,670.0,710.0,750.0,30.0,32.0,33.0,-1.481858728668651,40.0,
6670acbd1af4699bb2966138,- georgia tech,ACCEPT,UNKNOWN,,,1440.0,,2.0,,,,,,False,REGEX,0.4,True,139755.0,EXACT,2023.0,Georgia Institute of Technology-Main Campus,PUBLIC,5.0,15.0,52377.0,8622.0,3763.0,0.1646142390744029,0.43644166086754815,650.0,700.0,740.0,680.0,750.0,790.0,28.0,32.0,34.0,-1.6242888156628517,-10.0,
6670acbd1af4699bb2966138,- boston univ,REJECT,UNKNOWN,,,1440.0,,2.0,,,,,,False,REGEX,0.4,True,164924.0,FUZZY,2023.0,Boston College,PRIVATE_NP,1.0,15.0,36069.0,5645.0,2335.0,0.15650558651473565,0.4136403897254207,710.0,730.0,760.0,720.0,760.0,780.0,33.0,34.0,34.0,-1.684461573024333,-50.0,
6670acbd1af4699bb2966138,- tufts,REJECT,UNKNOWN,,,1440.0,,2.0,,,,,,False,REGEX,0.4,True,168148.0,EXACT,2023.0,Tufts University,PRIVATE_NP,1.0,15.0,34003.0,3444.0,1739.0,0.10128518071934829,0.5049361207897793,710.0,740.0,760.0,750.0,770.0,790.0,33.0,34.0,35.0,-2.183025654684353,-70.0,
6670acbd1af4699bb2966138,- usc,REJECT,UNKNOWN,,,1440.0,,2.0,,,,,,False,REGEX,0.4,True,123961.0,EXACT,2023.0,University of Southern California,PRIVATE_NP,8.0,15.0,80808.0,8094.0,3633.0,0.10016335016335016,0.44885100074128986,700.0,730.0,760.0,740.0,780.0,790.0,32.0,33.0,35.0,-2.1954108917607313,-70.0,
6670acbd1af4699bb2966138,- nyu,WAITLIST,UNKNOWN,,,1440.0,,2.0,,,,,,False,REGEX,0.4,True,193900.0,EXACT,2023.0,New York University,PRIVATE_NP,2.0,15.0,113578.0,10693.0,5818.0,0.09414675377273768,0.5440942672776583,720.0,750.0,770.0,760.0,780.0,800.0,33.0,34.0,35.0,-2.264022537844875,-90.0,
6670acbd1af4699bb2966138,- northeastern,WAITLIST,UNKNOWN,,,1440.0,,2.0,,,,,,False,REGEX,0.4,True,167358.0,EXACT,2023.0,Northeastern University,PRIVATE_NP,1.0,15.0,96631.0,5459.0,2744.0,0.056493257857209385,0.502656164132625,710.0,730.0,760.0,750.0,770.0,790.0,33.0,34.0,35.0,-2.8154822095972705,-60.0,
6670acbd1af4699bb2966138,- brown,ACCEPT,UNKNOWN,,,1440.0,,2.0,,,,,,False,REGEX,0.4,True,217156.0,EXACT,2023.0,Brown University,PRIVATE_NP,1.0,15.0,51316.0,2686.0,1695.0,0.052342349364720556,0.6310498883097543,740.0,760.0,770.0,760.0,780.0,800.0,34.0,35.0,35.0,-2.8961875263146486,-100.0,
6670acbd1af4699bb2966138,- columbia,WAITLIST,UNKNOWN,,,1440.0,,2.0,,,,,,False,REGEX,0.4,True,190150.0,EXACT,2023.0,Columbia University in the City of New York,PRIVATE_NP,2.0,15.0,57613.0,2439.0,1540.0,0.04233419540728655,0.6314063140631406,730.0,760.0,770.0,760.0,780.0,800.0,34.0,35.0,35.0,-3.118903708594342,-100.0,
6670acbd1af4699bb2966138,- harvard,WAITLIST,UNKNOWN,,,1440.0,,2.0,,,,,,False,REGEX,0.4,True,166027.0,EXACT,2023.0,Harvard University,PRIVATE_NP,1.0,15.0,56937.0,1965.0,1645.0,0.03451182886348069,0.8371501272264631,740.0,760.0,780.0,760.0,790.0,800.0,34.0,35.0,36.0,-3.3313317193713807,-110.0,
275c6c4a1d309de2b0dd0120,Harvard,REJECT,UNKNOWN,,,,,,,,,,,False,REGEX,0.2,True,166027.0,EXACT,2023.0,Harvard University,PRIVATE_NP,1.0,15.0,56937.0,1965.0,1645.0,0.03451182886348069,0.8371501272264631,740.0,760.0,780.0,760.0,790.0,800.0,34.0,35.0,36.0,-3.3313317193713807,,
275c6c4a1d309de2b0dd0120,UPenn,REJECT,UNKNOWN,,,,,,,,,,,False,REGEX,0.2,True,215062.0,EXACT,2023.0,University of Pennsylvania,PRIVATE_NP,2.0,15.0,59465.0,3489.0,2416.0,0.05867316909106197,0.6924620235024362,730.0,750.0,770.0,770.0,790.0,800.0,34.0,35.0,35.0,-2.7753078652389584,,
275c6c4a1d309de2b0dd0120,Columbia,ACCEPT,UNKNOWN,,,,,,,,,,,False,REGEX,0.2,True,190150.0,EXACT,2023.0,Columbia University in the City of New York,PRIVATE_NP,2.0,15.0,57613.0,2439.0,1540.0,0.04233419540728655,0.6314063140631406,730.0,760.0,770.0,760.0,780.0,800.0,34.0,35.0,35.0,-3.118903708594342,,
275c6c4a1d309de2b0dd0120,Dartmouth,REJECT,UNKNOWN,,,,,,,,,,,False,REGEX,0.2,True,182670.0,EXACT,2023.0,Dartmouth College,PRIVATE_NP,1.0,15.0,28841.0,1797.0,1206.0,0.062307132207621095,0.671118530884808,740.0,760.0,780.0,760.0,780.0,790.0,33.0,34.0,35.0,-2.7113465614270096,,
275c6c4a1d309de2b0dd0120,Brown,ACCEPT,UNKNOWN,,,,,,,,,,,False,REGEX,0.2,True,217156.0,EXACT,2023.0,Brown University,PRIVATE_NP,1.0,15.0,51316.0,2686.0,1695.0,0.052342349364720556,0.6310498883097543,740.0,760.0,770.0,760.0,780.0,800.0,34.0,35.0,35.0,-2.8961875263146486,,
275c6c4a1d309de2b0dd0120,Vanderbilt,REJECT,UNKNOWN,,,,,,,,,,,False,REGEX,0.2,True,221999.0,EXACT,2023.0,Vanderbilt University,PRIVATE_NP,5.0,15.0,45313.0,2844.0,1622.0,0.06276344536887869,0.570323488045007,740.0,760.0,770.0,770.0,780.0,790.0,34.0,35.0,35.0,-2.7035628860744794,,
275c6c4a1d309de2b0dd0120,Rice,REJECT,UNKNOWN,,,,,,,,,,,False,REGEX,0.2,True,227757.0,EXACT,2023.0,Rice University,PRIVATE_NP,6.0,15.0,31059.0,2447.0,1125.0,0.0787855372033871,0.45974662852472414,730.0,760.0,770.0,770.0,790.0,800.0,34.0,35.0,36.0,-2.458963425785603,,
275c6c4a1d309de2b0dd0120,Northeastern,ACCEPT,UNKNOWN,,,,,,,,,,,False,REGEX,0.2,True,167358.0,EXACT,2023.0,Northeastern University,PRIVATE_NP,1.0,15.0,96631.0,5459.0,2744.0,0.056493257857209385,0.502656164132625,710.0,730.0,760.0,750.0,770.0,790.0,33.0,34.0,35.0,-2.8154822095972705,,
275c6c4a1d309de2b0dd0120,Emory Atlanta,REJECT,UNKNOWN,,,,,,,,,,,False,REGEX,0.2,True,139658.0,FUZZY,2023.0,Emory University,PRIVATE_NP,5.0,15.0,31929.0,3543.0,1426.0,0.11096495349055717,0.4024837708156929,710.0,740.0,760.0,750.0,780.0,790.0,32.0,33.0,34.0,-2.0809222399937313,,
275c6c4a1d309de2b0dd0120,Emory Oxford,WAITLIST,UNKNOWN,,,,,,,,,,,False,REGEX,0.2,True,487092.0,EXACT,2023.0,Emory University-Oxford College,PRIVATE_NP,5.0,1.0,19990.0,3449.0,521.0,0.17253626813406703,0.15105827776167005,700.0,730.0,760.0,750.0,780.0,790.0,33.0,34.0,35.0,-1.5677578133053802,,
275c6c4a1d309de2b0dd0120,Notre Dame,WAITLIST,UNKNOWN,,,,,,,,,,,False,REGEX,0.2,True,152080.0,EXACT,2023.0,University of Notre Dame,PRIVATE_NP,3.0,15.0,28353.0,3510.0,2075.0,0.12379642365887207,0.5911680911680912,710.0,740.0,760.0,730.0,760.0,780.0,33.0,34.0,35.0,-1.9569599852418982,,
275c6c4a1d309de2b0dd0120,UChicago,WAITLIST,UNKNOWN,,,,,,,,,,,False,REGEX,0.2,True,144050.0,EXACT,2023.0,University of Chicago,PRIVATE_NP,3.0,15.0,38631.0,1849.0,1626.0,0.04786311511480417,0.879394267171444,740.0,760.0,770.0,770.0,790.0,800.0,34.0,35.0,35.0,-2.9903636426718014,,
275c6c4a1d309de2b0dd0120,WashU,REJECT,UNKNOWN,,,,,,,,,,,False,REGEX,0.2,True,179867.0,EXACT,2023.0,Washington University in St Louis,PRIVATE_NP,4.0,15.0,32240.0,3855.0,1828.0,0.11957196029776675,0.474189364461738,730.0,750.0,770.0,770.0,790.0,800.0,33.0,34.0,35.0,-1.9964898296073967,,
275c6c4a1d309de2b0dd0120,USC,ACCEPT,UNKNOWN,,,,,,,,,,,False,REGEX,0.2,True,123961.0,EXACT,2023.0,University of Southern California,PRIVATE_NP,8.0,15.0,80808.0,8094.0,3633.0,0.10016335016335016,0.44885100074128986,700.0,730.0,760.0,740.0,780.0,790.0,32.0,33.0,35.0,-2.1954108917607313,,
275c6c4a1d309de2b0dd0120,Johns Hopkins,REJECT,UNKNOWN,,,,,,,,,,,False,REGEX,0.2,True,162928.0,EXACT,2023.0,Johns Hopkins University,PRIVATE_NP,2.0,15.0,38926.0,2943.0,1418.0,0.07560499409135282,0.4818212708120965,750.0,760.0,780.0,780.0,790.0,800.0,34.0,35.0,35.0,-2.503617135450525,,
275c6c4a1d309de2b0dd0120,Texas A&M,ACCEPT,UNKNOWN,,,,,,,,,,,False,REGEX,0.2,True,228723.0,EXACT,2023.0,Texas A & M University-College Station,PUBLIC,6.0,15.0,50832.0,32149.0,13753.0,0.6324559332703809,0.4277893558120004,570.0,630.0,680.0,570.0,630.0,700.0,25.0,28.0,31.0,0.5427673265231154,,
275c6c4a1d309de2b0dd0120,Baylor,ACCEPT,UNKNOWN,,,,,,,,,,,False,REGEX,0.2,True,223232.0,EXACT,2023.0,Baylor University,PRIVATE_NP,6.0,15.0,39735.0,20262.0,3317.0,0.509928274820687,0.1637054584937321,610.0,650.0,700.0,600.0,640.0,700.0,27.0,29.0,32.0,0.03971831991204434,,
275c6c4a1d309de2b0dd0120,Colby,WAITLIST,UNKNOWN,,,,,,,,,,,False,REGEX,0.2,True,161086.0,EXACT,2023.0,Colby College,PRIVATE_NP,1.0,21.0,17786.0,1215.0,605.0,0.06831215562802204,0.49794238683127573,710.0,740.0,760.0,730.0,770.0,790.0,32.0,33.0,34.0,-2.612910102855145,,
275c6c4a1d309de2b0dd0120,Trinity,WAITLIST,UNKNOWN,,,,,,,,,,,False,REGEX,0.2,True,229267.0,EXACT,2023.0,Trinity University,PRIVATE_NP,6.0,21.0,11425.0,3217.0,659.0,0.28157549234135665,0.20484923842088903,670.0,700.0,735.0,650.0,690.0,730.0,30.0,32.0,33.0,-0.9366600401715245,,
275c6c4a1d309de2b0dd0120,Bates,WAITLIST,UNKNOWN,,,,,,,,,,,False,REGEX,0.2,True,160977.0,EXACT,2023.0,Bates College,PRIVATE_NP,1.0,21.0,8937.0,1164.0,505.0,0.1302450486740517,0.4338487972508591,700.0,720.0,740.0,700.0,730.0,770.0,31.0,32.0,33.0,-1.8987938409388365,,
3d38193f47f46a0395780563,Amherst College,REJECT,UNKNOWN,,,1330.0,,30.0,,,,,,False,REGEX,0.4,True,164465.0,EXACT,2023.0,Amherst College,PRIVATE_NP,1.0,21.0,12727.0,1250.0,488.0,0.09821639035122182,0.3904,690.0,740.0,770.0,670.0,760.0,780.0,31.0,33.0,35.0,-2.2172014813843215,-170.0,
3d38193f47f46a0395780563,Boston University,ACCEPT,UNKNOWN,,,1330.0,,30.0,,,,,,False,REGEX,0.4,True,164988.0,EXACT,2023.0,Boston University,PRIVATE_NP,1.0,15.0,80495.0,8733.0,3145.0,0.10849121063420088,0.3601282491698156,680.0,710.0,740.0,720.0,760.0,780.0,32.0,33.0,34.0,-2.1062461346106094,-140.0,
3d38193f47f46a0395780563,Fairfield University,WAITLIST,UNKNOWN,,,1330.0,,30.0,,,,,,False,REGEX,0.4,True,129242.0,EXACT,2023.0,Fairfield University,PRIVATE_NP,1.0,17.0,15463.0,6956.0,1436.0,0.44984802431610943,0.20644048303622772,620.0,650.0,690.0,620.0,660.0,690.0,29.0,30.0,32.0,-0.2012847575017108,20.0,
3d38193f47f46a0395780563,Rutgers University,ACCEPT,UNKNOWN,,,1330.0,,30.0,,,,,,False,REGEX,0.4,True,186380.0,EXACT,2023.0,Rutgers University-New Brunswick,PUBLIC,2.0,15.0,43347.0,28326.0,7681.0,0.6534708284310333,0.2711643013485843,630.0,680.0,720.0,640.0,700.0,760.0,28.0,31.0,33.0,0.6343308887762874,-50.0,
3d38193f47f46a0395780563,Skidmore College,WAITLIST,UNKNOWN,,,1330.0,,30.0,,,,,,False,REGEX,0.4,True,195526.0,EXACT,2023.0,Skidmore College,PRIVATE_NP,2.0,21.0,12144.0,2784.0,735.0,0.22924901185770752,0.2640086206896552,660.0,690.0,730.0,640.0,680.0,730.0,30.0,32.0,33.0,-1.2125565480173275,-40.0,
3d38193f47f46a0395780563,Binghamton University,ACCEPT,UNKNOWN,,,1330.0,,30.0,,,,,,False,REGEX,0.4,True,196079.0,EXACT,2023.0,Binghamton University,PUBLIC,2.0,15.0,49513.0,18683.0,3095.0,0.377335245289116,0.16565862013595248,660.0,700.0,730.0,660.0,710.0,760.0,29.0,32.0,34.0,-0.5008742224203585,-80.0,
3d38193f47f46a0395780563,New Paltz,ACCEPT,UNKNOWN,,,1330.0,,30.0,,,,,,False,REGEX,0.4,True,196176.0,FUZZY,2023.0,State University of New York at New Paltz,PUBLIC,2.0,18.0,16249.0,9538.0,1119.0,0.5869899686134531,0.11732019291256028,600.0,650.0,680.0,570.0,610.0,660.0,24.0,27.0,29.0,0.35153584869993026,70.0,
3d38193f47f46a0395780563,Oneonta,ACCEPT,UNKNOWN,,,1330.0,,30.0,,,,,,False,REGEX,0.4,True,196185.0,FUZZY,2023.0,SUNY Oneonta,PUBLIC,2.0,19.0,13660.0,9583.0,1320.0,0.7015373352855051,0.13774392152770532,550.0,590.0,630.0,540.0,580.0,620.0,23.0,25.0,28.0,0.8546292715245086,160.0,
3d38193f47f46a0395780563,University at Buffalo,ACCEPT,UNKNOWN,,,1330.0,,30.0,,,,,,False,REGEX,0.4,True,196088.0,EXACT,2023.0,University at Buffalo,PUBLIC,2.0,15.0,38210.0,26481.0,4271.0,0.6930384716042921,0.16128544994524377,600.0,640.0,680.0,610.0,650.0,700.0,27.0,30.0,32.0,0.8143630871668376,40.0,
3d38193f47f46a0395780563,University at Albany,ACCEPT,UNKNOWN,,,1330.0,,30.0,,,,,,False,REGEX,0.4,True,196060.0,EXACT,2023.0,University at Albany,PUBLIC,2.0,15.0,30740.0,21477.0,2836.0,0.6986662329212752,0.13204823764957863,,,,,,,,,,0.8409546248102671,,
3d38193f47f46a0395780563,GWU,WAITLIST,UNKNOWN,,,1330.0,,30.0,,,,,,False,REGEX,0.4,True,,UNRESOLVED,,,,,,,,,,,,,,,,,,,,,,
3d38193f47f46a0395780563,University of Delaware,ACCEPT,UNKNOWN,,,1330.0,,30.0,,,,,,False,REGEX,0.4,True,130943.0,EXACT,2023.0,University of Delaware,PUBLIC,2.0,15.0,37690.0,24541.0,4548.0,0.6511276200583709,0.18532252149464162,610.0,650.0,680.0,590.0,640.0,680.0,27.0,29.0,31.0,0.623999478143984,40.0,
4755e44e479409802a847a05,tamu,ACCEPT,UNKNOWN,,,,,,,,,,,False,REGEX_PARTIAL,0.2,True,,UNRESOLVED,,,,,,,,,,,,,,,,,,,,,,
d5ace037c3c3726c2e43b15e,george mason,ACCEPT,UNKNOWN,,,,,1.0,,,,,,False,REGEX,0.2,True,232186.0,EXACT,2023.0,George Mason University,PUBLIC,5.0,15.0,22579.0,20057.0,4451.0,0.8883032906683201,0.22191753502517825,580.0,630.0,670.0,560.0,610.0,670.0,25.0,28.0,30.0,2.0735259824611822,,
d5ace037c3c3726c2e43b15e,umass boston,ACCEPT,UNKNOWN,,,,,1.0,,,,,,False,REGEX,0.2,True,164924.0,FUZZY,2023.0,Boston College,PRIVATE_NP,1.0,15.0,36069.0,5645.0,2335.0,0.15650558651473565,0.4136403897254207,710.0,730.0,760.0,720.0,760.0,780.0,33.0,34.0,34.0,-1.684461573024333,,
d5ace037c3c3726c2e43b15e,west virginia,ACCEPT,UNKNOWN,,,,,1.0,,,,,,False,REGEX,0.2,True,238032.0,EXACT,2023.0,West Virginia University,PUBLIC,5.0,15.0,19857.0,17129.0,4377.0,0.8626177166742207,0.25553155467336097,520.0,570.0,630.0,490.0,550.0,610.0,20.0,23.0,26.0,1.8372041935346326,,
d5ace037c3c3726c2e43b15e,virginia commonwealth,ACCEPT,UNKNOWN,,,,,1.0,,,,,,False,REGEX,0.2,True,234030.0,EXACT,2023.0,Virginia Commonwealth University,PUBLIC,5.0,15.0,19052.0,17729.0,4519.0,0.9305584715515431,0.2548931129787354,530.0,600.0,650.0,500.0,560.0,620.0,22.0,26.0,30.0,2.5952998317834246,,
d5ace037c3c3726c2e43b15e,virginia tech,WAITLIST,UNKNOWN,,,,,1.0,,,,,,False,REGEX,0.2,True,237905.0,FUZZY,,,,,,,,,,,,,,,,,,,,,,
d5ace037c3c3726c2e43b15e,uni of virginia,REJECT,UNKNOWN,,,,,1.0,,,,,,False,REGEX,0.2,True,234164.0,FUZZY,2023.0,Virginia Union University,PRIVATE_NP,5.0,21.0,2771.0,2708.0,415.0,0.9772645254420786,0.1532496307237814,390.0,440.0,510.0,360.0,420.0,500.0,,,,3.760830907640632,,
d5ace037c3c3726c2e43b15e,william and mary,REJECT,UNKNOWN,,,,,1.0,,,,,,False,REGEX,0.2,True,200217.0,FUZZY,2023.0,University of Mary,PRIVATE_NP,4.0,17.0,1577.0,1234.0,559.0,0.7824984147114775,0.4529983792544571,,,,,,,,,,1.2802857572993933,,
d5ace037c3c3726c2e43b15e,boston uni,REJECT,UNKNOWN,,,,,1.0,,,,,,False,REGEX,0.2,True,164924.0,FUZZY,2023.0,Boston College,PRIVATE_NP,1.0,15.0,36069.0,5645.0,2335.0,0.15650558651473565,0.4136403897254207,710.0,730.0,760.0,720.0,760.0,780.0,33.0,34.0,34.0,-1.684461573024333,,
d5ace037c3c3726c2e43b15e,boston college,REJECT,UNKNOWN,,,,,1.0,,,,,,False,REGEX,0.2,True,164924.0,EXACT,2023.0,Boston College,PRIVATE_NP,1.0,15.0,36069.0,5645.0,2335.0,0.15650558651473565,0.4136403897254207,710.0,730.0,760.0,720.0,760.0,780.0,33.0,34.0,34.0,-1.684461573024333,,
d5ace037c3c3726c2e43b15e,brown uni,REJECT,UNKNOWN,,,,,1.0,,,,,,False,REGEX,0.2,True,217156.0,FUZZY,2023.0,Brown University,PRIVATE_NP,1.0,15.0,51316.0,2686.0,1695.0,0.052342349364720556,0.6310498883097543,740.0,760.0,770.0,760.0,780.0,800.0,34.0,35.0,35.0,-2.8961875263146486,,
951b0c3d952d8e6aa014b67c,MIT,DEFER,UNKNOWN,,,,,9.0,,,,,,False,REGEX_PARTIAL,0.2,True,166683.0,EXACT,2023.0,Massachusetts Institute of Technology,PRIVATE_NP,1.0,15.0,26904.0,1274.0,1091.0,0.04735355337496283,0.8563579277864992,730.0,760.0,780.0,780.0,790.0,800.0,34.0,35.0,36.0,-3.001601983226008,,
afb755c33e233f511a3f26c2,- Georgia Tech,REJECT,UNKNOWN,,4.0,1520.0,,,,,,,,False,REGEX,0.6,False,139755.0,EXACT,2023.0,Georgia Institute of Technology-Main Campus,PUBLIC,5.0,15.0,52377.0,8622.0,3763.0,0.1646142390744029,0.43644166086754815,650.0,700.0,740.0,680.0,750.0,790.0,28.0,32.0,34.0,-1.6242888156628517,70.0,
afb755c33e233f511a3f26c2,- Purdue,ACCEPT,UNKNOWN,,4.0,1520.0,,,,,,,,False,REGEX,0.6,False,243780.0,EXACT,2023.0,Purdue University-Main Campus,PUBLIC,3.0,15.0,73083.0,36763.0,9381.0,0.503030800596582,0.25517504012186165,590.0,650.0,710.0,600.0,670.0,750.0,27.0,31.0,34.0,0.012123350870579806,200.0,
afb755c33e233f511a3f26c2,- Vanderbilt,REJECT,UNKNOWN,,4.0,1520.0,,,,,,,,False,REGEX,0.6,False,221999.0,EXACT,2023.0,Vanderbilt University,PRIVATE_NP,5.0,15.0,45313.0,2844.0,1622.0,0.06276344536887869,0.570323488045007,740.0,760.0,770.0,770.0,780.0,790.0,34.0,35.0,35.0,-2.7035628860744794,-20.0,
afb755c33e233f511a3f26c2,- Rice,WAITLIST,UNKNOWN,,4.0,1520.0,,,,,,,,False,REGEX,0.6,False,227757.0,EXACT,2023.0,Rice University,PRIVATE_NP,6.0,15.0,31059.0,2447.0,1125.0,0.0787855372033871,0.45974662852472414,730.0,760.0,770.0,770.0,790.0,800.0,34.0,35.0,36.0,-2.458963425785603,-30.0,
afb755c33e233f511a3f26c2,- Yale,REJECT,UNKNOWN,,4.0,1520.0,,,,,,,,False,REGEX,0.6,False,130794.0,EXACT,2023.0,Yale University,PRIVATE_NP,1.0,15.0,51803.0,2332.0,1641.0,0.045016697874640466,0.7036878216123499,740.0,760.0,780.0,760.0,780.0,800.0,33.0,34.0,35.0,-3.054660370818341,-20.0,
afb755c33e233f511a3f26c2,- Northwestern,ACCEPT,UNKNOWN,,4.0,1520.0,,,,,,,,False,REGEX,0.6,False,147767.0,EXACT,2023.0,Northwestern University,PRIVATE_NP,3.0,15.0,51769.0,3703.0,2111.0,0.07152929359269061,0.5700783148798272,730.0,750.0,770.0,760.0,780.0,790.0,33.0,34.0,35.0,-2.5634317645295592,-10.0,
afb755c33e233f511a3f26c2,- Cornell,ACCEPT,UNKNOWN,,4.0,1520.0,,,,,,,,False,REGEX,0.6,False,190415.0,EXACT,2023.0,Cornell University,PRIVATE_NP,2.0,15.0,65635.0,5358.0,3537.0,0.08163327492953455,0.6601343784994401,720.0,740.0,770.0,760.0,780.0,790.0,33.0,34.0,35.0,-2.4203598336469243,0.0,
4d5300024e4b77149dbd32e9,Georgia State University,ACCEPT,UNKNOWN,,,1240.0,,,,,,,,False,REGEX,0.4,True,139940.0,EXACT,2023.0,Georgia State University,PUBLIC,5.0,15.0,30230.0,18826.0,4542.0,0.6227588488256699,0.24126208435142887,530.0,590.0,640.0,510.0,570.0,640.0,19.0,22.0,26.0,0.5012747220746031,80.0,
4d5300024e4b77149dbd32e9,Kennesaw State University,ACCEPT,UNKNOWN,,,1240.0,,,,,,,,False,REGEX,0.4,True,486840.0,EXACT,2023.0,Kennesaw State University,PUBLIC,5.0,16.0,23138.0,16008.0,8234.0,0.6918489065606361,0.514367816091954,520.0,570.0,620.0,500.0,550.0,600.0,19.0,22.0,25.0,0.8087773628552275,120.0,
198163f4689fab51debcee6d,Applications,REJECT,UNKNOWN,,,,,12.0,,,,,,False,REGEX_PARTIAL,0.2,True,,UNRESOLVED,,,,,,,,,,,,,,,,,,,,,,
31a04388cafe5c58ce31d0db,defer,WAITLIST,UNKNOWN,3.8,4.3,1400.0,,10.0,,,,,,False,REGEX_PARTIAL,0.6,False,,UNRESOLVED,,,,,,,,,,,,,,,,,,,,,,
16e3a22b0058077ed50493a4,cmu cs,WAITLIST,UNKNOWN,,,,,15.0,,,,,,False,REGEX,0.2,True,211440.0,FUZZY,2023.0,Carnegie Mellon University,PRIVATE_NP,2.0,15.0,33707.0,3843.0,1708.0,0.11401192630610853,0.4444444444444444,730.0,750.0,770.0,770.0,790.0,800.0,34.0,35.0,35.0,-2.0504004300295757,,
16e3a22b0058077ed50493a4,udub cs,WAITLIST,UNKNOWN,,,,,15.0,,,,,,False,REGEX,0.2,True,,UNRESOLVED,,,,,,,,,,,,,,,,,,,,,,
16e3a22b0058077ed50493a4,ucsd cs,WAITLIST,UNKNOWN,,,,,15.0,,,,,,False,REGEX,0.2,True,110680.0,FUZZY,2023.0,University of California-San Diego,PUBLIC,8.0,15.0,130771.0,32062.0,7005.0,0.2451766829037019,0.21848293930509638,,,,,,,,,,-1.1245045994251517,,
16e3a22b0058077ed50493a4,cornell cs,WAITLIST,UNKNOWN,,,,,15.0,,,,,,False,REGEX,0.2,True,190415.0,FUZZY,2023.0,Cornell University,PRIVATE_NP,2.0,15.0,65635.0,5358.0,3537.0,0.08163327492953455,0.6601343784994401,720.0,740.0,770.0,760.0,780.0,790.0,33.0,34.0,35.0,-2.4203598336469243,,
16e3a22b0058077ed50493a4,princeton cs,REJECT,UNKNOWN,,,,,15.0,,,,,,False,REGEX,0.2,True,186131.0,FUZZY,2023.0,Princeton University,PRIVATE_NP,2.0,15.0,39644.0,1782.0,1366.0,0.04495005549389567,0.7665544332210998,740.0,760.0,780.0,760.0,780.0,800.0,34.0,34.0,35.0,-3.0562116415391007,,
16e3a22b0058077ed50493a4,jhu cs,REJECT,UNKNOWN,,,,,15.0,,,,,,False,REGEX,0.2,True,162928.0,FUZZY,2023.0,Johns Hopkins University,PRIVATE_NP,2.0,15.0,38926.0,2943.0,1418.0,0.07560499409135282,0.4818212708120965,750.0,760.0,780.0,780.0,790.0,800.0,34.0,35.0,35.0,-2.503617135450525,,
16e3a22b0058077ed50493a4,dartmouth cs,REJECT,UNKNOWN,,,,,15.0,,,,,,False,REGEX,0.2,True,182670.0,FUZZY,2023.0,Dartmouth College,PRIVATE_NP,1.0,15.0,28841.0,1797.0,1206.0,0.062307132207621095,0.671118530884808,740.0,760.0,780.0,760.0,780.0,790.0,33.0,34.0,35.0,-2.7113465614270096,,
16e3a22b0058077ed50493a4,berkeley eecs,REJECT,UNKNOWN,,,,,15.0,,,,,,False,REGEX,0.2,True,110635.0,FUZZY,2023.0,University of California-Berkeley,PUBLIC,8.0,15.0,125910.0,14677.0,6641.0,0.11656738940513064,0.4524766641684268,,,,,,,,,,-2.025345457752041,,
5747a71de471dfa39cfadde9,SDSU,ACCEPT,UNKNOWN,,,,,8.0,,,,,,False,REGEX,0.2,True,122409.0,EXACT,2023.0,San Diego State University,PUBLIC,8.0,16.0,82800.0,28517.0,6162.0,0.34440821256038645,0.21608163551565732,,,,,,,,,,-0.6437107017425816,,
5747a71de471dfa39cfadde9,Cal Poly SLO,REJECT,UNKNOWN,,,,,8.0,,,,,,False,REGEX,0.2,True,,UNRESOLVED,,,,,,,,,,,,,,,,,,,,,,
5747a71de471dfa39cfadde9,UCSC,ACCEPT,UNKNOWN,,,,,8.0,,,,,,False,REGEX,0.2,True,,UNRESOLVED,,,,,,,,,,,,,,,,,,,,,,
5747a71de471dfa39cfadde9,UCD,REJECT,UNKNOWN,,,,,8.0,,,,,,False,REGEX,0.2,True,,UNRESOLVED,,,,,,,,,,,,,,,,,,,,,,
5747a71de471dfa39cfadde9,UCSB,REJECT,UNKNOWN,,,,,8.0,,,,,,False,REGEX,0.2,True,110705.0,EXACT,2023.0,University of California-Santa Barbara,PUBLIC,8.0,15.0,110871.0,30804.0,5043.0,0.2778364044700598,0.16371250486949745,,,,,,,,,,-0.9552192324894392,,
5747a71de471dfa39cfadde9,UCSD,REJECT,UNKNOWN,,,,,8.0,,,,,,False,REGEX,0.2,True,110680.0,EXACT,2023.0,University of California-San Diego,PUBLIC,8.0,15.0,130771.0,32062.0,7005.0,0.2451766829037019,0.21848293930509638,,,,,,,,,,-1.1245045994251517,,
5747a71de471dfa39cfadde9,UCLA,REJECT,UNKNOWN,,,,,8.0,,,,,,False,REGEX,0.2,True,110662.0,EXACT,2023.0,University of California-Los Angeles,PUBLIC,8.0,15.0,145903.0,12736.0,6585.0,0.08729087133232354,0.5170383165829145,,,,,,,,,,-2.347171350561971,,
5747a71de471dfa39cfadde9,UCB,REJECT,UNKNOWN,,,,,8.0,,,,,,False,REGEX,0.2,True,,UNRESOLVED,,,,,,,,,,,,,,,,,,,,,,
a8752382790bc7bfcdb6f1ee,UNC,ACCEPT,UNKNOWN,,,,,,,,,,,False,REGEX,0.2,True,,UNRESOLVED,,,,,,,,,,,,,,,,,,,,,,
a8752382790bc7bfcdb6f1ee,UCLA,ACCEPT,UNKNOWN,,,,,,,,,,,False,REGEX,0.2,True,110662.0,EXACT,2023.0,University of California-Los Angeles,PUBLIC,8.0,15.0,145903.0,12736.0,6585.0,0.08729087133232354,0.5170383165829145,,,,,,,,,,-2.347171350561971,,
a8752382790bc7bfcdb6f1ee,Barnard,WAITLIST,UNKNOWN,,,,,,,,,,,False,REGEX,0.2,True,189097.0,EXACT,2023.0,Barnard College,PRIVATE_NP,2.0,21.0,11803.0,940.0,711.0,0.07964076929594172,0.7563829787234042,723.0,750.0,770.0,730.0,760.0,780.0,32.0,33.0,34.0,-2.447237923169701,,
a8752382790bc7bfcdb6f1ee,UCSD,ACCEPT,UNKNOWN,,,,,,,,,,,False,REGEX,0.2,True,110680.0,EXACT,2023.0,University of California-San Diego,PUBLIC,8.0,15.0,130771.0,32062.0,7005.0,0.2451766829037019,0.21848293930509638,,,,,,,,,,-1.1245045994251517,,
a8752382790bc7bfcdb6f1ee,Richmond,ACCEPT,UNKNOWN,,,,,,,,,,,False,REGEX,0.2,True,233374.0,EXACT,2023.0,University of Richmond,PRIVATE_NP,5.0,21.0,15121.0,3525.0,833.0,0.2331195026783943,0.23631205673758865,690.0,720.0,750.0,720.0,750.0,780.0,32.0,33.0,34.0,-1.190779774795177,,
a8752382790bc7bfcdb6f1ee,Northeastern,ACCEPT,UNKNOWN,,,,,,,,,,,False,REGEX,0.2,True,167358.0,EXACT,2023.0,Northeastern University,PRIVATE_NP,1.0,15.0,96631.0,5459.0,2744.0,0.056493257857209385,0.502656164132625,710.0,730.0,760.0,750.0,770.0,790.0,33.0,34.0,35.0,-2.8154822095972705,,
a8752382790bc7bfcdb6f1ee,UWash,ACCEPT,UNKNOWN,,,,,,,,,,,False,REGEX,0.2,True,,UNRESOLVED,,,,,,,,,,,,,,,,,,,,,,
a8752382790bc7bfcdb6f1ee,St Andrews-William and Mary Joint Degree,ACCEPT,UNKNOWN,,,,,,,,,,,False,REGEX,0.2,True,168740.0,FUZZY,2023.0,Andrews University,PRIVATE_NP,3.0,17.0,1286.0,1124.0,272.0,0.8740279937791602,0.24199288256227758,540.0,610.0,690.0,530.0,590.0,680.0,20.0,23.0,28.0,1.9370526952212523,,
0cd0f04201a045ee5927d420,Brown,DEFER,UNKNOWN,,,,,,,,,,,False,REGEX,0.2,True,217156.0,EXACT,2023.0,Brown University,PRIVATE_NP,1.0,15.0,51316.0,2686.0,1695.0,0.052342349364720556,0.6310498883097543,740.0,760.0,770.0,760.0,780.0,800.0,34.0,35.0,35.0,-2.8961875263146486,,
0cd0f04201a045ee5927d420,Texas A&M,ACCEPT,UNKNOWN,,,,,,,,,,,False,REGEX,0.2,True,228723.0,EXACT,2023.0,Texas A & M University-College Station,PUBLIC,6.0,15.0,50832.0,32149.0,13753.0,0.6324559332703809,0.4277893558120004,570.0,630.0,680.0,570.0,630.0,700.0,25.0,28.0,31.0,0.5427673265231154,,
0cd0f04201a045ee5927d420,UT Austin,ACCEPT,UNKNOWN,,,,,,,,,,,False,REGEX,0.2,True,228778.0,EXACT,2023.0,The University of Texas at Austin,PUBLIC,6.0,15.0,66109.0,19253.0,9385.0,0.29123114855768506,0.4874565002856698,620.0,680.0,730.0,610.0,690.0,760.0,27.0,31.0,33.0,-0.8894121760402826,,
0cd0f04201a045ee5927d420,MIT,REJECT,UNKNOWN,,,,,,,,,,,False,REGEX,0.2,True,166683.0,EXACT,2023.0,Massachusetts Institute of Technology,PRIVATE_NP,1.0,15.0,26904.0,1274.0,1091.0,0.04735355337496283,0.8563579277864992,730.0,760.0,780.0,780.0,790.0,800.0,34.0,35.0,36.0,-3.001601983226008,,
0cd0f04201a045ee5927d420,Johns Hopkins,WAITLIST,UNKNOWN,,,,,,,,,,,False,REGEX,0.2,True,162928.0,EXACT,2023.0,Johns Hopkins University,PRIVATE_NP,2.0,15.0,38926.0,2943.0,1418.0,0.07560499409135282,0.4818212708120965,750.0,760.0,780.0,780.0,790.0,800.0,34.0,35.0,35.0,-2.503617135450525,,
0cd0f04201a045ee5927d420,WashU,REJECT,UNKNOWN,,,,,,,,,,,False,REGEX,0.2,True,179867.0,EXACT,2023.0,Washington University in St Louis,PRIVATE_NP,4.0,15.0,32240.0,3855.0,1828.0,0.11957196029776675,0.474189364461738,730.0,750.0,770.0,770.0,790.0,800.0,33.0,34.0,35.0,-1.9964898296073967,,
0cd0f04201a045ee5927d420,Vanderbilt,REJECT,UNKNOWN,,,,,,,,,,,False,REGEX,0.2,True,221999.0,EXACT,2023.0,Vanderbilt University,PRIVATE_NP,5.0,15.0,45313.0,2844.0,1622.0,0.06276344536887869,0.570323488045007,740.0,760.0,770.0,770.0,780.0,790.0,34.0,35.0,35.0,-2.7035628860744794,,
0cd0f04201a045ee5927d420,USC,REJECT,UNKNOWN,,,,,,,,,,,False,REGEX,0.2,True,123961.0,EXACT,2023.0,University of Southern California,PRIVATE_NP,8.0,15.0,80808.0,8094.0,3633.0,0.10016335016335016,0.44885100074128986,700.0,730.0,760.0,740.0,780.0,790.0,32.0,33.0,35.0,-2.1954108917607313,,
16899798d9d11d00f33845df,In dire need of a miracle,WAITLIST,UNKNOWN,,,,,,,,,,,False,REGEX_PARTIAL,0.2,True,,UNRESOLVED,,,,,,,,,,,,,,,,,,,,,,
f7ef8eb1fcd0588bcb881ea9,UChicago,REJECT,UNKNOWN,,,,,,,,,,,False,REGEX_PARTIAL,0.2,True,144050.0,EXACT,2023.0,University of Chicago,PRIVATE_NP,3.0,15.0,38631.0,1849.0,1626.0,0.04786311511480417,0.879394267171444,740.0,760.0,770.0,770.0,790.0,800.0,34.0,35.0,35.0,-2.9903636426718014,,
c1aab31ffd24011a49dcd81c,caltech,WAITLIST,UNKNOWN,,,1590.0,,,,,,,,False,REGEX,0.4,True,110404.0,EXACT,2023.0,California Institute of Technology,PRIVATE_NP,8.0,15.0,13107.0,412.0,266.0,0.03143358510719463,0.6456310679611651,,,,,,,,,,-3.4279401447892526,,
c1aab31ffd24011a49dcd81c,cmu,WAITLIST,UNKNOWN,,,1590.0,,,,,,,,False,REGEX,0.4,True,211440.0,EXACT,2023.0,Carnegie Mellon University,PRIVATE_NP,2.0,15.0,33707.0,3843.0,1708.0,0.11401192630610853,0.4444444444444444,730.0,750.0,770.0,770.0,790.0,800.0,34.0,35.0,35.0,-2.0504004300295757,50.0,
c1aab31ffd24011a49dcd81c,fordham,REJECT,UNKNOWN,,,1590.0,,,,,,,,False,REGEX,0.4,True,191241.0,EXACT,2023.0,Fordham University,PRIVATE_NP,2.0,16.0,43663.0,24573.0,2426.0,0.5627877149989694,0.09872624425182111,670.0,700.0,730.0,660.0,700.0,760.0,30.0,32.0,33.0,0.25248364146391855,190.0,
c1aab31ffd24011a49dcd81c,jhu,REJECT,UNKNOWN,,,1590.0,,,,,,,,False,REGEX,0.4,True,162928.0,EXACT,2023.0,Johns Hopkins University,PRIVATE_NP,2.0,15.0,38926.0,2943.0,1418.0,0.07560499409135282,0.4818212708120965,750.0,760.0,780.0,780.0,790.0,800.0,34.0,35.0,35.0,-2.503617135450525,40.0,
152a5f33fd4a2ed7637062d3,so far,REJECT,UNKNOWN,,,1580.0,,,,,,,,False,REGEX_PARTIAL,0.4,True,,UNRESOLVED,,,,,,,,,,,,,,,,,,,,,,
a8fe9811974861259333d962,. Penn is the same,REJECT,UNKNOWN,,,,,,,,,,,False,REGEX_PARTIAL,0.2,True,215062.0,FUZZY,2023.0,University of Pennsylvania,PRIVATE_NP,2.0,15.0,59465.0,3489.0,2416.0,0.05867316909106197,0.6924620235024362,730.0,750.0,770.0,770.0,790.0,800.0,34.0,35.0,35.0,-2.7753078652389584,,
1cd9f694b57c476e3c4317d7,Northeastern,REJECT,UNKNOWN,,,,,,,,,,,False,REGEX,0.2,True,167358.0,EXACT,2023.0,Northeastern University,PRIVATE_NP,1.0,15.0,96631.0,5459.0,2744.0,0.056493257857209385,0.502656164132625,710.0,730.0,760.0,750.0,770.0,790.0,33.0,34.0,35.0,-2.8154822095972705,,
1cd9f694b57c476e3c4317d7,UChicago,REJECT,UNKNOWN,,,,,,,,,,,False,REGEX,0.2,True,144050.0,EXACT,2023.0,University of Chicago,PRIVATE_NP,3.0,15.0,38631.0,1849.0,1626.0,0.04786311511480417,0.879394267171444,740.0,760.0,770.0,770.0,790.0,800.0,34.0,35.0,35.0,-2.9903636426718014,,
1cd9f694b57c476e3c4317d7,Fordham,WAITLIST,UNKNOWN,,,,,,,,,,,False,REGEX,0.2,True,191241.0,EXACT,2023.0,Fordham University,PRIVATE_NP,2.0,16.0,43663.0,24573.0,2426.0,0.5627877149989694,0.09872624425182111,670.0,700.0,730.0,660.0,700.0,760.0,30.0,32.0,33.0,0.25248364146391855,,
31ea74250af6f230c60d200e,Caltech,WAITLIST,UNKNOWN,,,,,,,,,,,False,REGEX,0.2,True,110404.0,EXACT,2023.0,California Institute of Technology,PRIVATE_NP,8.0,15.0,13107.0,412.0,266.0,0.03143358510719463,0.6456310679611651,,,,,,,,,,-3.4279401447892526,,
31ea74250af6f230c60d200e,UChicago,WAITLIST,UNKNOWN,,,,,,,,,,,False,REGEX,0.2,True,144050.0,EXACT,2023.0,University of Chicago,PRIVATE_NP,3.0,15.0,38631.0,1849.0,1626.0,0.04786311511480417,0.879394267171444,740.0,760.0,770.0,770.0,790.0,800.0,34.0,35.0,35.0,-2.9903636426718014,,
31ea74250af6f230c60d200e,Columbia,ACCEPT,UNKNOWN,,,,,,,,,,,False,REGEX,0.2,True,190150.0,EXACT,2023.0,Columbia University in the City of New York,PRIVATE_NP,2.0,15.0,57613.0,2439.0,1540.0,0.04233419540728655,0.6314063140631406,730.0,760.0,770.0,760.0,780.0,800.0,34.0,35.0,35.0,-3.118903708594342,,
cf4e08de4c5efe3aa7c7b039,Caltech RD,WAITLIST,UNKNOWN,,,1540.0,,3.0,,,,,,False,REGEX,0.4,True,110404.0,FUZZY,2023.0,California Institute of Technology,PRIVATE_NP,8.0,15.0,13107.0,412.0,266.0,0.03143358510719463,0.6456310679611651,,,,,,,,,,-3.4279401447892526,,
cf4e08de4c5efe3aa7c7b039,Northeastern RD,WAITLIST,UNKNOWN,,,1540.0,,3.0,,,,,,False,REGEX,0.4,True,167358.0,FUZZY,2023.0,Northeastern University,PRIVATE_NP,1.0,15.0,96631.0,5459.0,2744.0,0.056493257857209385,0.502656164132625,710.0,730.0,760.0,750.0,770.0,790.0,33.0,34.0,35.0,-2.8154822095972705,40.0,
cf4e08de4c5efe3aa7c7b039,Georgia Tech EA,DEFER,UNKNOWN,,,1540.0,,3.0,,,,,,False,REGEX,0.4,True,139959.0,FUZZY,2023.0,University of Georgia,PUBLIC,5.0,15.0,43419.0,16151.0,6146.0,0.3719800087519289,0.3805337130827813,590.0,640.0,690.0,570.0,630.0,700.0,25.0,29.0,32.0,-0.5237318862441626,270.0,
cf4e08de4c5efe3aa7c7b039,Purdue EA,DEFER,UNKNOWN,,,1540.0,,3.0,,,,,,False,REGEX,0.4,True,243780.0,FUZZY,2023.0,Purdue University-Main Campus,PUBLIC,3.0,15.0,73083.0,36763.0,9381.0,0.503030800596582,0.25517504012186165,590.0,650.0,710.0,600.0,670.0,750.0,27.0,31.0,34.0,0.012123350870579806,220.0,
b08e6712eeb090454590428f,Caltech RD,WAITLIST,UNKNOWN,,,,,,,,,,,False,REGEX,0.2,True,110404.0,FUZZY,2023.0,California Institute of Technology,PRIVATE_NP,8.0,15.0,13107.0,412.0,266.0,0.03143358510719463,0.6456310679611651,,,,,,,,,,-3.4279401447892526,,
b08e6712eeb090454590428f,Georgia Tech EA,DEFER,UNKNOWN,,,,,,,,,,,False,REGEX,0.2,True,139959.0,FUZZY,2023.0,University of Georgia,PUBLIC,5.0,15.0,43419.0,16151.0,6146.0,0.3719800087519289,0.3805337130827813,590.0,640.0,690.0,570.0,630.0,700.0,25.0,29.0,32.0,-0.5237318862441626,,
b08e6712eeb090454590428f,Purdue EA,DEFER,UNKNOWN,,,,,,,,,,,False,REGEX,0.2,True,243780.0,FUZZY,2023.0,Purdue University-Main Campus,PUBLIC,3.0,15.0,73083.0,36763.0,9381.0,0.503030800596582,0.25517504012186165,590.0,650.0,710.0,600.0,670.0,750.0,27.0,31.0,34.0,0.012123350870579806,,
b08e6712eeb090454590428f,Northeastern EA,WAITLIST,UNKNOWN,,,,,,,,,,,False,REGEX,0.2,True,167358.0,FUZZY,2023.0,Northeastern University,PRIVATE_NP,1.0,15.0,96631.0,5459.0,2744.0,0.056493257857209385,0.502656164132625,710.0,730.0,760.0,750.0,770.0,790.0,33.0,34.0,35.0,-2.8154822095972705,,
2b354603a312b17d23f9eb6e,FIT,ACCEPT,UNKNOWN,,,1420.0,,20.0,,,,,,False,REGEX,0.4,True,,UNRESOLVED,,,,,,,,,,,,,,,,,,,,,,
2b354603a312b17d23f9eb6e,EFSC,ACCEPT,UNKNOWN,,,1420.0,,20.0,,,,,,False,REGEX,0.4,True,,UNRESOLVED,,,,,,,,,,,,,,,,,,,,,,
2b354603a312b17d23f9eb6e,Stetson,ACCEPT,UNKNOWN,,,1420.0,,20.0,,,,,,False,REGEX,0.4,True,137546.0,EXACT,2023.0,Stetson University,PRIVATE_NP,5.0,18.0,7824.0,6762.0,638.0,0.8642638036809815,0.09435078379177758,560.0,610.0,660.0,530.0,580.0,630.0,23.0,26.0,29.0,1.8511647814659467,230.0,
2b354603a312b17d23f9eb6e,FL Polytechnic,ACCEPT,UNKNOWN,,,1420.0,,20.0,,,,,,False,REGEX,0.4,True,,UNRESOLVED,,,,,,,,,,,,,,,,,,,,,,
2b354603a312b17d23f9eb6e,FAU,ACCEPT,UNKNOWN,,,1420.0,,20.0,,,,,,False,REGEX,0.4,True,,UNRESOLVED,,,,,,,,,,,,,,,,,,,,,,
2b354603a312b17d23f9eb6e,Eckerd,ACCEPT,UNKNOWN,,,1420.0,,20.0,,,,,,False,REGEX,0.4,True,133492.0,EXACT,2023.0,Eckerd College,PRIVATE_NP,5.0,21.0,4664.0,3670.0,537.0,0.7868782161234992,0.14632152588555858,600.0,650.0,678.0,550.0,610.0,658.0,24.0,26.0,29.0,1.306209734392042,160.0,
2b354603a312b17d23f9eb6e,UCF,ACCEPT,UNKNOWN,,,1420.0,,20.0,,,,,,False,REGEX,0.4,True,,UNRESOLVED,,,,,,,,,,,,,,,,,,,,,,
2b354603a312b17d23f9eb6e,Nova Southeastern,ACCEPT,UNKNOWN,,,1420.0,,20.0,,,,,,False,REGEX,0.4,True,136215.0,EXACT,2023.0,Nova Southeastern University,PRIVATE_NP,5.0,16.0,17621.0,12805.0,2029.0,0.7266897451903979,0.15845372901210464,540.0,600.0,660.0,510.0,580.0,650.0,21.0,24.0,28.0,0.977892011644969,240.0,
2b354603a312b17d23f9eb6e,Gulf Coast,ACCEPT,UNKNOWN,,,1420.0,,20.0,,,,,,False,REGEX,0.4,True,134343.0,FUZZY,,,,,,,,,,,,,,,,,,,,,,
2b354603a312b17d23f9eb6e,New College of FL,ACCEPT,UNKNOWN,,,1420.0,,20.0,,,,,,False,REGEX,0.4,True,,UNRESOLVED,,,,,,,,,,,,,,,,,,,,,,
2b354603a312b17d23f9eb6e,UWF,ACCEPT,UNKNOWN,,,1420.0,,20.0,,,,,,False,REGEX,0.4,True,,UNRESOLVED,,,,,,,,,,,,,,,,,,,,,,
2b354603a312b17d23f9eb6e,UNF,ACCEPT,UNKNOWN,,,1420.0,,20.0,,,,,,False,REGEX,0.4,True,,UNRESOLVED,,,,,,,,,,,,,,,,,,,,,,
2b354603a312b17d23f9eb6e,Saint Leo,ACCEPT,UNKNOWN,,,1420.0,,20.0,,,,,,False,REGEX,0.4,True,137032.0,EXACT,2023.0,Saint Leo University,PRIVATE_NP,5.0,17.0,7788.0,5615.0,632.0,0.7209809964047252,0.11255565449688335,,,,,,,,,,0.949332886916114,,
2b354603a312b17d23f9eb6e,UWF,ACCEPT,UNKNOWN,,,1420.0,,20.0,,,,,,False,REGEX,0.4,True,,UNRESOLVED,,,,,,,,,,,,,,,,,,,,,,
2b354603a312b17d23f9eb6e,FIU,ACCEPT,UNKNOWN,,,1420.0,,20.0,,,,,,False,REGEX,0.4,True,,UNRESOLVED,,,,,,,,,,,,,,,,,,,,,,
2b354603a312b17d23f9eb6e,UF,ACCEPT,UNKNOWN,,,1420.0,,20.0,,,,,,False,REGEX,0.4,True,,UNRESOLVED,,,,,,,,,,,,,,,,,,,,,,
2b354603a312b17d23f9eb6e,UMiami,REJECT,UNKNOWN,,,1420.0,,20.0,,,,,,False,REGEX,0.4,True,135726.0,FUZZY,2023.0,University of Miami,PRIVATE_NP,5.0,15.0,48286.0,8940.0,2328.0,0.18514683345068964,0.26040268456375837,660.0,690.0,720.0,670.0,710.0,750.0,30.0,32.0,33.0,-1.481858728668651,20.0,
2b354603a312b17d23f9eb6e,Ringling,REJECT,UNKNOWN,,,1420.0,,20.0,,,,,,False,REGEX,0.4,True,136774.0,FUZZY,2023.0,Ringling College of Art and Design,PRIVATE_NP,5.0,30.0,2685.0,1809.0,447.0,0.6737430167597765,0.2470978441127695,,,,,,,,,,0.7251633944589037,,
01870b7f3c3eb42da980210f,Georgia State University,ACCEPT,UNKNOWN,,,1240.0,,,,,,,,False,REGEX,0.4,True,139940.0,EXACT,2023.0,Georgia State University,PUBLIC,5.0,15.0,30230.0,18826.0,4542.0,0.6227588488256699,0.24126208435142887,530.0,590.0,640.0,510.0,570.0,640.0,19.0,22.0,26.0,0.5012747220746031,80.0,
01870b7f3c3eb42da980210f,Kennesaw State University,ACCEPT,UNKNOWN,,,1240.0,,,,,,,,False,REGEX,0.4,True,486840.0,EXACT,2023.0,Kennesaw State University,PUBLIC,5.0,16.0,23138.0,16008.0,8234.0,0.6918489065606361,0.514367816091954,520.0,570.0,620.0,500.0,550.0,600.0,19.0,22.0,25.0,0.8087773628552275,120.0,
534201d104bba8d950843f06,Georgia State University,ACCEPT,UNKNOWN,,,1240.0,,,,,,,,False,REGEX,0.4,True,139940.0,EXACT,2023.0,Georgia State University,PUBLIC,5.0,15.0,30230.0,18826.0,4542.0,0.6227588488256699,0.24126208435142887,530.0,590.0,640.0,510.0,570.0,640.0,19.0,22.0,26.0,0.5012747220746031,80.0,
534201d104bba8d950843f06,Kennesaw State University,ACCEPT,UNKNOWN,,,1240.0,,,,,,,,False,REGEX,0.4,True,486840.0,EXACT,2023.0,Kennesaw State University,PUBLIC,5.0,16.0,23138.0,16008.0,8234.0,0.6918489065606361,0.514367816091954,520.0,570.0,620.0,500.0,550.0,600.0,19.0,22.0,25.0,0.8087773628552275,120.0,
c794c91b20e3edd098cb973e,Literally speechless,ACCEPT,UNKNOWN,,,,,,,,,,,False,REGEX_PARTIAL,0.2,True,,UNRESOLVED,,,,,,,,,,,,,,,,,,,,,,
08bce96b5602f00660157b72,. LaunchX Entrepreneurship,ACCEPT,UNKNOWN,,,,,,,,,,,False,REGEX_PARTIAL,0.2,True,,UNRESOLVED,,,,,,,,,,,,,,,,,,,,,,
6d8d94587ad04f7d533ad8fd,gtech,REJECT,UNKNOWN,,,,,,,,,,,False,REGEX_PARTIAL,0.2,True,,UNRESOLVED,,,,,,,,,,,,,,,,,,,,,,
6d8d94587ad04f7d533ad8fd,uiuc,REJECT,UNKNOWN,,,,,,,,,,,False,REGEX_PARTIAL,0.2,True,145637.0,EXACT,2023.0,University of Illinois Urbana-Champaign,PUBLIC,3.0,15.0,67398.0,29446.0,8325.0,0.436897237306745,0.28272091285743395,630.0,690.0,730.0,640.0,720.0,780.0,29.0,32.0,34.0,-0.25376412593204345,,
1db66968dbbcd399b99942da,University of Texas at Austin,REJECT,UNKNOWN,,,,,7.0,,,,,,False,REGEX,0.2,True,228778.0,EXACT,2023.0,The University of Texas at Austin,PUBLIC,6.0,15.0,66109.0,19253.0,9385.0,0.29123114855768506,0.4874565002856698,620.0,680.0,730.0,610.0,690.0,760.0,27.0,31.0,33.0,-0.8894121760402826,,
db588607e3a5b0aa7c514ec7,Georgetown EA,DEFER,UNKNOWN,,,,,10.0,,,,,,False,REGEX,0.2,True,156745.0,FUZZY,2023.0,Georgetown College,PRIVATE_NP,5.0,21.0,1815.0,1341.0,307.0,0.7388429752066116,0.22893363161819538,520.0,580.0,610.0,510.0,550.0,620.0,21.0,23.0,26.0,1.039963561586602,,
db588607e3a5b0aa7c514ec7,Colorado College EA,REJECT,UNKNOWN,,,,,10.0,,,,,,False,REGEX,0.2,True,126678.0,FUZZY,2023.0,Colorado College,PRIVATE_NP,7.0,21.0,7532.0,1509.0,517.0,0.20034519383961763,0.3426110006626905,690.0,730.0,760.0,675.0,720.0,760.0,31.0,32.0,34.0,-1.3841382942758722,,
db588607e3a5b0aa7c514ec7,UTK EA,ACCEPT,UNKNOWN,,,,,10.0,,,,,,False,REGEX,0.2,True,,UNRESOLVED,,,,,,,,,,,,,,,,,,,,,,
7dd73d8894b1977fd3aad732,. University of Texas Austin RD,REJECT,UNKNOWN,,,,,7.0,,,,,,False,REGEX,0.2,True,222983.0,FUZZY,2023.0,Austin College,PRIVATE_NP,6.0,21.0,5474.0,2554.0,296.0,0.46656923639020825,0.1158966327329679,590.0,620.0,680.0,580.0,610.0,660.0,26.0,29.0,32.0,-0.13392285866984271,,
859f279dcac4a603b226b32e,WashU EDII,ACCEPT,UNKNOWN,,,,,,,,,,,False,REGEX_PARTIAL,0.2,True,179867.0,FUZZY,2023.0,Washington University in St Louis,PRIVATE_NP,4.0,15.0,32240.0,3855.0,1828.0,0.11957196029776675,0.474189364461738,730.0,750.0,770.0,770.0,790.0,800.0,33.0,34.0,35.0,-1.9964898296073967,,
8c9fdfd91841fe55ea370f12,WashU Ed II,ACCEPT,UNKNOWN,,,,,,,,,,,False,REGEX,0.2,True,179867.0,FUZZY,2023.0,Washington University in St Louis,PRIVATE_NP,4.0,15.0,32240.0,3855.0,1828.0,0.11957196029776675,0.474189364461738,730.0,750.0,770.0,770.0,790.0,800.0,33.0,34.0,35.0,-1.9964898296073967,,
8c9fdfd91841fe55ea370f12,Rutgers,ACCEPT,UNKNOWN,,,,,,,,,,,False,REGEX,0.2,True,186380.0,EXACT,2023.0,Rutgers University-New Brunswick,PUBLIC,2.0,15.0,43347.0,28326.0,7681.0,0.6534708284310333,0.2711643013485843,630.0,680.0,720.0,640.0,700.0,760.0,28.0,31.0,33.0,0.6343308887762874,,
8c9fdfd91841fe55ea370f12,Fordham,ACCEPT,UNKNOWN,,,,,,,,,,,False,REGEX,0.2,True,191241.0,EXACT,2023.0,Fordham University,PRIVATE_NP,2.0,16.0,43663.0,24573.0,2426.0,0.5627877149989694,0.09872624425182111,670.0,700.0,730.0,660.0,700.0,760.0,30.0,32.0,33.0,0.25248364146391855,,
8c9fdfd91841fe55ea370f12,Montclair,ACCEPT,UNKNOWN,,,,,,,,,,,False,REGEX,0.2,True,185590.0,FUZZY,2023.0,Montclair State University,PUBLIC,2.0,16.0,23599.0,20629.0,4039.0,0.8741472096275266,0.19579233118425518,480.0,550.0,620.0,460.0,530.0,605.0,,,,1.9381358999962626,,
8c9fdfd91841fe55ea370f12,Northeastern,DEFER,UNKNOWN,,,,,,,,,,,False,REGEX,0.2,True,167358.0,EXACT,2023.0,Northeastern University,PRIVATE_NP,1.0,15.0,96631.0,5459.0,2744.0,0.056493257857209385,0.502656164132625,710.0,730.0,760.0,750.0,770.0,790.0,33.0,34.0,35.0,-2.8154822095972705,,
4514c074510cf6288ce79012,George Mason EA,ACCEPT,UNKNOWN,,,,,12.0,,,,,,False,REGEX,0.2,True,232186.0,FUZZY,2023.0,George Mason University,PUBLIC,5.0,15.0,22579.0,20057.0,4451.0,0.8883032906683201,0.22191753502517825,580.0,630.0,670.0,560.0,610.0,670.0,25.0,28.0,30.0,2.0735259824611822,,
4514c074510cf6288ce79012,JMU EA,ACCEPT,UNKNOWN,,,,,12.0,,,,,,False,REGEX,0.2,True,,UNRESOLVED,,,,,,,,,,,,,,,,,,,,,,
4514c074510cf6288ce79012,UVA ED,REJECT,UNKNOWN,,,,,12.0,,,,,,False,REGEX,0.2,True,234076.0,FUZZY,2023.0,University of Virginia-Main Campus,PUBLIC,5.0,15.0,56528.0,9533.0,3966.0,0.16864208887630908,0.41602853246617016,700.0,730.0,750.0,710.0,760.0,780.0,32.0,33.0,34.0,-1.5952817495608238,,
4514c074510cf6288ce79012,University of Tennessee Knoxville EA,ACCEPT,UNKNOWN,,,,,12.0,,,,,,False,REGEX,0.2,True,221759.0,FUZZY,2023.0,The University of Tennessee-Knoxville,PUBLIC,5.0,15.0,50488.0,23221.0,6694.0,0.4599310727301537,0.2882735454976099,600.0,630.0,670.0,590.0,630.0,670.0,25.0,28.0,31.0,-0.1606201381401888,,
4514c074510cf6288ce79012,University of Florida EA,REJECT,UNKNOWN,,,,,12.0,,,,,,False,REGEX,0.2,True,134130.0,FUZZY,2023.0,University of Florida,PUBLIC,5.0,15.0,65375.0,15707.0,6762.0,0.2402600382409178,0.43050869039281847,650.0,690.0,730.0,650.0,700.0,750.0,28.0,31.0,33.0,-1.1512543896937004,,
4514c074510cf6288ce79012,University of Texas Austin EA,DEFER,UNKNOWN,,,,,12.0,,,,,,False,REGEX,0.2,True,222983.0,FUZZY,2023.0,Austin College,PRIVATE_NP,6.0,21.0,5474.0,2554.0,296.0,0.46656923639020825,0.1158966327329679,590.0,620.0,680.0,580.0,610.0,660.0,26.0,29.0,32.0,-0.13392285866984271,,
4514c074510cf6288ce79012,UNC Chappell Hill EA,REJECT,UNKNOWN,,,,,12.0,,,,,,False,REGEX,0.2,True,225371.0,FUZZY,,,,,,,,,,,,,,,,,,,,,,
4514c074510cf6288ce79012,Coastal Carolina University EA,ACCEPT,UNKNOWN,,,,,12.0,,,,,,False,REGEX,0.2,True,218724.0,FUZZY,2023.0,Coastal Carolina University,PUBLIC,5.0,18.0,18223.0,14613.0,2775.0,0.8018986994457553,0.18989940463970437,530.0,570.0,610.0,520.0,550.0,600.0,20.0,23.0,26.0,1.3982037711477253,,
4514c074510cf6288ce79012,Rutgers New Brunswick EA,ACCEPT,UNKNOWN,,,,,12.0,,,,,,False,REGEX,0.2,True,186380.0,FUZZY,2023.0,Rutgers University-New Brunswick,PUBLIC,2.0,15.0,43347.0,28326.0,7681.0,0.6534708284310333,0.2711643013485843,630.0,680.0,720.0,640.0,700.0,760.0,28.0,31.0,33.0,0.6343308887762874,,
93b2613b2fd8d27776fe07ed,Brandeis,ACCEPT,UNKNOWN,,,,,9.0,,,,,,False,REGEX,0.2,True,165015.0,EXACT,2023.0,Brandeis University,PRIVATE_NP,1.0,15.0,11282.0,3984.0,865.0,0.3531288778585357,0.21711847389558234,690.0,720.0,750.0,700.0,750.0,780.0,31.0,33.0,34.0,-0.6053139982919041,,
93b2613b2fd8d27776fe07ed,Rutgers New Brunswick,ACCEPT,UNKNOWN,,,,,9.0,,,,,,False,REGEX,0.2,True,186380.0,EXACT,2023.0,Rutgers University-New Brunswick,PUBLIC,2.0,15.0,43347.0,28326.0,7681.0,0.6534708284310333,0.2711643013485843,630.0,680.0,720.0,640.0,700.0,760.0,28.0,31.0,33.0,0.6343308887762874,,
93b2613b2fd8d27776fe07ed,UPitt,ACCEPT,UNKNOWN,,,,,9.0,,,,,,False,REGEX,0.2,True,,UNRESOLVED,,,,,,,,,,,,,,,,,,,,,,
93b2613b2fd8d27776fe07ed,UMass Amherst,ACCEPT,UNKNOWN,,,,,9.0,,,,,,False,REGEX,0.2,True,166629.0,EXACT,2023.0,University of Massachusetts-Amherst,PUBLIC,1.0,15.0,50424.0,29129.0,5286.0,0.577681262890687,0.1814686395001545,650.0,690.0,720.0,650.0,700.0,760.0,29.0,31.0,33.0,0.3132619381363372,,
93b2613b2fd8d27776fe07ed,Binghamton,ACCEPT,UNKNOWN,,,,,9.0,,,,,,False,REGEX,0.2,True,196079.0,EXACT,2023.0,Binghamton University,PUBLIC,2.0,15.0,49513.0,18683.0,3095.0,0.377335245289116,0.16565862013595248,660.0,700.0,730.0,660.0,710.0,760.0,29.0,32.0,34.0,-0.5008742224203585,,
93b2613b2fd8d27776fe07ed,Cornell,DEFER,UNKNOWN,,,,,9.0,,,,,,False,REGEX,0.2,True,190415.0,EXACT,2023.0,Cornell University,PRIVATE_NP,2.0,15.0,65635.0,5358.0,3537.0,0.08163327492953455,0.6601343784994401,720.0,740.0,770.0,760.0,780.0,790.0,33.0,34.0,35.0,-2.4203598336469243,,
93b2613b2fd8d27776fe07ed,UMich,DEFER,UNKNOWN,,,,,9.0,,,,,,False,REGEX,0.2,True,170976.0,EXACT,2023.0,University of Michigan-Ann Arbor,PUBLIC,3.0,15.0,87632.0,15722.0,7466.0,0.17940934818331203,0.4748759699783743,670.0,720.0,750.0,680.0,750.0,780.0,31.0,33.0,34.0,-1.520354331742838,,
93b2613b2fd8d27776fe07ed,UNC,WAITLIST,UNKNOWN,,,,,9.0,,,,,,False,REGEX,0.2,True,,UNRESOLVED,,,,,,,,,,,,,,,,,,,,,,
93b2613b2fd8d27776fe07ed,UVA,REJECT,UNKNOWN,,,,,9.0,,,,,,False,REGEX,0.2,True,234076.0,EXACT,2023.0,University of Virginia-Main Campus,PUBLIC,5.0,15.0,56528.0,9533.0,3966.0,0.16864208887630908,0.41602853246617016,700.0,730.0,750.0,710.0,760.0,780.0,32.0,33.0,34.0,-1.5952817495608238,,
e26a1a04c3390f4571ca32a2,VCU,ACCEPT,UNKNOWN,,,,,4.0,,,,,,False,REGEX_PARTIAL,0.2,True,,UNRESOLVED,,,,,,,,,,,,,,,,,,,,,,
e26a1a04c3390f4571ca32a2,ODU,ACCEPT,UNKNOWN,,,,,4.0,,,,,,False,REGEX_PARTIAL,0.2,True,,UNRESOLVED,,,,,,,,,,,,,,,,,,,,,,
c6dbd83cddd05b7d73e6a33c,UNC,WAITLIST,UNKNOWN,3.93,4.37,,,7.0,,,,,,False,REGEX,0.4,True,,UNRESOLVED,,,,,,,,,,,,,,,,,,,,,,
c6dbd83cddd05b7d73e6a33c,Georgetown,DEFER,UNKNOWN,3.93,4.37,,,7.0,,,,,,False,REGEX,0.4,True,156745.0,EXACT,2023.0,Georgetown College,PRIVATE_NP,5.0,21.0,1815.0,1341.0,307.0,0.7388429752066116,0.22893363161819538,520.0,580.0,610.0,510.0,550.0,620.0,21.0,23.0,26.0,1.039963561586602,,
c6dbd83cddd05b7d73e6a33c,Umich,DEFER,UNKNOWN,3.93,4.37,,,7.0,,,,,,False,REGEX,0.4,True,170976.0,EXACT,2023.0,University of Michigan-Ann Arbor,PUBLIC,3.0,15.0,87632.0,15722.0,7466.0,0.17940934818331203,0.4748759699783743,670.0,720.0,750.0,680.0,750.0,780.0,31.0,33.0,34.0,-1.520354331742838,,
c6dbd83cddd05b7d73e6a33c,Tulane,DEFER,UNKNOWN,3.93,4.37,,,7.0,,,,,,False,REGEX,0.4,True,160755.0,EXACT,2023.0,Tulane University of Louisiana,PRIVATE_NP,5.0,15.0,27936.0,4077.0,1867.0,0.14594072164948454,0.457934755948001,690.0,720.0,750.0,700.0,730.0,760.0,31.0,32.0,33.0,-1.7668000808059914,,
0f66603d0602195321df9f79,UMich,ACCEPT,UNKNOWN,,,,,3.0,,,,,,False,REGEX,0.2,True,170976.0,EXACT,2023.0,University of Michigan-Ann Arbor,PUBLIC,3.0,15.0,87632.0,15722.0,7466.0,0.17940934818331203,0.4748759699783743,670.0,720.0,750.0,680.0,750.0,780.0,31.0,33.0,34.0,-1.520354331742838,,
0f66603d0602195321df9f79,UFlorida,ACCEPT,UNKNOWN,,,,,3.0,,,,,,False,REGEX,0.2,True,134130.0,FUZZY,2023.0,University of Florida,PUBLIC,5.0,15.0,65375.0,15707.0,6762.0,0.2402600382409178,0.43050869039281847,650.0,690.0,730.0,650.0,700.0,750.0,28.0,31.0,33.0,-1.1512543896937004,,
0f66603d0602195321df9f79,UMD,ACCEPT,UNKNOWN,,,,,3.0,,,,,,False,REGEX,0.2,True,163286.0,EXACT,2023.0,University of Maryland-College Park,PUBLIC,2.0,15.0,59377.0,26625.0,6197.0,0.44840594843121073,0.23275117370892018,670.0,710.0,740.0,700.0,750.0,780.0,32.0,33.0,35.0,-0.20711340488934457,,
0f66603d0602195321df9f79,Pitt,ACCEPT,UNKNOWN,,,,,3.0,,,,,,False,REGEX,0.2,True,199333.0,FUZZY,,,,,,,,,,,,,,,,,,,,,,
0f66603d0602195321df9f79,UVA,REJECT,UNKNOWN,,,,,3.0,,,,,,False,REGEX,0.2,True,234076.0,EXACT,2023.0,University of Virginia-Main Campus,PUBLIC,5.0,15.0,56528.0,9533.0,3966.0,0.16864208887630908,0.41602853246617016,700.0,730.0,750.0,710.0,760.0,780.0,32.0,33.0,34.0,-1.5952817495608238,,
62efe879f488b69940e6512e,Texas A&M,ACCEPT,UNKNOWN,,,1540.0,,,,,,,,False,REGEX_PARTIAL,0.4,True,228723.0,EXACT,2023.0,Texas A & M University-College Station,PUBLIC,6.0,15.0,50832.0,32149.0,13753.0,0.6324559332703809,0.4277893558120004,570.0,630.0,680.0,570.0,630.0,700.0,25.0,28.0,31.0,0.5427673265231154,280.0,
e290123f3d377593acfbeeaa,McGill,ACCEPT,UNKNOWN,,,,,,,,,,,False,REGEX,0.2,True,,UNRESOLVED,,,,,,,,,,,,,,,,,,,,,,
e290123f3d377593acfbeeaa,UBC,ACCEPT,UNKNOWN,,,,,,,,,,,False,REGEX,0.2,True,,UNRESOLVED,,,,,,,,,,,,,,,,,,,,,,
e290123f3d377593acfbeeaa,UofT,ACCEPT,UNKNOWN,,,,,,,,,,,False,REGEX,0.2,True,,UNRESOLVED,,,,,,,,,,,,,,,,,,,,,,
e290123f3d377593acfbeeaa,UNC OOS EA,ACCEPT,UNKNOWN,,,,,,,,,,,False,REGEX,0.2,True,,UNRESOLVED,,,,,,,,,,,,,,,,,,,,,,
deb96088adcac8b882a501ee,gt,REJECT,UNKNOWN,,,1520.0,,12.0,,,,,,False,REGEX,0.4,True,139755.0,EXACT,2023.0,Georgia Institute of Technology-Main Campus,PUBLIC,5.0,15.0,52377.0,8622.0,3763.0,0.1646142390744029,0.43644166086754815,650.0,700.0,740.0,680.0,750.0,790.0,28.0,32.0,34.0,-1.6242888156628517,70.0,
deb96088adcac8b882a501ee,cwru,ACCEPT,UNKNOWN,,,1520.0,,12.0,,,,,,False,REGEX,0.4,True,,UNRESOLVED,,,,,,,,,,,,,,,,,,,,,,
deb96088adcac8b882a501ee,state schools,ACCEPT,UNKNOWN,,,1520.0,,12.0,,,,,,False,REGEX,0.4,True,,UNRESOLVED,,,,,,,,,,,,,,,,,,,,,,
099b1fa4f7a360d7dd17e21d,K-State,ACCEPT,UNKNOWN,3.8,3.9,,26.0,,,,,,,False,REGEX,0.6,False,,UNRESOLVED,,,,,,,,,,,,,,,,,,,,,,
099b1fa4f7a360d7dd17e21d,Missouri S&T,ACCEPT,UNKNOWN,3.8,3.9,,26.0,,,,,,,False,REGEX,0.6,False,,UNRESOLVED,,,,,,,,,,,,,,,,,,,,,,
099b1fa4f7a360d7dd17e21d,U of Arkansas,ACCEPT,UNKNOWN,3.8,3.9,,26.0,,,,,,,False,REGEX,0.6,False,106397.0,FUZZY,2023.0,University of Arkansas,PUBLIC,5.0,15.0,28186.0,20202.0,6337.0,0.7167388064996807,0.3136818136818137,530.0,570.0,620.0,520.0,560.0,600.0,21.0,24.0,28.0,0.9283420703978297,,
099b1fa4f7a360d7dd17e21d,Mizzou,ACCEPT,UNKNOWN,3.8,3.9,,26.0,,,,,,,False,REGEX,0.6,False,,UNRESOLVED,,,,,,,,,,,,,,,,,,,,,,
099b1fa4f7a360d7dd17e21d,Auburn,DEFER,UNKNOWN,3.8,3.9,,26.0,,,,,,,False,REGEX,0.6,False,100858.0,EXACT,2023.0,Auburn University,PUBLIC,5.0,15.0,48178.0,24314.0,5935.0,0.5046701814106024,0.24409805050588138,630.0,660.0,690.0,610.0,650.0,690.0,25.0,28.0,31.0,0.018681268921154896,,
099b1fa4f7a360d7dd17e21d,CU Boulder,DEFER,UNKNOWN,3.8,3.9,,26.0,,,,,,,False,REGEX,0.6,False,,UNRESOLVED,,,,,,,,,,,,,,,,,,,,,,
099b1fa4f7a360d7dd17e21d,Virginia Tech,ACCEPT,UNKNOWN,3.8,3.9,,26.0,,,,,,,False,REGEX,0.6,False,237905.0,FUZZY,,,,,,,,,,,,,,,,,,,,,,
9ee6ec5a8135ae650db8b57a,auto,ACCEPT,UNKNOWN,,,,35.0,11.0,,,,,,False,REGEX_PARTIAL,0.4,True,369400.0,FUZZY,,,,,,,,,,,,,,,,,,,,,,
cc40088b5d64d8d2f3f49179,Honors College,DEFER,UNKNOWN,,,,,11.0,,,,,,False,REGEX_PARTIAL,0.2,True,,UNRESOLVED,,,,,,,,,,,,,,,,,,,,,,
7bf930e840ea84116140dac4,CWRU,DEFER,UNKNOWN,,,,,,,,,,,False,REGEX,0.2,True,,UNRESOLVED,,,,,,,,,,,,,,,,,,,,,,
7bf930e840ea84116140dac4,Binghamton,DEFER,UNKNOWN,,,,,,,,,,,False,REGEX,0.2,True,196079.0,EXACT,2023.0,Binghamton University,PUBLIC,2.0,15.0,49513.0,18683.0,3095.0,0.377335245289116,0.16565862013595248,660.0,700.0,730.0,660.0,710.0,760.0,29.0,32.0,34.0,-0.5008742224203585,,
7bf930e840ea84116140dac4,UBuffalo,ACCEPT,UNKNOWN,,,,,,,,,,,False,REGEX,0.2,True,196088.0,FUZZY,2023.0,University at Buffalo,PUBLIC,2.0,15.0,38210.0,26481.0,4271.0,0.6930384716042921,0.16128544994524377,600.0,640.0,680.0,610.0,650.0,700.0,27.0,30.0,32.0,0.8143630871668376,,
7bf930e840ea84116140dac4,Buff State,ACCEPT,UNKNOWN,,,,,,,,,,,False,REGEX,0.2,True,,UNRESOLVED,,,,,,,,,,,,,,,,,,,,,,
7bf930e840ea84116140dac4,RIT,ACCEPT,UNKNOWN,,,,,,,,,,,False,REGEX,0.2,True,,UNRESOLVED,,,,,,,,,,,,,,,,,,,,,,
7bf930e840ea84116140dac4,Rutgers,REJECT,UNKNOWN,,,,,,,,,,,False,REGEX,0.2,True,186380.0,EXACT,2023.0,Rutgers University-New Brunswick,PUBLIC,2.0,15.0,43347.0,28326.0,7681.0,0.6534708284310333,0.2711643013485843,630.0,680.0,720.0,640.0,700.0,760.0,28.0,31.0,33.0,0.6343308887762874,,
7bf930e840ea84116140dac4,Stony Brook,DEFER,UNKNOWN,,,,,,,,,,,False,REGEX,0.2,True,196097.0,EXACT,2023.0,Stony Brook University,PUBLIC,2.0,15.0,50341.0,24670.0,3569.0,0.49005780576468483,0.14466963923794082,640.0,680.0,720.0,680.0,730.0,770.0,28.0,31.0,33.0,-0.039774019562762254,,
605094caccf75df829db4b96,International student torn between U.S. and Europe,ACCEPT,UNKNOWN,,,,,,,,,,,False,REGEX_PARTIAL,0.2,True,,UNRESOLVED,,,,,,,,,,,,,,,,,,,,,,
29ddd189a711545cd5341bf0,Miami Uni,ACCEPT,UNKNOWN,,,,,,,,,,,False,REGEX,0.2,True,135726.0,FUZZY,2023.0,University of Miami,PRIVATE_NP,5.0,15.0,48286.0,8940.0,2328.0,0.18514683345068964,0.26040268456375837,660.0,690.0,720.0,670.0,710.0,750.0,30.0,32.0,33.0,-1.481858728668651,,
29ddd189a711545cd5341bf0,Temple uni,ACCEPT,UNKNOWN,,,,,,,,,,,False,REGEX,0.2,True,228608.0,FUZZY,,,,,,,,,,,,,,,,,,,,,,
29ddd189a711545cd5341bf0,Uni of richmond,REJECT,UNKNOWN,,,,,,,,,,,False,REGEX,0.2,True,233374.0,FUZZY,2023.0,University of Richmond,PRIVATE_NP,5.0,21.0,15121.0,3525.0,833.0,0.2331195026783943,0.23631205673758865,690.0,720.0,750.0,720.0,750.0,780.0,32.0,33.0,34.0,-1.190779774795177,,
29ddd189a711545cd5341bf0,Uni of connecticut,ACCEPT,UNKNOWN,,,,,,,,,,,False,REGEX,0.2,True,129020.0,FUZZY,2023.0,University of Connecticut,PUBLIC,1.0,15.0,46645.0,25164.0,4189.0,0.5394790438417837,0.16646797011603878,610.0,660.0,700.0,600.0,670.0,720.0,29.0,31.0,33.0,0.1582455782159435,,
87dcf1b6eab8487afbb4d478,UF vs. FSU,ACCEPT,UNKNOWN,,,,,,,,,,,False,REGEX_PARTIAL,0.2,True,,UNRESOLVED,,,,,,,,,,,,,,,,,,,,,,
e438bc72de7f7874077dc541,Case Western Reserve University,ACCEPT,UNKNOWN,,,,,,,,,,,False,REGEX,0.2,True,201645.0,EXACT,2023.0,Case Western Reserve University,PRIVATE_NP,3.0,15.0,39033.0,11193.0,1544.0,0.28675735915763584,0.13794335745555258,700.0,720.0,750.0,730.0,770.0,790.0,32.0,34.0,35.0,-0.9111852525590886,,
e438bc72de7f7874077dc541,Villanova University,DEFER,UNKNOWN,,,,,,,,,,,False,REGEX,0.2,True,216597.0,EXACT,2023.0,Villanova University,PRIVATE_NP,2.0,16.0,23127.0,5810.0,1740.0,0.2512215159769966,0.29948364888123924,690.0,720.0,740.0,710.0,740.0,770.0,32.0,33.0,34.0,-1.092108107106194,,
e438bc72de7f7874077dc541,USC,DEFER,UNKNOWN,,,,,,,,,,,False,REGEX,0.2,True,123961.0,EXACT,2023.0,University of Southern California,PRIVATE_NP,8.0,15.0,80808.0,8094.0,3633.0,0.10016335016335016,0.44885100074128986,700.0,730.0,760.0,740.0,780.0,790.0,32.0,33.0,35.0,-2.1954108917607313,,
79089280ce4cde6f046f5c73,- UCF,ACCEPT,UNKNOWN,,,,,7.0,,,,,,False,REGEX,0.2,True,,UNRESOLVED,,,,,,,,,,,,,,,,,,,,,,
79089280ce4cde6f046f5c73,- Iowa State,ACCEPT,UNKNOWN,,,,,7.0,,,,,,False,REGEX,0.2,True,153603.0,EXACT,2023.0,Iowa State University,PUBLIC,4.0,15.0,22995.0,20496.0,5859.0,0.891324200913242,0.2858606557377049,550.0,620.0,660.0,560.0,620.0,690.0,21.0,24.0,28.0,2.1043390933015633,,
79089280ce4cde6f046f5c73,- FSU,DEFER,UNKNOWN,,,,,7.0,,,,,,False,REGEX,0.2,True,,UNRESOLVED,,,,,,,,,,,,,,,,,,,,,,
79089280ce4cde6f046f5c73,- UVM,ACCEPT,UNKNOWN,,,,,7.0,,,,,,False,REGEX,0.2,True,,UNRESOLVED,,,,,,,,,,,,,,,,,,,,,,
79089280ce4cde6f046f5c73,- Temple University,ACCEPT,UNKNOWN,,,,,7.0,,,,,,False,REGEX,0.2,True,228608.0,EXACT,,,,,,,,,,,,,,,,,,,,,,
79089280ce4cde6f046f5c73,- Florida Tech,ACCEPT,UNKNOWN,,,,,7.0,,,,,,False,REGEX,0.2,True,134130.0,FUZZY,2023.0,University of Florida,PUBLIC,5.0,15.0,65375.0,15707.0,6762.0,0.2402600382409178,0.43050869039281847,650.0,690.0,730.0,650.0,700.0,750.0,28.0,31.0,33.0,-1.1512543896937004,,
79089280ce4cde6f046f5c73,- Mount Holyoke College,ACCEPT,UNKNOWN,,,,,7.0,,,,,,False,REGEX,0.2,True,166939.0,EXACT,2023.0,Mount Holyoke College,PRIVATE_NP,1.0,21.0,5030.0,1926.0,587.0,0.38290258449304176,0.3047767393561786,690.0,720.0,750.0,660.0,700.0,750.0,31.0,32.0,33.0,-0.4772462889450383,,
e4e30090542305e16bf2199d,UT Austin McCombs,REJECT,UNKNOWN,,,,,2.0,,,,,,False,REGEX,0.2,True,222983.0,FUZZY,2023.0,Austin College,PRIVATE_NP,6.0,21.0,5474.0,2554.0,296.0,0.46656923639020825,0.1158966327329679,590.0,620.0,680.0,580.0,610.0,660.0,26.0,29.0,32.0,-0.13392285866984271,,
e4e30090542305e16bf2199d,Texas A&M Mays,REJECT,UNKNOWN,,,,,2.0,,,,,,False,REGEX,0.2,True,228884.0,FUZZY,,,,,,,,,,,,,,,,,,,,,,
e4e30090542305e16bf2199d,Honors College,ACCEPT,UNKNOWN,,,,,2.0,,,,,,False,REGEX,0.2,True,,UNRESOLVED,,,,,,,,,,,,,,,,,,,,,,
e4e30090542305e16bf2199d,Penn State Smeal,REJECT,UNKNOWN,,,,,2.0,,,,,,False,REGEX,0.2,True,215062.0,FUZZY,2023.0,University of Pennsylvania,PRIVATE_NP,2.0,15.0,59465.0,3489.0,2416.0,0.05867316909106197,0.6924620235024362,730.0,750.0,770.0,770.0,790.0,800.0,34.0,35.0,35.0,-2.7753078652389584,,
e4e30090542305e16bf2199d,Honors College,ACCEPT,UNKNOWN,,,,,2.0,,,,,,False,REGEX,0.2,True,,UNRESOLVED,,,,,,,,,,,,,,,,,,,,,,
e4e30090542305e16bf2199d,Michigan State Broad,REJECT,UNKNOWN,,,,,2.0,,,,,,False,REGEX,0.2,True,171100.0,FUZZY,2023.0,Michigan State University,PUBLIC,3.0,15.0,58879.0,49414.0,9533.0,0.8392465904651913,0.19292103452462864,580.0,630.0,670.0,570.0,620.0,680.0,26.0,28.0,31.0,1.6526330001918834,,
e4e30090542305e16bf2199d,Indiana Kelley,REJECT,UNKNOWN,,,,,2.0,,,,,,False,REGEX,0.2,True,,UNRESOLVED,,,,,,,,,,,,,,,,,,,,,,
e4e30090542305e16bf2199d,University of Washington Foster,REJECT,UNKNOWN,,,,,2.0,,,,,,False,REGEX,0.2,True,164216.0,FUZZY,2023.0,Washington College,PRIVATE_NP,2.0,21.0,2539.0,1664.0,230.0,0.6553761323355651,0.13822115384615385,605.0,655.0,690.0,580.0,610.0,655.0,25.0,28.0,30.0,0.6427557350235392,,
e4e30090542305e16bf2199d,Oregon Lundquist,ACCEPT,UNKNOWN,,,,,2.0,,,,,,False,REGEX,0.2,True,209551.0,FUZZY,2023.0,University of Oregon,PUBLIC,8.0,15.0,39400.0,33532.0,5032.0,0.8510659898477158,0.1500656089705356,580.0,640.0,690.0,550.0,600.0,670.0,22.0,27.0,30.0,1.7429863464948758,,
e4e30090542305e16bf2199d,Colorado Boulder Leeds,REJECT,UNKNOWN,,,,,2.0,,,,,,False,REGEX,0.2,True,126614.0,FUZZY,2023.0,University of Colorado Boulder,PUBLIC,7.0,15.0,56069.0,46692.0,7546.0,0.8327596354491786,0.1616122676261458,620.0,670.0,700.0,610.0,660.0,720.0,28.0,31.0,33.0,1.6053129613529282,,
e4e30090542305e16bf2199d,Honors college,ACCEPT,UNKNOWN,,,,,2.0,,,,,,False,REGEX,0.2,True,,UNRESOLVED,,,,,,,,,,,,,,,,,,,,,,
e4e30090542305e16bf2199d,Southern Methodist,REJECT,UNKNOWN,,,,,2.0,,,,,,False,REGEX,0.2,True,228246.0,EXACT,2023.0,Southern Methodist University,PRIVATE_NP,6.0,16.0,15092.0,9240.0,1592.0,0.6122448979591837,0.1722943722943723,660.0,700.0,730.0,660.0,710.0,750.0,30.0,32.0,34.0,0.4567584024957149,,
e4e30090542305e16bf2199d,University of Illinois UC Gies,REJECT,UNKNOWN,,,,,2.0,,,,,,False,REGEX,0.2,True,145691.0,FUZZY,2023.0,Illinois College,PRIVATE_NP,3.0,21.0,3660.0,2733.0,253.0,0.7467213114754099,0.09257226491035492,490.0,530.0,583.0,488.0,540.0,600.0,19.0,22.0,25.0,1.081201620362213,,
e4e30090542305e16bf2199d,Florida Warrington,REJECT,UNKNOWN,,,,,2.0,,,,,,False,REGEX,0.2,True,134130.0,FUZZY,2023.0,University of Florida,PUBLIC,5.0,15.0,65375.0,15707.0,6762.0,0.2402600382409178,0.43050869039281847,650.0,690.0,730.0,650.0,700.0,750.0,28.0,31.0,33.0,-1.1512543896937004,,
e4e30090542305e16bf2199d,Georgia Terry,REJECT,UNKNOWN,,,,,2.0,,,,,,False,REGEX,0.2,True,139959.0,FUZZY,2023.0,University of Georgia,PUBLIC,5.0,15.0,43419.0,16151.0,6146.0,0.3719800087519289,0.3805337130827813,590.0,640.0,690.0,570.0,630.0,700.0,25.0,29.0,32.0,-0.5237318862441626,,
21e49cff24138f733e3e49ad,UPitt Rolling,ACCEPT,UNKNOWN,,,,35.0,12.0,,,,,,False,REGEX,0.4,True,,UNRESOLVED,,,,,,,,,,,,,,,,,,,,,,
21e49cff24138f733e3e49ad,UMinn Twin cities,ACCEPT,UNKNOWN,,,,35.0,12.0,,,,,,False,REGEX,0.4,True,,UNRESOLVED,,,,,,,,,,,,,,,,,,,,,,
21e49cff24138f733e3e49ad,Harvard REA,ACCEPT,UNKNOWN,,,,35.0,12.0,,,,,,False,REGEX,0.4,True,166027.0,FUZZY,2023.0,Harvard University,PRIVATE_NP,1.0,15.0,56937.0,1965.0,1645.0,0.03451182886348069,0.8371501272264631,740.0,760.0,780.0,760.0,790.0,800.0,34.0,35.0,36.0,-3.3313317193713807,,
23184a6c40e0727b88d4e619,Texas A&M and UT are safeties since I'm auto,ACCEPT,UNKNOWN,,,1540.0,,13.0,,,,,,False,REGEX_PARTIAL,0.4,True,228884.0,FUZZY,,,,,,,,,,,,,,,,,,,,,,
35f1637f6d1c1a5891473098,UPenn Wharton ED --,ACCEPT,UNKNOWN,,,1570.0,,5.0,,,,,,False,REGEX_PARTIAL,0.4,True,215062.0,FUZZY,2023.0,University of Pennsylvania,PRIVATE_NP,2.0,15.0,59465.0,3489.0,2416.0,0.05867316909106197,0.6924620235024362,730.0,750.0,770.0,770.0,790.0,800.0,34.0,35.0,35.0,-2.7753078652389584,30.0,
d3e58025a1772a76ac223050,University of Minnesota,ACCEPT,UNKNOWN,,98.0,,,,,,,,,False,REGEX,0.4,True,173559.0,FUZZY,,,,,,,,,,,,,,,,,,,,,,
d3e58025a1772a76ac223050,Binghamton University,ACCEPT,UNKNOWN,,98.0,,,,,,,,,False,REGEX,0.4,True,196079.0,EXACT,2023.0,Binghamton University,PUBLIC,2.0,15.0,49513.0,18683.0,3095.0,0.377335245289116,0.16565862013595248,660.0,700.0,730.0,660.0,710.0,760.0,29.0,32.0,34.0,-0.5008742224203585,,
d3e58025a1772a76ac223050,Indiana University,ACCEPT,UNKNOWN,,98.0,,,,,,,,,False,REGEX,0.4,True,151111.0,FUZZY,2023.0,Indiana University-Indianapolis,PUBLIC,3.0,16.0,15715.0,12791.0,3283.0,0.813935730194082,0.2566648424673599,520.0,570.0,620.0,520.0,570.0,610.0,21.0,24.0,28.0,1.475789256729724,,
d3e58025a1772a76ac223050,Baruch,ACCEPT,UNKNOWN,,98.0,,,,,,,,,False,REGEX,0.4,True,190512.0,FUZZY,2023.0,CUNY Bernard M Baruch College,PUBLIC,2.0,18.0,24867.0,12554.0,2614.0,0.504845779547191,0.2082204874940258,600.0,640.0,680.0,610.0,670.0,730.0,,,,0.019383725084605292,,
80f27ffaefac2f288ace7028,Macalester college,REJECT,UNKNOWN,,,,,,,,,,,False,REGEX,0.2,True,173902.0,EXACT,2023.0,Macalester College,PRIVATE_NP,4.0,21.0,8099.0,2285.0,518.0,0.28213359674033833,0.22669584245076588,680.0,710.0,750.0,670.0,700.0,760.0,30.0,32.0,33.0,-0.9339027777905161,,
80f27ffaefac2f288ace7028,St. Olaf college,REJECT,UNKNOWN,,,,,,,,,,,False,REGEX,0.2,True,174844.0,EXACT,2023.0,St Olaf College,PRIVATE_NP,4.0,21.0,5956.0,3106.0,825.0,0.5214909335124245,0.2656149388280747,640.0,680.0,740.0,620.0,670.0,730.0,28.0,30.0,32.0,0.0860167304459363,,
80f27ffaefac2f288ace7028,Illinois tech,REJECT,UNKNOWN,,,,,,,,,,,False,REGEX,0.2,True,145691.0,FUZZY,2023.0,Illinois College,PRIVATE_NP,3.0,21.0,3660.0,2733.0,253.0,0.7467213114754099,0.09257226491035492,490.0,530.0,583.0,488.0,540.0,600.0,19.0,22.0,25.0,1.081201620362213,,
80f27ffaefac2f288ace7028,Wheaton college Massachusetts,REJECT,UNKNOWN,,,,,,,,,,,False,REGEX,0.2,True,168281.0,EXACT,2023.0,Wheaton College (Massachusetts),PRIVATE_NP,1.0,21.0,4702.0,3354.0,522.0,0.7133134836239898,0.1556350626118068,620.0,670.0,720.0,590.0,640.0,700.0,29.0,31.0,33.0,0.911531650910902,,
80f27ffaefac2f288ace7028,Pacific Lutheran University,ACCEPT,UNKNOWN,,,,,,,,,,,False,REGEX,0.2,True,236230.0,EXACT,2023.0,Pacific Lutheran University,PRIVATE_NP,8.0,19.0,4139.0,3333.0,624.0,0.8052669726987195,0.18721872187218722,515.0,575.0,630.0,473.0,555.0,628.0,21.0,24.0,27.0,1.4195443358011113,,
80f27ffaefac2f288ace7028,Augustana university,ACCEPT,UNKNOWN,,,,,,,,,,,False,REGEX,0.2,True,219000.0,EXACT,2023.0,Augustana University,PRIVATE_NP,4.0,19.0,3330.0,1973.0,456.0,0.5924924924924925,0.23112012164216927,530.0,570.0,640.0,545.0,590.0,650.0,21.0,24.0,27.0,0.3742788461877461,,
ae2755d7e695c763b8bea051,State school. I am not applying to any other safeties because I am an auto,ACCEPT,UNKNOWN,,,,,15.0,,,,,,False,REGEX_PARTIAL,0.2,True,,UNRESOLVED,,,,,,,,,,,,,,,,,,,,,,
12a30d727b2927f1337d6005,tamu,ACCEPT,UNKNOWN,,,,,,,,,,,False,REGEX_PARTIAL,0.2,True,,UNRESOLVED,,,,,,,,,,,,,,,,,,,,,,
971bf9da67ef9532e0c55bd2,Texas A&M,ACCEPT,UNKNOWN,,,1340.0,35.0,8.0,,,,,,False,REGEX,0.4,True,228723.0,EXACT,2023.0,Texas A & M University-College Station,PUBLIC,6.0,15.0,50832.0,32149.0,13753.0,0.6324559332703809,0.4277893558120004,570.0,630.0,680.0,570.0,630.0,700.0,25.0,28.0,31.0,0.5427673265231154,80.0,
971bf9da67ef9532e0c55bd2,UGA,ACCEPT,UNKNOWN,,,1340.0,35.0,8.0,,,,,,False,REGEX,0.4,True,139959.0,EXACT,2023.0,University of Georgia,PUBLIC,5.0,15.0,43419.0,16151.0,6146.0,0.3719800087519289,0.3805337130827813,590.0,640.0,690.0,570.0,630.0,700.0,25.0,29.0,32.0,-0.5237318862441626,70.0,
971bf9da67ef9532e0c55bd2,Georgia Tech,ACCEPT,UNKNOWN,,,1340.0,35.0,8.0,,,,,,False,REGEX,0.4,True,139755.0,EXACT,2023.0,Georgia Institute of Technology-Main Campus,PUBLIC,5.0,15.0,52377.0,8622.0,3763.0,0.1646142390744029,0.43644166086754815,650.0,700.0,740.0,680.0,750.0,790.0,28.0,32.0,34.0,-1.6242888156628517,-110.0,
215fa3bbaab92e6314511f8d,USC ED,DEFER,UNKNOWN,3.9,4.4,,,5.0,,,,,,False,REGEX_PARTIAL,0.4,True,123961.0,FUZZY,2023.0,University of Southern California,PRIVATE_NP,8.0,15.0,80808.0,8094.0,3633.0,0.10016335016335016,0.44885100074128986,700.0,730.0,760.0,740.0,780.0,790.0,32.0,33.0,35.0,-2.1954108917607313,,
8f6de57fa840ac37d3ea79dc,Here's the college results,ACCEPT,UNKNOWN,,,,,8.0,,,,,,False,REGEX_PARTIAL,0.2,True,,UNRESOLVED,,,,,,,,,,,,,,,,,,,,,,
d70d67776956d5b9feb5c248,Case Western Reserve University,ACCEPT,UNKNOWN,3.93,4.43,,,13.0,,,,,,False,REGEX,0.4,True,201645.0,EXACT,2023.0,Case Western Reserve University,PRIVATE_NP,3.0,15.0,39033.0,11193.0,1544.0,0.28675735915763584,0.13794335745555258,700.0,720.0,750.0,730.0,770.0,790.0,32.0,34.0,35.0,-0.9111852525590886,,
d70d67776956d5b9feb5c248,University of Chicago,REJECT,UNKNOWN,3.93,4.43,,,13.0,,,,,,False,REGEX,0.4,True,144050.0,EXACT,2023.0,University of Chicago,PRIVATE_NP,3.0,15.0,38631.0,1849.0,1626.0,0.04786311511480417,0.879394267171444,740.0,760.0,770.0,770.0,790.0,800.0,34.0,35.0,35.0,-2.9903636426718014,,
d70d67776956d5b9feb5c248,WashU in St. Louis,REJECT,UNKNOWN,3.93,4.43,,,13.0,,,,,,False,REGEX,0.4,True,179867.0,FUZZY,2023.0,Washington University in St Louis,PRIVATE_NP,4.0,15.0,32240.0,3855.0,1828.0,0.11957196029776675,0.474189364461738,730.0,750.0,770.0,770.0,790.0,800.0,33.0,34.0,35.0,-1.9964898296073967,,
d70d67776956d5b9feb5c248,Amherst College,REJECT,UNKNOWN,3.93,4.43,,,13.0,,,,,,False,REGEX,0.4,True,164465.0,EXACT,2023.0,Amherst College,PRIVATE_NP,1.0,21.0,12727.0,1250.0,488.0,0.09821639035122182,0.3904,690.0,740.0,770.0,670.0,760.0,780.0,31.0,33.0,35.0,-2.2172014813843215,,
d70d67776956d5b9feb5c248,Bowdoin College,REJECT,UNKNOWN,3.93,4.43,,,13.0,,,,,,False,REGEX,0.4,True,161004.0,EXACT,2023.0,Bowdoin College,PRIVATE_NP,1.0,21.0,10966.0,879.0,504.0,0.08015684844063468,0.5733788395904437,730.0,750.0,760.0,750.0,760.0,790.0,33.0,34.0,35.0,-2.4402178473696585,,
d70d67776956d5b9feb5c248,Colgate University,REJECT,UNKNOWN,3.93,4.43,,,13.0,,,,,,False,REGEX,0.4,True,190099.0,EXACT,2023.0,Colgate University,PRIVATE_NP,2.0,21.0,21130.0,2526.0,807.0,0.11954566966398486,0.3194774346793349,710.0,730.0,750.0,720.0,750.0,780.0,33.0,33.0,34.0,-1.9967395874335512,,
d70d67776956d5b9feb5c248,Wake Forest University,WAITLIST,UNKNOWN,3.93,4.43,,,13.0,,,,,,False,REGEX,0.4,True,199847.0,EXACT,2023.0,Wake Forest University,PRIVATE_NP,5.0,16.0,17479.0,3768.0,1385.0,0.21557297328222438,0.36756900212314225,690.0,720.0,740.0,700.0,740.0,770.0,32.0,33.0,34.0,-1.2916540736604012,,
d70d67776956d5b9feb5c248,University of Notre Dame,REJECT,UNKNOWN,3.93,4.43,,,13.0,,,,,,False,REGEX,0.4,True,152080.0,EXACT,2023.0,University of Notre Dame,PRIVATE_NP,3.0,15.0,28353.0,3510.0,2075.0,0.12379642365887207,0.5911680911680912,710.0,740.0,760.0,730.0,760.0,780.0,33.0,34.0,35.0,-1.9569599852418982,,
7d836261f1ab6eaf563541ae,Depaul Univ,ACCEPT,UNKNOWN,,,,,,,,,,,False,REGEX,0.2,True,144740.0,FUZZY,2023.0,DePaul University,PRIVATE_NP,3.0,16.0,32176.0,23660.0,2943.0,0.7353306812531079,0.12438715131022823,570.0,630.0,680.0,560.0,600.0,660.0,26.0,28.0,31.0,1.0218391115190075,,
7d836261f1ab6eaf563541ae,Univ of Illinois Chicago,ACCEPT,UNKNOWN,,,,,,,,,,,False,REGEX,0.2,True,144050.0,FUZZY,2023.0,University of Chicago,PRIVATE_NP,3.0,15.0,38631.0,1849.0,1626.0,0.04786311511480417,0.879394267171444,740.0,760.0,770.0,770.0,790.0,800.0,34.0,35.0,35.0,-2.9903636426718014,,
7d836261f1ab6eaf563541ae,Univ of Iowa,ACCEPT,UNKNOWN,,,,,,,,,,,False,REGEX,0.2,True,153658.0,FUZZY,2023.0,University of Iowa,PUBLIC,4.0,15.0,25682.0,21746.0,5064.0,0.8467409080289697,0.23287041294950794,570.0,610.0,660.0,560.0,610.0,660.0,22.0,25.0,28.0,1.709264853385551,,
7d836261f1ab6eaf563541ae,Univ of Texas Dallas,ACCEPT,UNKNOWN,,,,,,,,,,,False,REGEX,0.2,True,224615.0,FUZZY,,,,,,,,,,,,,,,,,,,,,,
7d836261f1ab6eaf563541ae,IU Bloomington Kelley,ACCEPT,UNKNOWN,,,,,,,,,,,False,REGEX,0.2,True,,UNRESOLVED,,,,,,,,,,,,,,,,,,,,,,
7d836261f1ab6eaf563541ae,Ohio State,ACCEPT,UNKNOWN,,,,,,,,,,,False,REGEX,0.2,True,204662.0,FUZZY,,,,,,,,,,,,,,,,,,,,,,
7d836261f1ab6eaf563541ae,Texas A&M University,DEFER,UNKNOWN,,,,,,,,,,,False,REGEX,0.2,True,228723.0,EXACT,2023.0,Texas A & M University-College Station,PUBLIC,6.0,15.0,50832.0,32149.0,13753.0,0.6324559332703809,0.4277893558120004,570.0,630.0,680.0,570.0,630.0,700.0,25.0,28.0,31.0,0.5427673265231154,,
7d836261f1ab6eaf563541ae,University of Michigan,DEFER,UNKNOWN,,,,,,,,,,,False,REGEX,0.2,True,170976.0,EXACT,2023.0,University of Michigan-Ann Arbor,PUBLIC,3.0,15.0,87632.0,15722.0,7466.0,0.17940934818331203,0.4748759699783743,670.0,720.0,750.0,680.0,750.0,780.0,31.0,33.0,34.0,-1.520354331742838,,
7d836261f1ab6eaf563541ae,University of Texas Austin,DEFER,UNKNOWN,,,,,,,,,,,False,REGEX,0.2,True,228778.0,EXACT,2023.0,The University of Texas at Austin,PUBLIC,6.0,15.0,66109.0,19253.0,9385.0,0.29123114855768506,0.4874565002856698,620.0,680.0,730.0,610.0,690.0,760.0,27.0,31.0,33.0,-0.8894121760402826,,
7d836261f1ab6eaf563541ae,Univ of Wisconsin Madison,DEFER,UNKNOWN,,,,,,,,,,,False,REGEX,0.2,True,240444.0,FUZZY,2023.0,University of Wisconsin-Madison,PUBLIC,3.0,15.0,63505.0,27529.0,7964.0,0.43349342571451066,0.2892949253514476,660.0,700.0,730.0,700.0,750.0,780.0,28.0,30.0,32.0,-0.2676120549837939,,
7d836261f1ab6eaf563541ae,UIUC,DEFER,UNKNOWN,,,,,,,,,,,False,REGEX,0.2,True,145637.0,EXACT,2023.0,University of Illinois Urbana-Champaign,PUBLIC,3.0,15.0,67398.0,29446.0,8325.0,0.436897237306745,0.28272091285743395,630.0,690.0,730.0,640.0,720.0,780.0,29.0,32.0,34.0,-0.25376412593204345,,
7d836261f1ab6eaf563541ae,Purdue University,DEFER,UNKNOWN,,,,,,,,,,,False,REGEX,0.2,True,243780.0,EXACT,2023.0,Purdue University-Main Campus,PUBLIC,3.0,15.0,73083.0,36763.0,9381.0,0.503030800596582,0.25517504012186165,590.0,650.0,710.0,600.0,670.0,750.0,27.0,31.0,34.0,0.012123350870579806,,
1b8cafb20563050753639c78,TAMU,ACCEPT,UNKNOWN,,,,,9.0,,,,,,False,REGEX,0.2,True,,UNRESOLVED,,,,,,,,,,,,,,,,,,,,,,
1b8cafb20563050753639c78,Stanford,REJECT,UNKNOWN,,,,,9.0,,,,,,False,REGEX,0.2,True,243744.0,EXACT,2023.0,Stanford University,PRIVATE_NP,8.0,15.0,53733.0,2099.0,1699.0,0.03906351776375784,0.8094330633635064,740.0,760.0,780.0,770.0,790.0,800.0,34.0,35.0,35.0,-3.202719329388706,,
1b8cafb20563050753639c78,Duke,REJECT,UNKNOWN,,,,,9.0,,,,,,False,REGEX,0.2,True,198419.0,EXACT,2023.0,Duke University,PRIVATE_NP,5.0,15.0,46365.0,3145.0,1742.0,0.06783133829397174,0.5538950715421304,740.0,760.0,770.0,770.0,790.0,800.0,34.0,34.0,35.0,-2.6204894609263363,,
1b8cafb20563050753639c78,JHU,REJECT,UNKNOWN,,,,,9.0,,,,,,False,REGEX,0.2,True,162928.0,EXACT,2023.0,Johns Hopkins University,PRIVATE_NP,2.0,15.0,38926.0,2943.0,1418.0,0.07560499409135282,0.4818212708120965,750.0,760.0,780.0,780.0,790.0,800.0,34.0,35.0,35.0,-2.503617135450525,,
1b8cafb20563050753639c78,CMU,REJECT,UNKNOWN,,,,,9.0,,,,,,False,REGEX,0.2,True,211440.0,EXACT,2023.0,Carnegie Mellon University,PRIVATE_NP,2.0,15.0,33707.0,3843.0,1708.0,0.11401192630610853,0.4444444444444444,730.0,750.0,770.0,770.0,790.0,800.0,34.0,35.0,35.0,-2.0504004300295757,,
1b8cafb20563050753639c78,MIT,REJECT,UNKNOWN,,,,,9.0,,,,,,False,REGEX,0.2,True,166683.0,EXACT,2023.0,Massachusetts Institute of Technology,PRIVATE_NP,1.0,15.0,26904.0,1274.0,1091.0,0.04735355337496283,0.8563579277864992,730.0,760.0,780.0,780.0,790.0,800.0,34.0,35.0,36.0,-3.001601983226008,,
1b8cafb20563050753639c78,UNC,REJECT,UNKNOWN,,,,,9.0,,,,,,False,REGEX,0.2,True,,UNRESOLVED,,,,,,,,,,,,,,,,,,,,,,
1b8cafb20563050753639c78,Caltech,REJECT,UNKNOWN,,,,,9.0,,,,,,False,REGEX,0.2,True,110404.0,EXACT,2023.0,California Institute of Technology,PRIVATE_NP,8.0,15.0,13107.0,412.0,266.0,0.03143358510719463,0.6456310679611651,,,,,,,,,,-3.4279401447892526,,
1b8cafb20563050753639c78,CO Mines,ACCEPT,UNKNOWN,,,,,9.0,,,,,,False,REGEX,0.2,True,,UNRESOLVED,,,,,,,,,,,,,,,,,,,,,,
1b8cafb20563050753639c78,UChicago,WAITLIST,UNKNOWN,,,,,9.0,,,,,,False,REGEX,0.2,True,144050.0,EXACT,2023.0,University of Chicago,PRIVATE_NP,3.0,15.0,38631.0,1849.0,1626.0,0.04786311511480417,0.879394267171444,740.0,760.0,770.0,770.0,790.0,800.0,34.0,35.0,35.0,-2.9903636426718014,,
9df4e79db40eacc46c7c6a1b,Applied ED,DEFER,UNKNOWN,,,1410.0,,,,,,,,False,REGEX_PARTIAL,0.4,True,,UNRESOLVED,,,,,,,,,,,,,,,,,,,,,,
1b9ac588f6ed22182db4a0e9,UC Berkeley,REJECT,UNKNOWN,,,,36.0,12.0,,,,,,False,REGEX,0.4,True,110635.0,EXACT,2023.0,University of California-Berkeley,PUBLIC,8.0,15.0,125910.0,14677.0,6641.0,0.11656738940513064,0.4524766641684268,,,,,,,,,,-2.025345457752041,,
1b9ac588f6ed22182db4a0e9,UCLA,WAITLIST,UNKNOWN,,,,36.0,12.0,,,,,,False,REGEX,0.4,True,110662.0,EXACT,2023.0,University of California-Los Angeles,PUBLIC,8.0,15.0,145903.0,12736.0,6585.0,0.08729087133232354,0.5170383165829145,,,,,,,,,,-2.347171350561971,,
1b9ac588f6ed22182db4a0e9,UC Irvine,ACCEPT,UNKNOWN,,,,36.0,12.0,,,,,,False,REGEX,0.4,True,110653.0,EXACT,2023.0,University of California-Irvine,PUBLIC,8.0,15.0,121101.0,30962.0,6796.0,0.2556708862850018,0.21949486467282475,,,,,,,,,,-1.0685922772286862,,
1b9ac588f6ed22182db4a0e9,UCSD,ACCEPT,UNKNOWN,,,,36.0,12.0,,,,,,False,REGEX,0.4,True,110680.0,EXACT,2023.0,University of California-San Diego,PUBLIC,8.0,15.0,130771.0,32062.0,7005.0,0.2451766829037019,0.21848293930509638,,,,,,,,,,-1.1245045994251517,,
1b9ac588f6ed22182db4a0e9,Vanderbilt,REJECT,UNKNOWN,,,,36.0,12.0,,,,,,False,REGEX,0.4,True,221999.0,EXACT,2023.0,Vanderbilt University,PRIVATE_NP,5.0,15.0,45313.0,2844.0,1622.0,0.06276344536887869,0.570323488045007,740.0,760.0,770.0,770.0,780.0,790.0,34.0,35.0,35.0,-2.7035628860744794,,
1b9ac588f6ed22182db4a0e9,Emory,WAITLIST,UNKNOWN,,,,36.0,12.0,,,,,,False,REGEX,0.4,True,139658.0,EXACT,2023.0,Emory University,PRIVATE_NP,5.0,15.0,31929.0,3543.0,1426.0,0.11096495349055717,0.4024837708156929,710.0,740.0,760.0,750.0,780.0,790.0,32.0,33.0,34.0,-2.0809222399937313,,
1b9ac588f6ed22182db4a0e9,Rice,WAITLIST,UNKNOWN,,,,36.0,12.0,,,,,,False,REGEX,0.4,True,227757.0,EXACT,2023.0,Rice University,PRIVATE_NP,6.0,15.0,31059.0,2447.0,1125.0,0.0787855372033871,0.45974662852472414,730.0,760.0,770.0,770.0,790.0,800.0,34.0,35.0,36.0,-2.458963425785603,,
1b9ac588f6ed22182db4a0e9,WashU,WAITLIST,UNKNOWN,,,,36.0,12.0,,,,,,False,REGEX,0.4,True,179867.0,EXACT,2023.0,Washington University in St Louis,PRIVATE_NP,4.0,15.0,32240.0,3855.0,1828.0,0.11957196029776675,0.474189364461738,730.0,750.0,770.0,770.0,790.0,800.0,33.0,34.0,35.0,-1.9964898296073967,,
1b9ac588f6ed22182db4a0e9,Wake Forest,ACCEPT,UNKNOWN,,,,36.0,12.0,,,,,,False,REGEX,0.4,True,199847.0,EXACT,2023.0,Wake Forest University,PRIVATE_NP,5.0,16.0,17479.0,3768.0,1385.0,0.21557297328222438,0.36756900212314225,690.0,720.0,740.0,700.0,740.0,770.0,32.0,33.0,34.0,-1.2916540736604012,,
1b9ac588f6ed22182db4a0e9,NYU,ACCEPT,UNKNOWN,,,,36.0,12.0,,,,,,False,REGEX,0.4,True,193900.0,EXACT,2023.0,New York University,PRIVATE_NP,2.0,15.0,113578.0,10693.0,5818.0,0.09414675377273768,0.5440942672776583,720.0,750.0,770.0,760.0,780.0,800.0,33.0,34.0,35.0,-2.264022537844875,,
564acf4d6eedd681559abf66,Duke,REJECT,UNKNOWN,,,,,,,,,,,False,REGEX,0.2,True,198419.0,EXACT,2023.0,Duke University,PRIVATE_NP,5.0,15.0,46365.0,3145.0,1742.0,0.06783133829397174,0.5538950715421304,740.0,760.0,770.0,770.0,790.0,800.0,34.0,34.0,35.0,-2.6204894609263363,,
564acf4d6eedd681559abf66,JHU,WAITLIST,UNKNOWN,,,,,,,,,,,False,REGEX,0.2,True,162928.0,EXACT,2023.0,Johns Hopkins University,PRIVATE_NP,2.0,15.0,38926.0,2943.0,1418.0,0.07560499409135282,0.4818212708120965,750.0,760.0,780.0,780.0,790.0,800.0,34.0,35.0,35.0,-2.503617135450525,,
564acf4d6eedd681559abf66,Cornell,REJECT,UNKNOWN,,,,,,,,,,,False,REGEX,0.2,True,190415.0,EXACT,2023.0,Cornell University,PRIVATE_NP,2.0,15.0,65635.0,5358.0,3537.0,0.08163327492953455,0.6601343784994401,720.0,740.0,770.0,760.0,780.0,790.0,33.0,34.0,35.0,-2.4203598336469243,,
564acf4d6eedd681559abf66,UCSD,WAITLIST,UNKNOWN,,,,,,,,,,,False,REGEX,0.2,True,110680.0,EXACT,2023.0,University of California-San Diego,PUBLIC,8.0,15.0,130771.0,32062.0,7005.0,0.2451766829037019,0.21848293930509638,,,,,,,,,,-1.1245045994251517,,
564acf4d6eedd681559abf66,University of Kansas,ACCEPT,UNKNOWN,,,,,,,,,,,False,REGEX,0.2,True,155317.0,EXACT,2023.0,University of Kansas,PUBLIC,4.0,15.0,19226.0,16958.0,5259.0,0.882034744616665,0.3101191178204977,530.0,590.0,650.0,520.0,570.0,640.0,21.0,24.0,27.0,2.011841313016306,,
564acf4d6eedd681559abf66,Kansas state,ACCEPT,UNKNOWN,,,,,,,,,,,False,REGEX,0.2,True,155399.0,EXACT,2023.0,Kansas State University,PUBLIC,4.0,15.0,13437.0,10663.0,3187.0,0.7935551090273126,0.29888399137203414,530.0,580.0,630.0,510.0,560.0,630.0,20.0,23.0,27.0,1.3464894831434027,,
564acf4d6eedd681559abf66,Wichita state,WAITLIST,UNKNOWN,,,,,,,,,,,False,REGEX,0.2,True,156125.0,EXACT,2023.0,Wichita State University,PUBLIC,4.0,16.0,8637.0,8200.0,1786.0,0.9494037281463471,0.2178048780487805,490.0,550.0,630.0,480.0,540.0,620.0,18.0,22.0,26.0,2.9319562381567543,,
564acf4d6eedd681559abf66,UC Merced,ACCEPT,UNKNOWN,,,,,,,,,,,False,REGEX,0.2,True,118718.0,FUZZY,,,,,,,,,,,,,,,,,,,,,,
564acf4d6eedd681559abf66,UC Santa Barbara,WAITLIST,UNKNOWN,,,,,,,,,,,False,REGEX,0.2,True,110705.0,EXACT,2023.0,University of California-Santa Barbara,PUBLIC,8.0,15.0,110871.0,30804.0,5043.0,0.2778364044700598,0.16371250486949745,,,,,,,,,,-0.9552192324894392,,
564acf4d6eedd681559abf66,Rice,ACCEPT,UNKNOWN,,,,,,,,,,,False,REGEX,0.2,True,227757.0,EXACT,2023.0,Rice University,PRIVATE_NP,6.0,15.0,31059.0,2447.0,1125.0,0.0787855372033871,0.45974662852472414,730.0,760.0,770.0,770.0,790.0,800.0,34.0,35.0,36.0,-2.458963425785603,,
3bca4c9b7759b6f38a9b1cbe,deferred,REJECT,UNKNOWN,4.0,4.6,1580.0,,9.0,,,,,,False,REGEX_PARTIAL,0.6,False,,UNRESOLVED,,,,,,,,,,,,,,,,,,,,,,
a1d66a3ab8379144d293e914,Providence College,ACCEPT,UNKNOWN,,,,,,,,,,,False,REGEX,0.2,True,217402.0,EXACT,2023.0,Providence College,PRIVATE_NP,1.0,18.0,12469.0,6075.0,1197.0,0.48720827652578397,0.19703703703703704,630.0,670.0,700.0,620.0,660.0,700.0,28.0,30.0,32.0,-0.05117806141103755,,
a1d66a3ab8379144d293e914,UMass Amherst,ACCEPT,UNKNOWN,,,,,,,,,,,False,REGEX,0.2,True,166629.0,EXACT,2023.0,University of Massachusetts-Amherst,PUBLIC,1.0,15.0,50424.0,29129.0,5286.0,0.577681262890687,0.1814686395001545,650.0,690.0,720.0,650.0,700.0,760.0,29.0,31.0,33.0,0.3132619381363372,,
a1d66a3ab8379144d293e914,UMD College Park,ACCEPT,UNKNOWN,,,,,,,,,,,False,REGEX,0.2,True,178721.0,FUZZY,,,,,,,,,,,,,,,,,,,,,,
a1d66a3ab8379144d293e914,UNC Chapel Hill,REJECT,UNKNOWN,,,,,,,,,,,False,REGEX,0.2,True,225371.0,FUZZY,,,,,,,,,,,,,,,,,,,,,,
a1d66a3ab8379144d293e914,UT Austin CSB program,DEFER,UNKNOWN,,,,,,,,,,,False,REGEX,0.2,True,222983.0,FUZZY,2023.0,Austin College,PRIVATE_NP,6.0,21.0,5474.0,2554.0,296.0,0.46656923639020825,0.1158966327329679,590.0,620.0,680.0,580.0,610.0,660.0,26.0,29.0,32.0,-0.13392285866984271,,
a1d66a3ab8379144d293e914,UT Austin,REJECT,UNKNOWN,,,,,,,,,,,False,REGEX,0.2,True,228778.0,EXACT,2023.0,The University of Texas at Austin,PUBLIC,6.0,15.0,66109.0,19253.0,9385.0,0.29123114855768506,0.4874565002856698,620.0,680.0,730.0,610.0,690.0,760.0,27.0,31.0,33.0,-0.8894121760402826,,
a1d66a3ab8379144d293e914,MIT,REJECT,UNKNOWN,,,,,,,,,,,False,REGEX,0.2,True,166683.0,EXACT,2023.0,Massachusetts Institute of Technology,PRIVATE_NP,1.0,15.0,26904.0,1274.0,1091.0,0.04735355337496283,0.8563579277864992,730.0,760.0,780.0,780.0,790.0,800.0,34.0,35.0,36.0,-3.001601983226008,,
a1d66a3ab8379144d293e914,CMU,REJECT,UNKNOWN,,,,,,,,,,,False,REGEX,0.2,True,211440.0,EXACT,2023.0,Carnegie Mellon University,PRIVATE_NP,2.0,15.0,33707.0,3843.0,1708.0,0.11401192630610853,0.4444444444444444,730.0,750.0,770.0,770.0,790.0,800.0,34.0,35.0,35.0,-2.0504004300295757,,
a1d66a3ab8379144d293e914,Tufts,REJECT,UNKNOWN,,,,,,,,,,,False,REGEX,0.2,True,168148.0,EXACT,2023.0,Tufts University,PRIVATE_NP,1.0,15.0,34003.0,3444.0,1739.0,0.10128518071934829,0.5049361207897793,710.0,740.0,760.0,750.0,770.0,790.0,33.0,34.0,35.0,-2.183025654684353,,
a1d66a3ab8379144d293e914,JHU,REJECT,UNKNOWN,,,,,,,,,,,False,REGEX,0.2,True,162928.0,EXACT,2023.0,Johns Hopkins University,PRIVATE_NP,2.0,15.0,38926.0,2943.0,1418.0,0.07560499409135282,0.4818212708120965,750.0,760.0,780.0,780.0,790.0,800.0,34.0,35.0,35.0,-2.503617135450525,,
a1d66a3ab8379144d293e914,Vandy,WAITLIST,UNKNOWN,,,,,,,,,,,False,REGEX,0.2,True,,UNRESOLVED,,,,,,,,,,,,,,,,,,,,,,
a1d66a3ab8379144d293e914,Northwestern,WAITLIST,UNKNOWN,,,,,,,,,,,False,REGEX,0.2,True,147767.0,EXACT,2023.0,Northwestern University,PRIVATE_NP,3.0,15.0,51769.0,3703.0,2111.0,0.07152929359269061,0.5700783148798272,730.0,750.0,770.0,760.0,780.0,790.0,33.0,34.0,35.0,-2.5634317645295592,,
a1d66a3ab8379144d293e914,Cornell,WAITLIST,UNKNOWN,,,,,,,,,,,False,REGEX,0.2,True,190415.0,EXACT,2023.0,Cornell University,PRIVATE_NP,2.0,15.0,65635.0,5358.0,3537.0,0.08163327492953455,0.6601343784994401,720.0,740.0,770.0,760.0,780.0,790.0,33.0,34.0,35.0,-2.4203598336469243,,
a1d66a3ab8379144d293e914,Columbia,REJECT,UNKNOWN,,,,,,,,,,,False,REGEX,0.2,True,190150.0,EXACT,2023.0,Columbia University in the City of New York,PRIVATE_NP,2.0,15.0,57613.0,2439.0,1540.0,0.04233419540728655,0.6314063140631406,730.0,760.0,770.0,760.0,780.0,800.0,34.0,35.0,35.0,-3.118903708594342,,
a1d66a3ab8379144d293e914,Dartmouth,WAITLIST,UNKNOWN,,,,,,,,,,,False,REGEX,0.2,True,182670.0,EXACT,2023.0,Dartmouth College,PRIVATE_NP,1.0,15.0,28841.0,1797.0,1206.0,0.062307132207621095,0.671118530884808,740.0,760.0,780.0,760.0,780.0,790.0,33.0,34.0,35.0,-2.7113465614270096,,
a1d66a3ab8379144d293e914,Yale,REJECT,UNKNOWN,,,,,,,,,,,False,REGEX,0.2,True,130794.0,EXACT,2023.0,Yale University,PRIVATE_NP,1.0,15.0,51803.0,2332.0,1641.0,0.045016697874640466,0.7036878216123499,740.0,760.0,780.0,760.0,780.0,800.0,33.0,34.0,35.0,-3.054660370818341,,
a1d66a3ab8379144d293e914,Princeton,REJECT,UNKNOWN,,,,,,,,,,,False,REGEX,0.2,True,186131.0,EXACT,2023.0,Princeton University,PRIVATE_NP,2.0,15.0,39644.0,1782.0,1366.0,0.04495005549389567,0.7665544332210998,740.0,760.0,780.0,760.0,780.0,800.0,34.0,34.0,35.0,-3.0562116415391007,,
a1d66a3ab8379144d293e914,Harvard,REJECT,UNKNOWN,,,,,,,,,,,False,REGEX,0.2,True,166027.0,EXACT,2023.0,Harvard University,PRIVATE_NP,1.0,15.0,56937.0,1965.0,1645.0,0.03451182886348069,0.8371501272264631,740.0,760.0,780.0,760.0,790.0,800.0,34.0,35.0,36.0,-3.3313317193713807,,
a1d66a3ab8379144d293e914,Duke,REJECT,UNKNOWN,,,,,,,,,,,False,REGEX,0.2,True,198419.0,EXACT,2023.0,Duke University,PRIVATE_NP,5.0,15.0,46365.0,3145.0,1742.0,0.06783133829397174,0.5538950715421304,740.0,760.0,770.0,770.0,790.0,800.0,34.0,34.0,35.0,-2.6204894609263363,,
a1d66a3ab8379144d293e914,GT,WAITLIST,UNKNOWN,,,,,,,,,,,False,REGEX,0.2,True,139755.0,EXACT,2023.0,Georgia Institute of Technology-Main Campus,PUBLIC,5.0,15.0,52377.0,8622.0,3763.0,0.1646142390744029,0.43644166086754815,650.0,700.0,740.0,680.0,750.0,790.0,28.0,32.0,34.0,-1.6242888156628517,,
73710182b60518d409faac8c,waitlist,ACCEPT,UNKNOWN,,,1560.0,,,,,,,,False,REGEX_PARTIAL,0.4,True,,UNRESOLVED,,,,,,,,,,,,,,,,,,,,,,
3e5f79e5564b2af88f26d821,Cornell Dyson,REJECT,UNKNOWN,,3.85,1510.0,,,,,,,,False,REGEX,0.6,False,190415.0,FUZZY,2023.0,Cornell University,PRIVATE_NP,2.0,15.0,65635.0,5358.0,3537.0,0.08163327492953455,0.6601343784994401,720.0,740.0,770.0,760.0,780.0,790.0,33.0,34.0,35.0,-2.4203598336469243,-10.0,
3e5f79e5564b2af88f26d821,Dartmouth,REJECT,UNKNOWN,,3.85,1510.0,,,,,,,,False,REGEX,0.6,False,182670.0,EXACT,2023.0,Dartmouth College,PRIVATE_NP,1.0,15.0,28841.0,1797.0,1206.0,0.062307132207621095,0.671118530884808,740.0,760.0,780.0,760.0,780.0,790.0,33.0,34.0,35.0,-2.7113465614270096,-30.0,
3e5f79e5564b2af88f26d821,UT Austin McCombs,REJECT,UNKNOWN,,3.85,1510.0,,,,,,,,False,REGEX,0.6,False,222983.0,FUZZY,2023.0,Austin College,PRIVATE_NP,6.0,21.0,5474.0,2554.0,296.0,0.46656923639020825,0.1158966327329679,590.0,620.0,680.0,580.0,610.0,660.0,26.0,29.0,32.0,-0.13392285866984271,280.0,
3e5f79e5564b2af88f26d821,UNC Kenan-Flagler,WAITLIST,UNKNOWN,,3.85,1510.0,,,,,,,,False,REGEX,0.6,False,133711.0,FUZZY,2023.0,Flagler College,PRIVATE_NP,5.0,22.0,5509.0,4302.0,655.0,0.7809039753131239,0.1522547652254765,520.0,560.0,620.0,470.0,530.0,580.0,19.0,22.0,24.0,1.2709420887301437,420.0,
3e5f79e5564b2af88f26d821,NYU Stern,WAITLIST,UNKNOWN,,3.85,1510.0,,,,,,,,False,REGEX,0.6,False,193900.0,FUZZY,2023.0,New York University,PRIVATE_NP,2.0,15.0,113578.0,10693.0,5818.0,0.09414675377273768,0.5440942672776583,720.0,750.0,770.0,760.0,780.0,800.0,33.0,34.0,35.0,-2.264022537844875,-20.0,
3e5f79e5564b2af88f26d821,UVA McIntire,REJECT,UNKNOWN,,3.85,1510.0,,,,,,,,False,REGEX,0.6,False,234076.0,FUZZY,2023.0,University of Virginia-Main Campus,PUBLIC,5.0,15.0,56528.0,9533.0,3966.0,0.16864208887630908,0.41602853246617016,700.0,730.0,750.0,710.0,760.0,780.0,32.0,33.0,34.0,-1.5952817495608238,20.0,
3e5f79e5564b2af88f26d821,Georgia Tech Scheller,REJECT,UNKNOWN,,3.85,1510.0,,,,,,,,False,REGEX,0.6,False,139959.0,FUZZY,2023.0,University of Georgia,PUBLIC,5.0,15.0,43419.0,16151.0,6146.0,0.3719800087519289,0.3805337130827813,590.0,640.0,690.0,570.0,630.0,700.0,25.0,29.0,32.0,-0.5237318862441626,240.0,
3e5f79e5564b2af88f26d821,Emory Goizeuta,WAITLIST,UNKNOWN,,3.85,1510.0,,,,,,,,False,REGEX,0.6,False,139658.0,FUZZY,2023.0,Emory University,PRIVATE_NP,5.0,15.0,31929.0,3543.0,1426.0,0.11096495349055717,0.4024837708156929,710.0,740.0,760.0,750.0,780.0,790.0,32.0,33.0,34.0,-2.0809222399937313,-10.0,
3e5f79e5564b2af88f26d821,IU Kelley,ACCEPT,UNKNOWN,,3.85,1510.0,,,,,,,,False,REGEX,0.6,False,,UNRESOLVED,,,,,,,,,,,,,,,,,,,,,,
3e5f79e5564b2af88f26d821,Williams,REJECT,UNKNOWN,,3.85,1510.0,,,,,,,,False,REGEX,0.6,False,168342.0,EXACT,2023.0,Williams College,PRIVATE_NP,1.0,21.0,11465.0,1145.0,541.0,0.09986916703009158,0.4724890829694323,730.0,760.0,770.0,740.0,770.0,790.0,33.0,34.0,35.0,-2.198679123047214,-20.0,
3e5f79e5564b2af88f26d821,Rice,REJECT,UNKNOWN,,3.85,1510.0,,,,,,,,False,REGEX,0.6,False,227757.0,EXACT,2023.0,Rice University,PRIVATE_NP,6.0,15.0,31059.0,2447.0,1125.0,0.0787855372033871,0.45974662852472414,730.0,760.0,770.0,770.0,790.0,800.0,34.0,35.0,36.0,-2.458963425785603,-40.0,
3e5f79e5564b2af88f26d821,CMU Tepper,WAITLIST,UNKNOWN,,3.85,1510.0,,,,,,,,False,REGEX,0.6,False,211440.0,FUZZY,2023.0,Carnegie Mellon University,PRIVATE_NP,2.0,15.0,33707.0,3843.0,1708.0,0.11401192630610853,0.4444444444444444,730.0,750.0,770.0,770.0,790.0,800.0,34.0,35.0,35.0,-2.0504004300295757,-30.0,
3e5f79e5564b2af88f26d821,Boston College,WAITLIST,UNKNOWN,,3.85,1510.0,,,,,,,,False,REGEX,0.6,False,164924.0,EXACT,2023.0,Boston College,PRIVATE_NP,1.0,15.0,36069.0,5645.0,2335.0,0.15650558651473565,0.4136403897254207,710.0,730.0,760.0,720.0,760.0,780.0,33.0,34.0,34.0,-1.684461573024333,20.0,
3e5f79e5564b2af88f26d821,UMich Ross,DEFER,UNKNOWN,,3.85,1510.0,,,,,,,,False,REGEX,0.6,False,170976.0,FUZZY,2023.0,University of Michigan-Ann Arbor,PUBLIC,3.0,15.0,87632.0,15722.0,7466.0,0.17940934818331203,0.4748759699783743,670.0,720.0,750.0,680.0,750.0,780.0,31.0,33.0,34.0,-1.520354331742838,40.0,
7e8110b40519b32282153635,Rocketry,WAITLIST,UNKNOWN,3.61,3.92,,,6.0,,,,,,False,REGEX_PARTIAL,0.4,True,,UNRESOLVED,,,,,,,,,,,,,,,,,,,,,,
3c64e62e1a25940564e9d57f,so I assumed I was going to get auto,REJECT,UNKNOWN,3.95,4.59,,,,,,,,,False,REGEX_PARTIAL,0.4,True,,UNRESOLVED,,,,,,,,,,,,,,,,,,,,,,
90546000fef3cb6f8e059bf1,Yale,ACCEPT,UNKNOWN,,,,35.0,,,,,,,False,REGEX,0.4,True,130794.0,EXACT,2023.0,Yale University,PRIVATE_NP,1.0,15.0,51803.0,2332.0,1641.0,0.045016697874640466,0.7036878216123499,740.0,760.0,780.0,760.0,780.0,800.0,33.0,34.0,35.0,-3.054660370818341,,
90546000fef3cb6f8e059bf1,Cornell,ACCEPT,UNKNOWN,,,,35.0,,,,,,,False,REGEX,0.4,True,190415.0,EXACT,2023.0,Cornell University,PRIVATE_NP,2.0,15.0,65635.0,5358.0,3537.0,0.08163327492953455,0.6601343784994401,720.0,740.0,770.0,760.0,780.0,790.0,33.0,34.0,35.0,-2.4203598336469243,,
90546000fef3cb6f8e059bf1,Northwestern,REJECT,UNKNOWN,,,,35.0,,,,,,,False,REGEX,0.4,True,147767.0,EXACT,2023.0,Northwestern University,PRIVATE_NP,3.0,15.0,51769.0,3703.0,2111.0,0.07152929359269061,0.5700783148798272,730.0,750.0,770.0,760.0,780.0,790.0,33.0,34.0,35.0,-2.5634317645295592,,
90546000fef3cb6f8e059bf1,Uchicago,ACCEPT,UNKNOWN,,,,35.0,,,,,,,False,REGEX,0.4,True,144050.0,EXACT,2023.0,University of Chicago,PRIVATE_NP,3.0,15.0,38631.0,1849.0,1626.0,0.04786311511480417,0.879394267171444,740.0,760.0,770.0,770.0,790.0,800.0,34.0,35.0,35.0,-2.9903636426718014,,
90546000fef3cb6f8e059bf1,Rice,WAITLIST,UNKNOWN,,,,35.0,,,,,,,False,REGEX,0.4,True,227757.0,EXACT,2023.0,Rice University,PRIVATE_NP,6.0,15.0,31059.0,2447.0,1125.0,0.0787855372033871,0.45974662852472414,730.0,760.0,770.0,770.0,790.0,800.0,34.0,35.0,36.0,-2.458963425785603,,
90546000fef3cb6f8e059bf1,Duke,REJECT,UNKNOWN,,,,35.0,,,,,,,False,REGEX,0.4,True,198419.0,EXACT,2023.0,Duke University,PRIVATE_NP,5.0,15.0,46365.0,3145.0,1742.0,0.06783133829397174,0.5538950715421304,740.0,760.0,770.0,770.0,790.0,800.0,34.0,34.0,35.0,-2.6204894609263363,,
90546000fef3cb6f8e059bf1,WashU,ACCEPT,UNKNOWN,,,,35.0,,,,,,,False,REGEX,0.4,True,179867.0,EXACT,2023.0,Washington University in St Louis,PRIVATE_NP,4.0,15.0,32240.0,3855.0,1828.0,0.11957196029776675,0.474189364461738,730.0,750.0,770.0,770.0,790.0,800.0,33.0,34.0,35.0,-1.9964898296073967,,
90546000fef3cb6f8e059bf1,UIUC,ACCEPT,UNKNOWN,,,,35.0,,,,,,,False,REGEX,0.4,True,145637.0,EXACT,2023.0,University of Illinois Urbana-Champaign,PUBLIC,3.0,15.0,67398.0,29446.0,8325.0,0.436897237306745,0.28272091285743395,630.0,690.0,730.0,640.0,720.0,780.0,29.0,32.0,34.0,-0.25376412593204345,,
90546000fef3cb6f8e059bf1,UMich,DEFER,UNKNOWN,,,,35.0,,,,,,,False,REGEX,0.4,True,170976.0,EXACT,2023.0,University of Michigan-Ann Arbor,PUBLIC,3.0,15.0,87632.0,15722.0,7466.0,0.17940934818331203,0.4748759699783743,670.0,720.0,750.0,680.0,750.0,780.0,31.0,33.0,34.0,-1.520354331742838,,
90546000fef3cb6f8e059bf1,UMN,ACCEPT,UNKNOWN,,,,35.0,,,,,,,False,REGEX,0.4,True,,UNRESOLVED,,,,,,,,,,,,,,,,,,,,,,
90546000fef3cb6f8e059bf1,UW Madison,ACCEPT,UNKNOWN,,,,35.0,,,,,,,False,REGEX,0.4,True,,UNRESOLVED,,,,,,,,,,,,,,,,,,,,,,
90546000fef3cb6f8e059bf1,Carleton,ACCEPT,UNKNOWN,,,,35.0,,,,,,,False,REGEX,0.4,True,173258.0,EXACT,2023.0,Carleton College,PRIVATE_NP,4.0,21.0,6464.0,1440.0,538.0,0.22277227722772278,0.3736111111111111,710.0,740.0,760.0,720.0,760.0,790.0,32.0,33.0,34.0,-1.2495833155779883,,
90546000fef3cb6f8e059bf1,IU Bloomington,ACCEPT,UNKNOWN,,,,35.0,,,,,,,False,REGEX,0.4,True,,UNRESOLVED,,,,,,,,,,,,,,,,,,,,,,
b66caca69a20a5909def1c90,Northeastern,ACCEPT,UNKNOWN,,,,,,,,,,,False,REGEX_PARTIAL,0.2,True,167358.0,EXACT,2023.0,Northeastern University,PRIVATE_NP,1.0,15.0,96631.0,5459.0,2744.0,0.056493257857209385,0.502656164132625,710.0,730.0,760.0,750.0,770.0,790.0,33.0,34.0,35.0,-2.8154822095972705,,
e8e183a8bdc53ed16e461ec5,CSULB,REJECT,UNKNOWN,,,,,,,,,,,False,REGEX,0.2,True,,UNRESOLVED,,,,,,,,,,,,,,,,,,,,,,
e8e183a8bdc53ed16e461ec5,SDSU,REJECT,UNKNOWN,,,,,,,,,,,False,REGEX,0.2,True,122409.0,EXACT,2023.0,San Diego State University,PUBLIC,8.0,16.0,82800.0,28517.0,6162.0,0.34440821256038645,0.21608163551565732,,,,,,,,,,-0.6437107017425816,,
e8e183a8bdc53ed16e461ec5,CSUF,REJECT,UNKNOWN,,,,,,,,,,,False,REGEX,0.2,True,,UNRESOLVED,,,,,,,,,,,,,,,,,,,,,,
e8e183a8bdc53ed16e461ec5,SJSU,ACCEPT,UNKNOWN,,,,,,,,,,,False,REGEX,0.2,True,,UNRESOLVED,,,,,,,,,,,,,,,,,,,,,,
e8e183a8bdc53ed16e461ec5,UCLA,WAITLIST,UNKNOWN,,,,,,,,,,,False,REGEX,0.2,True,110662.0,EXACT,2023.0,University of California-Los Angeles,PUBLIC,8.0,15.0,145903.0,12736.0,6585.0,0.08729087133232354,0.5170383165829145,,,,,,,,,,-2.347171350561971,,
e8e183a8bdc53ed16e461ec5,UCD,ACCEPT,UNKNOWN,,,,,,,,,,,False,REGEX,0.2,True,,UNRESOLVED,,,,,,,,,,,,,,,,,,,,,,
e8e183a8bdc53ed16e461ec5,UCB,WAITLIST,UNKNOWN,,,,,,,,,,,False,REGEX,0.2,True,,UNRESOLVED,,,,,,,,,,,,,,,,,,,,,,
e8e183a8bdc53ed16e461ec5,UCI,ACCEPT,UNKNOWN,,,,,,,,,,,False,REGEX,0.2,True,,UNRESOLVED,,,,,,,,,,,,,,,,,,,,,,
3552f7211bbfdce5b22cbfc2,UCLA - CL&S,WAITLIST,UNKNOWN,,,1530.0,34.0,14.0,,,,,,False,REGEX_PARTIAL,0.4,True,110662.0,FUZZY,2023.0,University of California-Los Angeles,PUBLIC,8.0,15.0,145903.0,12736.0,6585.0,0.08729087133232354,0.5170383165829145,,,,,,,,,,-2.347171350561971,,
0dff6ec374eaea21ff0ba765,Wayne state,ACCEPT,UNKNOWN,,,1370.0,,1.0,,,,,,False,REGEX,0.4,True,181783.0,EXACT,,,,,,,,,,,,,,,,,,,,,,
0dff6ec374eaea21ff0ba765,Albion,ACCEPT,UNKNOWN,,,1370.0,,1.0,,,,,,False,REGEX,0.4,True,168546.0,EXACT,2023.0,Albion College,PRIVATE_NP,3.0,21.0,5438.0,4522.0,363.0,0.8315557190143436,0.08027421494913754,,,,,,,,,,1.5966932881637852,,
0dff6ec374eaea21ff0ba765,Kalamazoo College,ACCEPT,UNKNOWN,,,1370.0,,1.0,,,,,,False,REGEX,0.4,True,170532.0,EXACT,2023.0,Kalamazoo College,PRIVATE_NP,3.0,21.0,3656.0,2787.0,370.0,0.762308533916849,0.13275923932543954,610.0,650.0,700.0,578.0,620.0,673.0,,,,1.1653779022165565,100.0,
0dff6ec374eaea21ff0ba765,Michigan State,ACCEPT,UNKNOWN,,,1370.0,,1.0,,,,,,False,REGEX,0.4,True,171100.0,EXACT,2023.0,Michigan State University,PUBLIC,3.0,15.0,58879.0,49414.0,9533.0,0.8392465904651913,0.19292103452462864,580.0,630.0,670.0,570.0,620.0,680.0,26.0,28.0,31.0,1.6526330001918834,120.0,
0dff6ec374eaea21ff0ba765,Kenyon College,ACCEPT,UNKNOWN,,,1370.0,,1.0,,,,,,False,REGEX,0.4,True,203535.0,EXACT,2023.0,Kenyon College,PRIVATE_NP,3.0,21.0,8218.0,2524.0,455.0,0.30713068873205157,0.18026941362916007,690.0,720.0,750.0,670.0,720.0,750.0,31.0,32.0,34.0,-0.8135680441768793,-70.0,
0dff6ec374eaea21ff0ba765,University of Miami Ohio,ACCEPT,UNKNOWN,,,1370.0,,1.0,,,,,,False,REGEX,0.4,True,135726.0,FUZZY,2023.0,University of Miami,PRIVATE_NP,5.0,15.0,48286.0,8940.0,2328.0,0.18514683345068964,0.26040268456375837,660.0,690.0,720.0,670.0,710.0,750.0,30.0,32.0,33.0,-1.481858728668651,-30.0,
0dff6ec374eaea21ff0ba765,University of Vermont,ACCEPT,UNKNOWN,,,1370.0,,1.0,,,,,,False,REGEX,0.4,True,231174.0,EXACT,2023.0,University of Vermont,PUBLIC,1.0,16.0,28236.0,16947.0,2896.0,0.6001912452188696,0.1708857024842155,640.0,680.0,720.0,610.0,660.0,700.0,29.0,31.0,32.0,0.4062620267318251,30.0,
0dff6ec374eaea21ff0ba765,Macalester,ACCEPT,UNKNOWN,,,1370.0,,1.0,,,,,,False,REGEX,0.4,True,173902.0,EXACT,2023.0,Macalester College,PRIVATE_NP,4.0,21.0,8099.0,2285.0,518.0,0.28213359674033833,0.22669584245076588,680.0,710.0,750.0,670.0,700.0,760.0,30.0,32.0,33.0,-0.9339027777905161,-40.0,
0dff6ec374eaea21ff0ba765,University of Rochester,ACCEPT,UNKNOWN,,,1370.0,,1.0,,,,,,False,REGEX,0.4,True,195030.0,EXACT,2023.0,University of Rochester,PRIVATE_NP,2.0,15.0,21680.0,7773.0,1543.0,0.35853321033210334,0.19850765470217419,690.0,720.0,750.0,710.0,760.0,790.0,31.0,33.0,34.0,-0.5817361202483913,-110.0,
0dff6ec374eaea21ff0ba765,University of Wisconsin Madison,ACCEPT,UNKNOWN,,,1370.0,,1.0,,,,,,False,REGEX,0.4,True,240444.0,EXACT,2023.0,University of Wisconsin-Madison,PUBLIC,3.0,15.0,63505.0,27529.0,7964.0,0.43349342571451066,0.2892949253514476,660.0,700.0,730.0,700.0,750.0,780.0,28.0,30.0,32.0,-0.2676120549837939,-80.0,
0dff6ec374eaea21ff0ba765,University of Minnesota Twin Cities,ACCEPT,UNKNOWN,,,1370.0,,1.0,,,,,,False,REGEX,0.4,True,174066.0,EXACT,2023.0,University of Minnesota-Twin Cities,PUBLIC,4.0,15.0,39863.0,30705.0,6736.0,0.7702631512931791,0.21937795147370134,640.0,680.0,720.0,670.0,720.0,760.0,27.0,29.0,31.0,1.2097976935464587,-30.0,
0dff6ec374eaea21ff0ba765,University of Pittsburgh,ACCEPT,UNKNOWN,,,1370.0,,1.0,,,,,,False,REGEX,0.4,True,215266.0,FUZZY,2023.0,University of Pittsburgh-Bradford,PUBLIC,2.0,22.0,4985.0,4527.0,310.0,0.9081243731193581,0.06847802076430307,520.0,580.0,630.0,510.0,570.0,630.0,22.0,27.0,31.0,2.2909455633217743,220.0,
0dff6ec374eaea21ff0ba765,University of Michigan,DEFER,UNKNOWN,,,1370.0,,1.0,,,,,,False,REGEX,0.4,True,170976.0,EXACT,2023.0,University of Michigan-Ann Arbor,PUBLIC,3.0,15.0,87632.0,15722.0,7466.0,0.17940934818331203,0.4748759699783743,670.0,720.0,750.0,680.0,750.0,780.0,31.0,33.0,34.0,-1.520354331742838,-100.0,
741b8e396e91cb98208cfc29,. UT Austin,DEFER,UNKNOWN,,,,,,,,,,,False,REGEX,0.2,True,228778.0,EXACT,2023.0,The University of Texas at Austin,PUBLIC,6.0,15.0,66109.0,19253.0,9385.0,0.29123114855768506,0.4874565002856698,620.0,680.0,730.0,610.0,690.0,760.0,27.0,31.0,33.0,-0.8894121760402826,,
741b8e396e91cb98208cfc29,. CU Boulder,ACCEPT,UNKNOWN,,,,,,,,,,,False,REGEX,0.2,True,,UNRESOLVED,,,,,,,,,,,,,,,,,,,,,,
741b8e396e91cb98208cfc29,. UIUC,REJECT,UNKNOWN,,,,,,,,,,,False,REGEX,0.2,True,145637.0,EXACT,2023.0,University of Illinois Urbana-Champaign,PUBLIC,3.0,15.0,67398.0,29446.0,8325.0,0.436897237306745,0.28272091285743395,630.0,690.0,730.0,640.0,720.0,780.0,29.0,32.0,34.0,-0.25376412593204345,,
741b8e396e91cb98208cfc29,. UC Berkeley,REJECT,UNKNOWN,,,,,,,,,,,False,REGEX,0.2,True,110635.0,EXACT,2023.0,University of California-Berkeley,PUBLIC,8.0,15.0,125910.0,14677.0,6641.0,0.11656738940513064,0.4524766641684268,,,,,,,,,,-2.025345457752041,,
741b8e396e91cb98208cfc29,. UCLA,REJECT,UNKNOWN,,,,,,,,,,,False,REGEX,0.2,True,110662.0,EXACT,2023.0,University of California-Los Angeles,PUBLIC,8.0,15.0,145903.0,12736.0,6585.0,0.08729087133232354,0.5170383165829145,,,,,,,,,,-2.347171350561971,,
741b8e396e91cb98208cfc29,. Cornell,REJECT,UNKNOWN,,,,,,,,,,,False,REGEX,0.2,True,190415.0,EXACT,2023.0,Cornell University,PRIVATE_NP,2.0,15.0,65635.0,5358.0,3537.0,0.08163327492953455,0.6601343784994401,720.0,740.0,770.0,760.0,780.0,790.0,33.0,34.0,35.0,-2.4203598336469243,,
741b8e396e91cb98208cfc29,. Rice,REJECT,UNKNOWN,,,,,,,,,,,False,REGEX,0.2,True,227757.0,EXACT,2023.0,Rice University,PRIVATE_NP,6.0,15.0,31059.0,2447.0,1125.0,0.0787855372033871,0.45974662852472414,730.0,760.0,770.0,770.0,790.0,800.0,34.0,35.0,36.0,-2.458963425785603,,
741b8e396e91cb98208cfc29,. MIT,REJECT,UNKNOWN,,,,,,,,,,,False,REGEX,0.2,True,166683.0,EXACT,2023.0,Massachusetts Institute of Technology,PRIVATE_NP,1.0,15.0,26904.0,1274.0,1091.0,0.04735355337496283,0.8563579277864992,730.0,760.0,780.0,780.0,790.0,800.0,34.0,35.0,36.0,-3.001601983226008,,
741b8e396e91cb98208cfc29,. Purdue,WAITLIST,UNKNOWN,,,,,,,,,,,False,REGEX,0.2,True,243780.0,EXACT,2023.0,Purdue University-Main Campus,PUBLIC,3.0,15.0,73083.0,36763.0,9381.0,0.503030800596582,0.25517504012186165,590.0,650.0,710.0,600.0,670.0,750.0,27.0,31.0,34.0,0.012123350870579806,,
74e3c5d38d1d7c7bb7d5a68f,. Michigan,DEFER,UNKNOWN,,,,,12.0,,,,,,False,REGEX,0.2,True,170976.0,EXACT,2023.0,University of Michigan-Ann Arbor,PUBLIC,3.0,15.0,87632.0,15722.0,7466.0,0.17940934818331203,0.4748759699783743,670.0,720.0,750.0,680.0,750.0,780.0,31.0,33.0,34.0,-1.520354331742838,,
74e3c5d38d1d7c7bb7d5a68f,. Maryland,ACCEPT,UNKNOWN,,,,,12.0,,,,,,False,REGEX,0.2,True,161688.0,FUZZY,,,,,,,,,,,,,,,,,,,,,,
74e3c5d38d1d7c7bb7d5a68f,. Binghamton,ACCEPT,UNKNOWN,,,,,12.0,,,,,,False,REGEX,0.2,True,196079.0,EXACT,2023.0,Binghamton University,PUBLIC,2.0,15.0,49513.0,18683.0,3095.0,0.377335245289116,0.16565862013595248,660.0,700.0,730.0,660.0,710.0,760.0,29.0,32.0,34.0,-0.5008742224203585,,
74e3c5d38d1d7c7bb7d5a68f,. UIUC,REJECT,UNKNOWN,,,,,12.0,,,,,,False,REGEX,0.2,True,145637.0,EXACT,2023.0,University of Illinois Urbana-Champaign,PUBLIC,3.0,15.0,67398.0,29446.0,8325.0,0.436897237306745,0.28272091285743395,630.0,690.0,730.0,640.0,720.0,780.0,29.0,32.0,34.0,-0.25376412593204345,,
74e3c5d38d1d7c7bb7d5a68f,. Georgia Tech,REJECT,UNKNOWN,,,,,12.0,,,,,,False,REGEX,0.2,True,139755.0,EXACT,2023.0,Georgia Institute of Technology-Main Campus,PUBLIC,5.0,15.0,52377.0,8622.0,3763.0,0.1646142390744029,0.43644166086754815,650.0,700.0,740.0,680.0,750.0,790.0,28.0,32.0,34.0,-1.6242888156628517,,
74e3c5d38d1d7c7bb7d5a68f,. Drexel,ACCEPT,UNKNOWN,,,,,12.0,,,,,,False,REGEX,0.2,True,212054.0,EXACT,2023.0,Drexel University,PRIVATE_NP,2.0,15.0,40204.0,31171.0,2883.0,0.7753208635956621,0.09248981425042507,610.0,660.0,700.0,620.0,670.0,730.0,27.0,30.0,33.0,1.238603637227172,,
74e3c5d38d1d7c7bb7d5a68f,. UT Austin,REJECT,UNKNOWN,,,,,12.0,,,,,,False,REGEX,0.2,True,228778.0,EXACT,2023.0,The University of Texas at Austin,PUBLIC,6.0,15.0,66109.0,19253.0,9385.0,0.29123114855768506,0.4874565002856698,620.0,680.0,730.0,610.0,690.0,760.0,27.0,31.0,33.0,-0.8894121760402826,,
74e3c5d38d1d7c7bb7d5a68f,. Northeastern,DEFER,UNKNOWN,,,,,12.0,,,,,,False,REGEX,0.2,True,167358.0,EXACT,2023.0,Northeastern University,PRIVATE_NP,1.0,15.0,96631.0,5459.0,2744.0,0.056493257857209385,0.502656164132625,710.0,730.0,760.0,750.0,770.0,790.0,33.0,34.0,35.0,-2.8154822095972705,,
74e3c5d38d1d7c7bb7d5a68f,. UC Berkeley,WAITLIST,UNKNOWN,,,,,12.0,,,,,,False,REGEX,0.2,True,110635.0,EXACT,2023.0,University of California-Berkeley,PUBLIC,8.0,15.0,125910.0,14677.0,6641.0,0.11656738940513064,0.4524766641684268,,,,,,,,,,-2.025345457752041,,
74e3c5d38d1d7c7bb7d5a68f,. UCLA,REJECT,UNKNOWN,,,,,12.0,,,,,,False,REGEX,0.2,True,110662.0,EXACT,2023.0,University of California-Los Angeles,PUBLIC,8.0,15.0,145903.0,12736.0,6585.0,0.08729087133232354,0.5170383165829145,,,,,,,,,,-2.347171350561971,,
74e3c5d38d1d7c7bb7d5a68f,. UCSD,REJECT,UNKNOWN,,,,,12.0,,,,,,False,REGEX,0.2,True,110680.0,EXACT,2023.0,University of California-San Diego,PUBLIC,8.0,15.0,130771.0,32062.0,7005.0,0.2451766829037019,0.21848293930509638,,,,,,,,,,-1.1245045994251517,,
74e3c5d38d1d7c7bb7d5a68f,. UPenn,REJECT,UNKNOWN,,,,,12.0,,,,,,False,REGEX,0.2,True,215062.0,EXACT,2023.0,University of Pennsylvania,PRIVATE_NP,2.0,15.0,59465.0,3489.0,2416.0,0.05867316909106197,0.6924620235024362,730.0,750.0,770.0,770.0,790.0,800.0,34.0,35.0,35.0,-2.7753078652389584,,
74e3c5d38d1d7c7bb7d5a68f,. WashU,REJECT,UNKNOWN,,,,,12.0,,,,,,False,REGEX,0.2,True,179867.0,EXACT,2023.0,Washington University in St Louis,PRIVATE_NP,4.0,15.0,32240.0,3855.0,1828.0,0.11957196029776675,0.474189364461738,730.0,750.0,770.0,770.0,790.0,800.0,33.0,34.0,35.0,-1.9964898296073967,,
74e3c5d38d1d7c7bb7d5a68f,. UF,REJECT,UNKNOWN,,,,,12.0,,,,,,False,REGEX,0.2,True,,UNRESOLVED,,,,,,,,,,,,,,,,,,,,,,
74e3c5d38d1d7c7bb7d5a68f,. Penn,REJECT,UNKNOWN,,,,,12.0,,,,,,False,REGEX,0.2,True,215062.0,EXACT,2023.0,University of Pennsylvania,PRIVATE_NP,2.0,15.0,59465.0,3489.0,2416.0,0.05867316909106197,0.6924620235024362,730.0,750.0,770.0,770.0,790.0,800.0,34.0,35.0,35.0,-2.7753078652389584,,
74e3c5d38d1d7c7bb7d5a68f,. Columbia,REJECT,UNKNOWN,,,,,12.0,,,,,,False,REGEX,0.2,True,190150.0,EXACT,2023.0,Columbia University in the City of New York,PRIVATE_NP,2.0,15.0,57613.0,2439.0,1540.0,0.04233419540728655,0.6314063140631406,730.0,760.0,770.0,760.0,780.0,800.0,34.0,35.0,35.0,-3.118903708594342,,
48ed0feb980237748b2aff16,. Purdue,ACCEPT,UNKNOWN,,,1570.0,,9.0,,,,,,False,REGEX,0.4,True,243780.0,EXACT,2023.0,Purdue University-Main Campus,PUBLIC,3.0,15.0,73083.0,36763.0,9381.0,0.503030800596582,0.25517504012186165,590.0,650.0,710.0,600.0,670.0,750.0,27.0,31.0,34.0,0.012123350870579806,250.0,
48ed0feb980237748b2aff16,. USC,DEFER,UNKNOWN,,,1570.0,,9.0,,,,,,False,REGEX,0.4,True,123961.0,EXACT,2023.0,University of Southern California,PRIVATE_NP,8.0,15.0,80808.0,8094.0,3633.0,0.10016335016335016,0.44885100074128986,700.0,730.0,760.0,740.0,780.0,790.0,32.0,33.0,35.0,-2.1954108917607313,60.0,
48ed0feb980237748b2aff16,. Georgia Tech,REJECT,UNKNOWN,,,1570.0,,9.0,,,,,,False,REGEX,0.4,True,139755.0,EXACT,2023.0,Georgia Institute of Technology-Main Campus,PUBLIC,5.0,15.0,52377.0,8622.0,3763.0,0.1646142390744029,0.43644166086754815,650.0,700.0,740.0,680.0,750.0,790.0,28.0,32.0,34.0,-1.6242888156628517,120.0,
48ed0feb980237748b2aff16,. UIUC,ACCEPT,UNKNOWN,,,1570.0,,9.0,,,,,,False,REGEX,0.4,True,145637.0,EXACT,2023.0,University of Illinois Urbana-Champaign,PUBLIC,3.0,15.0,67398.0,29446.0,8325.0,0.436897237306745,0.28272091285743395,630.0,690.0,730.0,640.0,720.0,780.0,29.0,32.0,34.0,-0.25376412593204345,160.0,
48ed0feb980237748b2aff16,. UC Berkeley,REJECT,UNKNOWN,,,1570.0,,9.0,,,,,,False,REGEX,0.4,True,110635.0,EXACT,2023.0,University of California-Berkeley,PUBLIC,8.0,15.0,125910.0,14677.0,6641.0,0.11656738940513064,0.4524766641684268,,,,,,,,,,-2.025345457752041,,
48ed0feb980237748b2aff16,. UCLA,REJECT,UNKNOWN,,,1570.0,,9.0,,,,,,False,REGEX,0.4,True,110662.0,EXACT,2023.0,University of California-Los Angeles,PUBLIC,8.0,15.0,145903.0,12736.0,6585.0,0.08729087133232354,0.5170383165829145,,,,,,,,,,-2.347171350561971,,
48ed0feb980237748b2aff16,. UCSD,WAITLIST,UNKNOWN,,,1570.0,,9.0,,,,,,False,REGEX,0.4,True,110680.0,EXACT,2023.0,University of California-San Diego,PUBLIC,8.0,15.0,130771.0,32062.0,7005.0,0.2451766829037019,0.21848293930509638,,,,,,,,,,-1.1245045994251517,,
48ed0feb980237748b2aff16,. UCI,WAITLIST,UNKNOWN,,,1570.0,,9.0,,,,,,False,REGEX,0.4,True,,UNRESOLVED,,,,,,,,,,,,,,,,,,,,,,
48ed0feb980237748b2aff16,. UCD,WAITLIST,UNKNOWN,,,1570.0,,9.0,,,,,,False,REGEX,0.4,True,,UNRESOLVED,,,,,,,,,,,,,,,,,,,,,,
48ed0feb980237748b2aff16,. UCSB,ACCEPT,UNKNOWN,,,1570.0,,9.0,,,,,,False,REGEX,0.4,True,110705.0,EXACT,2023.0,University of California-Santa Barbara,PUBLIC,8.0,15.0,110871.0,30804.0,5043.0,0.2778364044700598,0.16371250486949745,,,,,,,,,,-0.9552192324894392,,
48ed0feb980237748b2aff16,. UCSC,ACCEPT,UNKNOWN,,,1570.0,,9.0,,,,,,False,REGEX,0.4,True,,UNRESOLVED,,,,,,,,,,,,,,,,,,,,,,
48ed0feb980237748b2aff16,. Northwestern,REJECT,UNKNOWN,,,1570.0,,9.0,,,,,,False,REGEX,0.4,True,147767.0,EXACT,2023.0,Northwestern University,PRIVATE_NP,3.0,15.0,51769.0,3703.0,2111.0,0.07152929359269061,0.5700783148798272,730.0,750.0,770.0,760.0,780.0,790.0,33.0,34.0,35.0,-2.5634317645295592,40.0,
48ed0feb980237748b2aff16,. UPenn,REJECT,UNKNOWN,,,1570.0,,9.0,,,,,,False,REGEX,0.4,True,215062.0,EXACT,2023.0,University of Pennsylvania,PRIVATE_NP,2.0,15.0,59465.0,3489.0,2416.0,0.05867316909106197,0.6924620235024362,730.0,750.0,770.0,770.0,790.0,800.0,34.0,35.0,35.0,-2.7753078652389584,30.0,
48ed0feb980237748b2aff16,. CMU,REJECT,UNKNOWN,,,1570.0,,9.0,,,,,,False,REGEX,0.4,True,211440.0,EXACT,2023.0,Carnegie Mellon University,PRIVATE_NP,2.0,15.0,33707.0,3843.0,1708.0,0.11401192630610853,0.4444444444444444,730.0,750.0,770.0,770.0,790.0,800.0,34.0,35.0,35.0,-2.0504004300295757,30.0,
48ed0feb980237748b2aff16,. UT Austin,ACCEPT,UNKNOWN,,,1570.0,,9.0,,,,,,False,REGEX,0.4,True,228778.0,EXACT,2023.0,The University of Texas at Austin,PUBLIC,6.0,15.0,66109.0,19253.0,9385.0,0.29123114855768506,0.4874565002856698,620.0,680.0,730.0,610.0,690.0,760.0,27.0,31.0,33.0,-0.8894121760402826,200.0,
48ed0feb980237748b2aff16,. UT Dallas,ACCEPT,UNKNOWN,,,1570.0,,9.0,,,,,,False,REGEX,0.4,True,224615.0,FUZZY,,,,,,,,,,,,,,,,,,,,,,
48ed0feb980237748b2aff16,. TAMU,ACCEPT,UNKNOWN,,,1570.0,,9.0,,,,,,False,REGEX,0.4,True,,UNRESOLVED,,,,,,,,,,,,,,,,,,,,,,
a442353f5be3941df33ea34f,. Notre Dame,DEFER,UNKNOWN,,,,35.0,9.0,,,,,,False,REGEX,0.4,True,152080.0,EXACT,2023.0,University of Notre Dame,PRIVATE_NP,3.0,15.0,28353.0,3510.0,2075.0,0.12379642365887207,0.5911680911680912,710.0,740.0,760.0,730.0,760.0,780.0,33.0,34.0,35.0,-1.9569599852418982,,
a442353f5be3941df33ea34f,. Purdue,REJECT,UNKNOWN,,,,35.0,9.0,,,,,,False,REGEX,0.4,True,243780.0,EXACT,2023.0,Purdue University-Main Campus,PUBLIC,3.0,15.0,73083.0,36763.0,9381.0,0.503030800596582,0.25517504012186165,590.0,650.0,710.0,600.0,670.0,750.0,27.0,31.0,34.0,0.012123350870579806,,
a442353f5be3941df33ea34f,. UMich,DEFER,UNKNOWN,,,,35.0,9.0,,,,,,False,REGEX,0.4,True,170976.0,EXACT,2023.0,University of Michigan-Ann Arbor,PUBLIC,3.0,15.0,87632.0,15722.0,7466.0,0.17940934818331203,0.4748759699783743,670.0,720.0,750.0,680.0,750.0,780.0,31.0,33.0,34.0,-1.520354331742838,,
a442353f5be3941df33ea34f,. UC Berkeley,REJECT,UNKNOWN,,,,35.0,9.0,,,,,,False,REGEX,0.4,True,110635.0,EXACT,2023.0,University of California-Berkeley,PUBLIC,8.0,15.0,125910.0,14677.0,6641.0,0.11656738940513064,0.4524766641684268,,,,,,,,,,-2.025345457752041,,
a442353f5be3941df33ea34f,. UCLA,WAITLIST,UNKNOWN,,,,35.0,9.0,,,,,,False,REGEX,0.4,True,110662.0,EXACT,2023.0,University of California-Los Angeles,PUBLIC,8.0,15.0,145903.0,12736.0,6585.0,0.08729087133232354,0.5170383165829145,,,,,,,,,,-2.347171350561971,,
a442353f5be3941df33ea34f,. Case Western,WAITLIST,UNKNOWN,,,,35.0,9.0,,,,,,False,REGEX,0.4,True,201645.0,FUZZY,2023.0,Case Western Reserve University,PRIVATE_NP,3.0,15.0,39033.0,11193.0,1544.0,0.28675735915763584,0.13794335745555258,700.0,720.0,750.0,730.0,770.0,790.0,32.0,34.0,35.0,-0.9111852525590886,,
a442353f5be3941df33ea34f,. Northeastern University,WAITLIST,UNKNOWN,,,,35.0,9.0,,,,,,False,REGEX,0.4,True,167358.0,EXACT,2023.0,Northeastern University,PRIVATE_NP,1.0,15.0,96631.0,5459.0,2744.0,0.056493257857209385,0.502656164132625,710.0,730.0,760.0,750.0,770.0,790.0,33.0,34.0,35.0,-2.8154822095972705,,
a442353f5be3941df33ea34f,. NYU,REJECT,UNKNOWN,,,,35.0,9.0,,,,,,False,REGEX,0.4,True,193900.0,EXACT,2023.0,New York University,PRIVATE_NP,2.0,15.0,113578.0,10693.0,5818.0,0.09414675377273768,0.5440942672776583,720.0,750.0,770.0,760.0,780.0,800.0,33.0,34.0,35.0,-2.264022537844875,,
a442353f5be3941df33ea34f,. Northwestern,REJECT,UNKNOWN,,,,35.0,9.0,,,,,,False,REGEX,0.4,True,147767.0,EXACT,2023.0,Northwestern University,PRIVATE_NP,3.0,15.0,51769.0,3703.0,2111.0,0.07152929359269061,0.5700783148798272,730.0,750.0,770.0,760.0,780.0,790.0,33.0,34.0,35.0,-2.5634317645295592,,
a442353f5be3941df33ea34f,. WashU,WAITLIST,UNKNOWN,,,,35.0,9.0,,,,,,False,REGEX,0.4,True,179867.0,EXACT,2023.0,Washington University in St Louis,PRIVATE_NP,4.0,15.0,32240.0,3855.0,1828.0,0.11957196029776675,0.474189364461738,730.0,750.0,770.0,770.0,790.0,800.0,33.0,34.0,35.0,-1.9964898296073967,,
a442353f5be3941df33ea34f,. Stanford,REJECT,UNKNOWN,,,,35.0,9.0,,,,,,False,REGEX,0.4,True,243744.0,EXACT,2023.0,Stanford University,PRIVATE_NP,8.0,15.0,53733.0,2099.0,1699.0,0.03906351776375784,0.8094330633635064,740.0,760.0,780.0,770.0,790.0,800.0,34.0,35.0,35.0,-3.202719329388706,,
a442353f5be3941df33ea34f,. Harvard,REJECT,UNKNOWN,,,,35.0,9.0,,,,,,False,REGEX,0.4,True,166027.0,EXACT,2023.0,Harvard University,PRIVATE_NP,1.0,15.0,56937.0,1965.0,1645.0,0.03451182886348069,0.8371501272264631,740.0,760.0,780.0,760.0,790.0,800.0,34.0,35.0,36.0,-3.3313317193713807,,
a442353f5be3941df33ea34f,. Columbia,REJECT,UNKNOWN,,,,35.0,9.0,,,,,,False,REGEX,0.4,True,190150.0,EXACT,2023.0,Columbia University in the City of New York,PRIVATE_NP,2.0,15.0,57613.0,2439.0,1540.0,0.04233419540728655,0.6314063140631406,730.0,760.0,770.0,760.0,780.0,800.0,34.0,35.0,35.0,-3.118903708594342,,
a442353f5be3941df33ea34f,. UPenn,REJECT,UNKNOWN,,,,35.0,9.0,,,,,,False,REGEX,0.4,True,215062.0,EXACT,2023.0,University of Pennsylvania,PRIVATE_NP,2.0,15.0,59465.0,3489.0,2416.0,0.05867316909106197,0.6924620235024362,730.0,750.0,770.0,770.0,790.0,800.0,34.0,35.0,35.0,-2.7753078652389584,,
a442353f5be3941df33ea34f,. Johns Hopkins,REJECT,UNKNOWN,,,,35.0,9.0,,,,,,False,REGEX,0.4,True,162928.0,EXACT,2023.0,Johns Hopkins University,PRIVATE_NP,2.0,15.0,38926.0,2943.0,1418.0,0.07560499409135282,0.4818212708120965,750.0,760.0,780.0,780.0,790.0,800.0,34.0,35.0,35.0,-2.503617135450525,,
a442353f5be3941df33ea34f,. Boston University,WAITLIST,UNKNOWN,,,,35.0,9.0,,,,,,False,REGEX,0.4,True,164924.0,EXACT,2023.0,Boston College,PRIVATE_NP,1.0,15.0,36069.0,5645.0,2335.0,0.15650558651473565,0.4136403897254207,710.0,730.0,760.0,720.0,760.0,780.0,33.0,34.0,34.0,-1.684461573024333,,
eb49dfe058f42b4f1fbef49b,uf,ACCEPT,UNKNOWN,,,1470.0,34.0,5.0,,,,,,False,REGEX_PARTIAL,0.4,True,,UNRESOLVED,,,,,,,,,,,,,,,,,,,,,,
5cd5c557da1869209bfb1f2b,UC Berkeley,ACCEPT,UNKNOWN,,,,,11.0,,,,,,False,REGEX,0.2,True,110635.0,EXACT,2023.0,University of California-Berkeley,PUBLIC,8.0,15.0,125910.0,14677.0,6641.0,0.11656738940513064,0.4524766641684268,,,,,,,,,,-2.025345457752041,,
5cd5c557da1869209bfb1f2b,Georgia Tech,ACCEPT,UNKNOWN,,,,,11.0,,,,,,False,REGEX,0.2,True,139755.0,EXACT,2023.0,Georgia Institute of Technology-Main Campus,PUBLIC,5.0,15.0,52377.0,8622.0,3763.0,0.1646142390744029,0.43644166086754815,650.0,700.0,740.0,680.0,750.0,790.0,28.0,32.0,34.0,-1.6242888156628517,,
5cd5c557da1869209bfb1f2b,CMU,ACCEPT,UNKNOWN,,,,,11.0,,,,,,False,REGEX,0.2,True,211440.0,EXACT,2023.0,Carnegie Mellon University,PRIVATE_NP,2.0,15.0,33707.0,3843.0,1708.0,0.11401192630610853,0.4444444444444444,730.0,750.0,770.0,770.0,790.0,800.0,34.0,35.0,35.0,-2.0504004300295757,,
5cd5c557da1869209bfb1f2b,UCI,ACCEPT,UNKNOWN,,,,,11.0,,,,,,False,REGEX,0.2,True,,UNRESOLVED,,,,,,,,,,,,,,,,,,,,,,
5cd5c557da1869209bfb1f2b,UCSB,ACCEPT,UNKNOWN,,,,,11.0,,,,,,False,REGEX,0.2,True,110705.0,EXACT,2023.0,University of California-Santa Barbara,PUBLIC,8.0,15.0,110871.0,30804.0,5043.0,0.2778364044700598,0.16371250486949745,,,,,,,,,,-0.9552192324894392,,
5cd5c557da1869209bfb1f2b,UCSD,ACCEPT,UNKNOWN,,,,,11.0,,,,,,False,REGEX,0.2,True,110680.0,EXACT,2023.0,University of California-San Diego,PUBLIC,8.0,15.0,130771.0,32062.0,7005.0,0.2451766829037019,0.21848293930509638,,,,,,,,,,-1.1245045994251517,,
5cd5c557da1869209bfb1f2b,Purdue,ACCEPT,UNKNOWN,,,,,11.0,,,,,,False,REGEX,0.2,True,243780.0,EXACT,2023.0,Purdue University-Main Campus,PUBLIC,3.0,15.0,73083.0,36763.0,9381.0,0.503030800596582,0.25517504012186165,590.0,650.0,710.0,600.0,670.0,750.0,27.0,31.0,34.0,0.012123350870579806,,
5cd5c557da1869209bfb1f2b,Case Western,ACCEPT,UNKNOWN,,,,,11.0,,,,,,False,REGEX,0.2,True,201645.0,FUZZY,2023.0,Case Western Reserve University,PRIVATE_NP,3.0,15.0,39033.0,11193.0,1544.0,0.28675735915763584,0.13794335745555258,700.0,720.0,750.0,730.0,770.0,790.0,32.0,34.0,35.0,-0.9111852525590886,,
5cd5c557da1869209bfb1f2b,UCLA,WAITLIST,UNKNOWN,,,,,11.0,,,,,,False,REGEX,0.2,True,110662.0,EXACT,2023.0,University of California-Los Angeles,PUBLIC,8.0,15.0,145903.0,12736.0,6585.0,0.08729087133232354,0.5170383165829145,,,,,,,,,,-2.347171350561971,,
5cd5c557da1869209bfb1f2b,Michigan,WAITLIST,UNKNOWN,,,,,11.0,,,,,,False,REGEX,0.2,True,170976.0,EXACT,2023.0,University of Michigan-Ann Arbor,PUBLIC,3.0,15.0,87632.0,15722.0,7466.0,0.17940934818331203,0.4748759699783743,670.0,720.0,750.0,680.0,750.0,780.0,31.0,33.0,34.0,-1.520354331742838,,
5cd5c557da1869209bfb1f2b,Cornell,WAITLIST,UNKNOWN,,,,,11.0,,,,,,False,REGEX,0.2,True,190415.0,EXACT,2023.0,Cornell University,PRIVATE_NP,2.0,15.0,65635.0,5358.0,3537.0,0.08163327492953455,0.6601343784994401,720.0,740.0,770.0,760.0,780.0,790.0,33.0,34.0,35.0,-2.4203598336469243,,
5cd5c557da1869209bfb1f2b,UPenn,REJECT,UNKNOWN,,,,,11.0,,,,,,False,REGEX,0.2,True,215062.0,EXACT,2023.0,University of Pennsylvania,PRIVATE_NP,2.0,15.0,59465.0,3489.0,2416.0,0.05867316909106197,0.6924620235024362,730.0,750.0,770.0,770.0,790.0,800.0,34.0,35.0,35.0,-2.7753078652389584,,
5cd5c557da1869209bfb1f2b,Brown,REJECT,UNKNOWN,,,,,11.0,,,,,,False,REGEX,0.2,True,217156.0,EXACT,2023.0,Brown University,PRIVATE_NP,1.0,15.0,51316.0,2686.0,1695.0,0.052342349364720556,0.6310498883097543,740.0,760.0,770.0,760.0,780.0,800.0,34.0,35.0,35.0,-2.8961875263146486,,
5cd5c557da1869209bfb1f2b,Northwestern,REJECT,UNKNOWN,,,,,11.0,,,,,,False,REGEX,0.2,True,147767.0,EXACT,2023.0,Northwestern University,PRIVATE_NP,3.0,15.0,51769.0,3703.0,2111.0,0.07152929359269061,0.5700783148798272,730.0,750.0,770.0,760.0,780.0,790.0,33.0,34.0,35.0,-2.5634317645295592,,
25d0a1e458bb55e137dd5baf,University of Michigan,ACCEPT,UNKNOWN,,,,,3.0,,,,,,False,REGEX_PARTIAL,0.2,True,170976.0,EXACT,2023.0,University of Michigan-Ann Arbor,PUBLIC,3.0,15.0,87632.0,15722.0,7466.0,0.17940934818331203,0.4748759699783743,670.0,720.0,750.0,680.0,750.0,780.0,31.0,33.0,34.0,-1.520354331742838,,
085cb56c3c9d1ff7ce0fc7af,schools due to financial restraints,ACCEPT,UNKNOWN,,,,,,,,,,,False,REGEX_PARTIAL,0.2,True,,UNRESOLVED,,,,,,,,,,,,,,,,,,,,,,
a04f9c085303422693f7422f,Rowan University,ACCEPT,UNKNOWN,,,1490.0,,,,,,,,False,REGEX,0.4,True,184782.0,EXACT,2023.0,Rowan University,PUBLIC,2.0,16.0,17923.0,13948.0,2555.0,0.7782179322658037,0.18318038428448524,560.0,610.0,660.0,540.0,600.0,650.0,26.0,28.0,30.0,1.2553113807071095,280.0,
a04f9c085303422693f7422f,Stevens Institute of Technology,WAITLIST,UNKNOWN,,,1490.0,,,,,,,,False,REGEX,0.4,True,186867.0,EXACT,2023.0,Stevens Institute of Technology,PRIVATE_NP,2.0,16.0,14170.0,6156.0,1024.0,0.434438955539873,0.1663417803768681,670.0,700.0,730.0,700.0,740.0,770.0,31.0,33.0,34.0,-0.26376279623731985,50.0,
a04f9c085303422693f7422f,New Jersey Insitute of Technology,ACCEPT,UNKNOWN,,,1490.0,,,,,,,,False,REGEX,0.4,True,187134.0,FUZZY,2023.0,The College of New Jersey,PUBLIC,2.0,18.0,11668.0,7251.0,1547.0,0.6214432636270141,0.2133498827747897,570.0,620.0,670.0,570.0,620.0,670.0,25.0,28.0,31.0,0.49567865777506637,250.0,
a04f9c085303422693f7422f,Caldwell University,ACCEPT,UNKNOWN,,,1490.0,,,,,,,,False,REGEX,0.4,True,183910.0,EXACT,2023.0,Caldwell University,PRIVATE_NP,2.0,19.0,7845.0,5131.0,343.0,0.6540471637985978,0.06684856753069578,,,,,,,,,,0.6368770105471504,,
a04f9c085303422693f7422f,Gregorian Court University,ACCEPT,UNKNOWN,,,1490.0,,,,,,,,False,REGEX,0.4,True,,UNRESOLVED,,,,,,,,,,,,,,,,,,,,,,
a04f9c085303422693f7422f,Drew University,ACCEPT,UNKNOWN,,,1490.0,,,,,,,,False,REGEX,0.4,True,184348.0,EXACT,2023.0,Drew University,PRIVATE_NP,2.0,21.0,4604.0,3197.0,404.0,0.694396177237185,0.12636847044103847,560.0,620.0,680.0,550.0,620.0,640.0,25.0,27.0,31.0,0.8207530919454524,250.0,
a04f9c085303422693f7422f,Rensselaer Polytechnic Institute,ACCEPT,UNKNOWN,,,1490.0,,,,,,,,False,REGEX,0.4,True,194824.0,EXACT,2023.0,Rensselaer Polytechnic Institute,PRIVATE_NP,2.0,15.0,16283.0,9517.0,1552.0,0.5844746054166923,0.1630765997688347,650.0,680.0,730.0,680.0,730.0,770.0,30.0,32.0,34.0,0.3411696027316896,80.0,
a04f9c085303422693f7422f,FDU,ACCEPT,UNKNOWN,,,1490.0,,,,,,,,False,REGEX,0.4,True,,UNRESOLVED,,,,,,,,,,,,,,,,,,,,,,
a04f9c085303422693f7422f,Montclair,ACCEPT,UNKNOWN,,,1490.0,,,,,,,,False,REGEX,0.4,True,185590.0,FUZZY,2023.0,Montclair State University,PUBLIC,2.0,16.0,23599.0,20629.0,4039.0,0.8741472096275266,0.19579233118425518,480.0,550.0,620.0,460.0,530.0,605.0,,,,1.9381358999962626,410.0,
927eee4c6cb7e6c102ca3b62,Harvard,REJECT,UNKNOWN,,,,,,,,,,,False,REGEX,0.2,True,166027.0,EXACT,2023.0,Harvard University,PRIVATE_NP,1.0,15.0,56937.0,1965.0,1645.0,0.03451182886348069,0.8371501272264631,740.0,760.0,780.0,760.0,790.0,800.0,34.0,35.0,36.0,-3.3313317193713807,,
927eee4c6cb7e6c102ca3b62,Yale,REJECT,UNKNOWN,,,,,,,,,,,False,REGEX,0.2,True,130794.0,EXACT,2023.0,Yale University,PRIVATE_NP,1.0,15.0,51803.0,2332.0,1641.0,0.045016697874640466,0.7036878216123499,740.0,760.0,780.0,760.0,780.0,800.0,33.0,34.0,35.0,-3.054660370818341,,
927eee4c6cb7e6c102ca3b62,Princeton,REJECT,UNKNOWN,,,,,,,,,,,False,REGEX,0.2,True,186131.0,EXACT,2023.0,Princeton University,PRIVATE_NP,2.0,15.0,39644.0,1782.0,1366.0,0.04495005549389567,0.7665544332210998,740.0,760.0,780.0,760.0,780.0,800.0,34.0,34.0,35.0,-3.0562116415391007,,
927eee4c6cb7e6c102ca3b62,Stanford,REJECT,UNKNOWN,,,,,,,,,,,False,REGEX,0.2,True,243744.0,EXACT,2023.0,Stanford University,PRIVATE_NP,8.0,15.0,53733.0,2099.0,1699.0,0.03906351776375784,0.8094330633635064,740.0,760.0,780.0,770.0,790.0,800.0,34.0,35.0,35.0,-3.202719329388706,,
927eee4c6cb7e6c102ca3b62,Columbia,REJECT,UNKNOWN,,,,,,,,,,,False,REGEX,0.2,True,190150.0,EXACT,2023.0,Columbia University in the City of New York,PRIVATE_NP,2.0,15.0,57613.0,2439.0,1540.0,0.04233419540728655,0.6314063140631406,730.0,760.0,770.0,760.0,780.0,800.0,34.0,35.0,35.0,-3.118903708594342,,
927eee4c6cb7e6c102ca3b62,Carleton,ACCEPT,UNKNOWN,,,,,,,,,,,False,REGEX,0.2,True,173258.0,EXACT,2023.0,Carleton College,PRIVATE_NP,4.0,21.0,6464.0,1440.0,538.0,0.22277227722772278,0.3736111111111111,710.0,740.0,760.0,720.0,760.0,790.0,32.0,33.0,34.0,-1.2495833155779883,,
927eee4c6cb7e6c102ca3b62,UC Berkeley,ACCEPT,UNKNOWN,,,,,,,,,,,False,REGEX,0.2,True,110635.0,EXACT,2023.0,University of California-Berkeley,PUBLIC,8.0,15.0,125910.0,14677.0,6641.0,0.11656738940513064,0.4524766641684268,,,,,,,,,,-2.025345457752041,,
927eee4c6cb7e6c102ca3b62,UCLA,ACCEPT,UNKNOWN,,,,,,,,,,,False,REGEX,0.2,True,110662.0,EXACT,2023.0,University of California-Los Angeles,PUBLIC,8.0,15.0,145903.0,12736.0,6585.0,0.08729087133232354,0.5170383165829145,,,,,,,,,,-2.347171350561971,,
927eee4c6cb7e6c102ca3b62,UC San Diego,ACCEPT,UNKNOWN,,,,,,,,,,,False,REGEX,0.2,True,110680.0,EXACT,2023.0,University of California-San Diego,PUBLIC,8.0,15.0,130771.0,32062.0,7005.0,0.2451766829037019,0.21848293930509638,,,,,,,,,,-1.1245045994251517,,
927eee4c6cb7e6c102ca3b62,UC Davis,ACCEPT,UNKNOWN,,,,,,,,,,,False,REGEX,0.2,True,110644.0,EXACT,2023.0,University of California-Davis,PUBLIC,8.0,15.0,94637.0,39400.0,6578.0,0.416327651975443,0.16695431472081218,,,,,,,,,,-0.33786720229032297,,
927eee4c6cb7e6c102ca3b62,UC Irvine,ACCEPT,UNKNOWN,,,,,,,,,,,False,REGEX,0.2,True,110653.0,EXACT,2023.0,University of California-Irvine,PUBLIC,8.0,15.0,121101.0,30962.0,6796.0,0.2556708862850018,0.21949486467282475,,,,,,,,,,-1.0685922772286862,,
05e82fe520c39b6cc11e76bc,UCLA,WAITLIST,UNKNOWN,,,1530.0,34.0,14.0,,,,,,False,REGEX_PARTIAL,0.4,True,110662.0,EXACT,2023.0,University of California-Los Angeles,PUBLIC,8.0,15.0,145903.0,12736.0,6585.0,0.08729087133232354,0.5170383165829145,,,,,,,,,,-2.347171350561971,,
77e3ff7b59825bcdeef6b60f,Yale SCEA,ACCEPT,UNKNOWN,,,,,,,,,,,False,REGEX,0.2,True,130794.0,FUZZY,2023.0,Yale University,PRIVATE_NP,1.0,15.0,51803.0,2332.0,1641.0,0.045016697874640466,0.7036878216123499,740.0,760.0,780.0,760.0,780.0,800.0,33.0,34.0,35.0,-3.054660370818341,,
77e3ff7b59825bcdeef6b60f,Dartmouth RD,ACCEPT,UNKNOWN,,,,,,,,,,,False,REGEX,0.2,True,182670.0,FUZZY,2023.0,Dartmouth College,PRIVATE_NP,1.0,15.0,28841.0,1797.0,1206.0,0.062307132207621095,0.671118530884808,740.0,760.0,780.0,760.0,780.0,790.0,33.0,34.0,35.0,-2.7113465614270096,,
77e3ff7b59825bcdeef6b60f,Princeton SCEA,ACCEPT,UNKNOWN,,,,,,,,,,,False,REGEX,0.2,True,186131.0,FUZZY,2023.0,Princeton University,PRIVATE_NP,2.0,15.0,39644.0,1782.0,1366.0,0.04495005549389567,0.7665544332210998,740.0,760.0,780.0,760.0,780.0,800.0,34.0,34.0,35.0,-3.0562116415391007,,
77e3ff7b59825bcdeef6b60f,UMich EA,ACCEPT,UNKNOWN,,,,,,,,,,,False,REGEX,0.2,True,170976.0,FUZZY,2023.0,University of Michigan-Ann Arbor,PUBLIC,3.0,15.0,87632.0,15722.0,7466.0,0.17940934818331203,0.4748759699783743,670.0,720.0,750.0,680.0,750.0,780.0,31.0,33.0,34.0,-1.520354331742838,,
77e3ff7b59825bcdeef6b60f,UVM EA,ACCEPT,UNKNOWN,,,,,,,,,,,False,REGEX,0.2,True,,UNRESOLVED,,,,,,,,,,,,,,,,,,,,,,
77e3ff7b59825bcdeef6b60f,UChicago RD,WAITLIST,UNKNOWN,,,,,,,,,,,False,REGEX,0.2,True,144050.0,FUZZY,2023.0,University of Chicago,PRIVATE_NP,3.0,15.0,38631.0,1849.0,1626.0,0.04786311511480417,0.879394267171444,740.0,760.0,770.0,770.0,790.0,800.0,34.0,35.0,35.0,-2.9903636426718014,,
55a53d14309f6de883c7ca12,sonoma state,ACCEPT,UNKNOWN,,,,,,,,,,,False,REGEX,0.2,True,123572.0,EXACT,2023.0,Sonoma State University,PUBLIC,8.0,18.0,10529.0,9974.0,911.0,0.9472884414474309,0.0913374774413475,,,,,,,,,,2.8887688723596323,,
55a53d14309f6de883c7ca12,CSULB,ACCEPT,UNKNOWN,,,,,,,,,,,False,REGEX,0.2,True,,UNRESOLVED,,,,,,,,,,,,,,,,,,,,,,
55a53d14309f6de883c7ca12,SDSU,ACCEPT,UNKNOWN,,,,,,,,,,,False,REGEX,0.2,True,122409.0,EXACT,2023.0,San Diego State University,PUBLIC,8.0,16.0,82800.0,28517.0,6162.0,0.34440821256038645,0.21608163551565732,,,,,,,,,,-0.6437107017425816,,
55a53d14309f6de883c7ca12,cal poly,ACCEPT,UNKNOWN,,,,,,,,,,,False,REGEX,0.2,True,,UNRESOLVED,,,,,,,,,,,,,,,,,,,,,,
55a53d14309f6de883c7ca12,UC Santa Cruz,ACCEPT,UNKNOWN,,,,,,,,,,,False,REGEX,0.2,True,,UNRESOLVED,,,,,,,,,,,,,,,,,,,,,,
55a53d14309f6de883c7ca12,UC Davis,ACCEPT,UNKNOWN,,,,,,,,,,,False,REGEX,0.2,True,110644.0,EXACT,2023.0,University of California-Davis,PUBLIC,8.0,15.0,94637.0,39400.0,6578.0,0.416327651975443,0.16695431472081218,,,,,,,,,,-0.33786720229032297,,
55a53d14309f6de883c7ca12,UC Irvine,ACCEPT,UNKNOWN,,,,,,,,,,,False,REGEX,0.2,True,110653.0,EXACT,2023.0,University of California-Irvine,PUBLIC,8.0,15.0,121101.0,30962.0,6796.0,0.2556708862850018,0.21949486467282475,,,,,,,,,,-1.0685922772286862,,
55a53d14309f6de883c7ca12,UC Santa Barbara,ACCEPT,UNKNOWN,,,,,,,,,,,False,REGEX,0.2,True,110705.0,EXACT,2023.0,University of California-Santa Barbara,PUBLIC,8.0,15.0,110871.0,30804.0,5043.0,0.2778364044700598,0.16371250486949745,,,,,,,,,,-0.9552192324894392,,
55a53d14309f6de883c7ca12,UC Berkeley,ACCEPT,UNKNOWN,,,,,,,,,,,False,REGEX,0.2,True,110635.0,EXACT,2023.0,University of California-Berkeley,PUBLIC,8.0,15.0,125910.0,14677.0,6641.0,0.11656738940513064,0.4524766641684268,,,,,,,,,,-2.025345457752041,,
5fe13a83b77a1e429d371f32,Seattle University,ACCEPT,UNKNOWN,,,1510.0,,5.0,,,,,,False,REGEX,0.4,True,236595.0,EXACT,2023.0,Seattle University,PRIVATE_NP,8.0,17.0,8976.0,6826.0,1049.0,0.7604723707664884,0.15367711690594785,570.0,630.0,670.0,560.0,630.0,680.0,23.0,27.0,30.0,1.155271008344944,250.0,
5fe13a83b77a1e429d371f32,Creighton University,ACCEPT,UNKNOWN,,,1510.0,,5.0,,,,,,False,REGEX,0.4,True,181002.0,EXACT,2023.0,Creighton University,PRIVATE_NP,4.0,16.0,7248.0,5241.0,1044.0,0.7230960264900662,0.1991986262163709,610.0,660.0,700.0,600.0,660.0,700.0,24.0,27.0,30.0,0.959871250005828,190.0,
5fe13a83b77a1e429d371f32,Loyola Marymount University,ACCEPT,UNKNOWN,,,1510.0,,5.0,,,,,,False,REGEX,0.4,True,117946.0,EXACT,2023.0,Loyola Marymount University,PRIVATE_NP,8.0,16.0,23361.0,9413.0,1535.0,0.4029365181285048,0.16307234675448848,,,,,,,,,,-0.39324441624832157,,
5fe13a83b77a1e429d371f32,Northeastern University,REJECT,UNKNOWN,,,1510.0,,5.0,,,,,,False,REGEX,0.4,True,167358.0,EXACT,2023.0,Northeastern University,PRIVATE_NP,1.0,15.0,96631.0,5459.0,2744.0,0.056493257857209385,0.502656164132625,710.0,730.0,760.0,750.0,770.0,790.0,33.0,34.0,35.0,-2.8154822095972705,10.0,
5fe13a83b77a1e429d371f32,Ann Arbor,DEFER,UNKNOWN,,,1510.0,,5.0,,,,,,False,REGEX,0.4,True,169363.0,FUZZY,2023.0,Concordia University Ann Arbor,PRIVATE_NP,3.0,20.0,2465.0,1777.0,298.0,0.7208924949290061,0.16769836803601576,,,,,,,19.0,26.0,29.0,0.9488929902213078,,
5fe13a83b77a1e429d371f32,Case Western Reserve University,DEFER,UNKNOWN,,,1510.0,,5.0,,,,,,False,REGEX,0.4,True,201645.0,EXACT,2023.0,Case Western Reserve University,PRIVATE_NP,3.0,15.0,39033.0,11193.0,1544.0,0.28675735915763584,0.13794335745555258,700.0,720.0,750.0,730.0,770.0,790.0,32.0,34.0,35.0,-0.9111852525590886,20.0,
5fe13a83b77a1e429d371f32,UC Merced,ACCEPT,UNKNOWN,,,1510.0,,5.0,,,,,,False,REGEX,0.4,True,118718.0,FUZZY,,,,,,,,,,,,,,,,,,,,,,
5fe13a83b77a1e429d371f32,UC Riverside,ACCEPT,UNKNOWN,,,1510.0,,5.0,,,,,,False,REGEX,0.4,True,,UNRESOLVED,,,,,,,,,,,,,,,,,,,,,,
5fe13a83b77a1e429d371f32,UC Davis,ACCEPT,UNKNOWN,,,1510.0,,5.0,,,,,,False,REGEX,0.4,True,110644.0,EXACT,2023.0,University of California-Davis,PUBLIC,8.0,15.0,94637.0,39400.0,6578.0,0.416327651975443,0.16695431472081218,,,,,,,,,,-0.33786720229032297,,
5fe13a83b77a1e429d371f32,UC Irvine,WAITLIST,UNKNOWN,,,1510.0,,5.0,,,,,,False,REGEX,0.4,True,110653.0,EXACT,2023.0,University of California-Irvine,PUBLIC,8.0,15.0,121101.0,30962.0,6796.0,0.2556708862850018,0.21949486467282475,,,,,,,,,,-1.0685922772286862,,
5fe13a83b77a1e429d371f32,UC San Diego,WAITLIST,UNKNOWN,,,1510.0,,5.0,,,,,,False,REGEX,0.4,True,110680.0,EXACT,2023.0,University of California-San Diego,PUBLIC,8.0,15.0,130771.0,32062.0,7005.0,0.2451766829037019,0.21848293930509638,,,,,,,,,,-1.1245045994251517,,
5fe13a83b77a1e429d371f32,UC Berkeley,WAITLIST,UNKNOWN,,,1510.0,,5.0,,,,,,False,REGEX,0.4,True,110635.0,EXACT,2023.0,University of California-Berkeley,PUBLIC,8.0,15.0,125910.0,14677.0,6641.0,0.11656738940513064,0.4524766641684268,,,,,,,,,,-2.025345457752041,,
5fe13a83b77a1e429d371f32,UCLA,WAITLIST,UNKNOWN,,,1510.0,,5.0,,,,,,False,REGEX,0.4,True,110662.0,EXACT,2023.0,University of California-Los Angeles,PUBLIC,8.0,15.0,145903.0,12736.0,6585.0,0.08729087133232354,0.5170383165829145,,,,,,,,,,-2.347171350561971,,
5fe13a83b77a1e429d371f32,Tufts University,ACCEPT,UNKNOWN,,,1510.0,,5.0,,,,,,False,REGEX,0.4,True,168148.0,EXACT,2023.0,Tufts University,PRIVATE_NP,1.0,15.0,34003.0,3444.0,1739.0,0.10128518071934829,0.5049361207897793,710.0,740.0,760.0,750.0,770.0,790.0,33.0,34.0,35.0,-2.183025654684353,0.0,
5fe13a83b77a1e429d371f32,Boston College,ACCEPT,UNKNOWN,,,1510.0,,5.0,,,,,,False,REGEX,0.4,True,164924.0,EXACT,2023.0,Boston College,PRIVATE_NP,1.0,15.0,36069.0,5645.0,2335.0,0.15650558651473565,0.4136403897254207,710.0,730.0,760.0,720.0,760.0,780.0,33.0,34.0,34.0,-1.684461573024333,20.0,
5fe13a83b77a1e429d371f32,Georgetown University,ACCEPT,UNKNOWN,,,1510.0,,5.0,,,,,,False,REGEX,0.4,True,131496.0,EXACT,2023.0,Georgetown University,PRIVATE_NP,2.0,15.0,25485.0,3334.0,1599.0,0.13082205218756132,0.47960407918416315,700.0,740.0,770.0,690.0,760.0,780.0,32.0,33.0,34.0,-1.8937098578703215,10.0,
5fe13a83b77a1e429d371f32,University of Notre Dame,ACCEPT,UNKNOWN,,,1510.0,,5.0,,,,,,False,REGEX,0.4,True,152080.0,EXACT,2023.0,University of Notre Dame,PRIVATE_NP,3.0,15.0,28353.0,3510.0,2075.0,0.12379642365887207,0.5911680911680912,710.0,740.0,760.0,730.0,760.0,780.0,33.0,34.0,35.0,-1.9569599852418982,10.0,
572ac6bae5832a30815bb520,Duquesne - EA,ACCEPT,UNKNOWN,,,,,4.0,,,,,,False,REGEX,0.2,True,212106.0,FUZZY,2023.0,Duquesne University,PRIVATE_NP,2.0,16.0,14112.0,11128.0,1477.0,0.7885487528344671,0.13272825305535585,590.0,630.0,680.0,570.0,620.0,670.0,26.0,27.0,31.0,1.3161997722796275,,
572ac6bae5832a30815bb520,App State - Rolling,ACCEPT,UNKNOWN,,,,,4.0,,,,,,False,REGEX,0.2,True,,UNRESOLVED,,,,,,,,,,,,,,,,,,,,,,
572ac6bae5832a30815bb520,St. Joes - EA,ACCEPT,UNKNOWN,,,,,4.0,,,,,,False,REGEX,0.2,True,,UNRESOLVED,,,,,,,,,,,,,,,,,,,,,,
572ac6bae5832a30815bb520,Catholic - EA,ACCEPT,UNKNOWN,,,,,4.0,,,,,,False,REGEX,0.2,True,,UNRESOLVED,,,,,,,,,,,,,,,,,,,,,,
572ac6bae5832a30815bb520,Iona - EA,ACCEPT,UNKNOWN,,,,,4.0,,,,,,False,REGEX,0.2,True,191931.0,FUZZY,2023.0,Iona University,PRIVATE_NP,2.0,18.0,7289.0,6643.0,803.0,0.9113733022362464,0.12087912087912088,525.0,590.0,645.0,530.0,580.0,620.0,20.0,23.0,28.0,2.330519443882639,,
572ac6bae5832a30815bb520,Susquehanna - EA,ACCEPT,UNKNOWN,,,,,4.0,,,,,,False,REGEX,0.2,True,216278.0,FUZZY,2023.0,Susquehanna University,PRIVATE_NP,2.0,21.0,5974.0,4702.0,578.0,0.7870773351188484,0.12292641429179073,550.0,620.0,660.0,540.0,590.0,630.0,22.0,25.0,31.0,1.3073974851999475,,
572ac6bae5832a30815bb520,James Madison - EA,ACCEPT,UNKNOWN,,,,,4.0,,,,,,False,REGEX,0.2,True,232423.0,FUZZY,2023.0,James Madison University,PUBLIC,5.0,16.0,35750.0,27258.0,4922.0,0.7624615384615384,0.18057084158779074,600.0,630.0,670.0,570.0,610.0,650.0,25.0,27.0,29.0,1.1662225121643113,,
572ac6bae5832a30815bb520,Wagner - EA,ACCEPT,UNKNOWN,,,,,4.0,,,,,,False,REGEX,0.2,True,197197.0,FUZZY,2023.0,Wagner College,PRIVATE_NP,2.0,19.0,2328.0,1943.0,398.0,0.8346219931271478,0.20483787956767885,580.0,620.0,670.0,570.0,620.0,650.0,23.0,25.0,27.0,1.6187451150896561,,
572ac6bae5832a30815bb520,Furman - EA,ACCEPT,UNKNOWN,,,,,4.0,,,,,,False,REGEX,0.2,True,218070.0,FUZZY,2023.0,Furman University,PRIVATE_NP,5.0,21.0,8406.0,4419.0,620.0,0.525695931477516,0.14030323602625028,650.0,690.0,720.0,610.0,660.0,705.0,28.0,30.0,32.0,0.10287435774938489,,
572ac6bae5832a30815bb520,Syracuse - RD,ACCEPT,UNKNOWN,,,,,4.0,,,,,,False,REGEX,0.2,True,196413.0,FUZZY,2023.0,Syracuse University,PRIVATE_NP,2.0,15.0,42089.0,17545.0,3672.0,0.41685476015110834,0.20929039612425193,630.0,670.0,710.0,630.0,670.0,720.0,28.0,30.0,32.0,-0.3356984161496673,,
572ac6bae5832a30815bb520,Lafayette - EA,ACCEPT,UNKNOWN,,,,,4.0,,,,,,False,REGEX,0.2,True,213385.0,FUZZY,2023.0,Lafayette College,PRIVATE_NP,2.0,21.0,9874.0,3107.0,697.0,0.3146647761798663,0.2243321532024461,670.0,700.0,730.0,670.0,710.0,760.0,30.0,32.0,33.0,-0.7784002268391781,,
572ac6bae5832a30815bb520,Lehigh - RD,REJECT,UNKNOWN,,,,,4.0,,,,,,False,REGEX,0.2,True,213543.0,FUZZY,2023.0,Lehigh University,PRIVATE_NP,2.0,16.0,18415.0,5389.0,1531.0,0.29264186804235676,0.28409723510855445,670.0,710.0,730.0,680.0,720.0,760.0,31.0,32.0,33.0,-0.8825875211728501,,
572ac6bae5832a30815bb520,Richmond - EA,DEFER,UNKNOWN,,,,,4.0,,,,,,False,REGEX,0.2,True,233374.0,FUZZY,2023.0,University of Richmond,PRIVATE_NP,5.0,21.0,15121.0,3525.0,833.0,0.2331195026783943,0.23631205673758865,690.0,720.0,750.0,720.0,750.0,780.0,32.0,33.0,34.0,-1.190779774795177,,
572ac6bae5832a30815bb520,Penn State - EA,ACCEPT,UNKNOWN,,,,,4.0,,,,,,False,REGEX,0.2,True,215062.0,FUZZY,2023.0,University of Pennsylvania,PRIVATE_NP,2.0,15.0,59465.0,3489.0,2416.0,0.05867316909106197,0.6924620235024362,730.0,750.0,770.0,770.0,790.0,800.0,34.0,35.0,35.0,-2.7753078652389584,,
572ac6bae5832a30815bb520,Reconsidered,ACCEPT,UNKNOWN,,,,,4.0,,,,,,False,REGEX,0.2,True,,UNRESOLVED,,,,,,,,,,,,,,,,,,,,,,
572ac6bae5832a30815bb520,Pitt - Rolling,WAITLIST,UNKNOWN,,,,,4.0,,,,,,False,REGEX,0.2,True,,UNRESOLVED,,,,,,,,,,,,,,,,,,,,,,
0ae483d9c8c48c1e1cd11dfc,School List,ACCEPT,UNKNOWN,,,,,16.0,,,,,,False,REGEX_PARTIAL,0.2,True,,UNRESOLVED,,,,,,,,,,,,,,,,,,,,,,
4a5012d9bc99ba80790db052,Duke,REJECT,UNKNOWN,,,,33.0,5.0,,,,,,False,REGEX,0.4,True,198419.0,EXACT,2023.0,Duke University,PRIVATE_NP,5.0,15.0,46365.0,3145.0,1742.0,0.06783133829397174,0.5538950715421304,740.0,760.0,770.0,770.0,790.0,800.0,34.0,34.0,35.0,-2.6204894609263363,,
4a5012d9bc99ba80790db052,JHU,REJECT,UNKNOWN,,,,33.0,5.0,,,,,,False,REGEX,0.4,True,162928.0,EXACT,2023.0,Johns Hopkins University,PRIVATE_NP,2.0,15.0,38926.0,2943.0,1418.0,0.07560499409135282,0.4818212708120965,750.0,760.0,780.0,780.0,790.0,800.0,34.0,35.0,35.0,-2.503617135450525,,
4a5012d9bc99ba80790db052,Texas A and M,ACCEPT,UNKNOWN,,,,33.0,5.0,,,,,,False,REGEX,0.4,True,228884.0,FUZZY,,,,,,,,,,,,,,,,,,,,,,
4a5012d9bc99ba80790db052,UT Austin,ACCEPT,UNKNOWN,,,,33.0,5.0,,,,,,False,REGEX,0.4,True,228778.0,EXACT,2023.0,The University of Texas at Austin,PUBLIC,6.0,15.0,66109.0,19253.0,9385.0,0.29123114855768506,0.4874565002856698,620.0,680.0,730.0,610.0,690.0,760.0,27.0,31.0,33.0,-0.8894121760402826,,
936f57d4e7865f4456b91d9e,Southern Miss,ACCEPT,UNKNOWN,,,,,,,,,,,False,REGEX_PARTIAL,0.2,True,,UNRESOLVED,,,,,,,,,,,,,,,,,,,,,,
bcc0d60a587f6844109165cb,Decided,DEFER,UNKNOWN,,4.8,,,19.0,,,,,,False,REGEX_PARTIAL,0.4,True,,UNRESOLVED,,,,,,,,,,,,,,,,,,,,,,
ded9baec13439cede7f1913c,MIT,REJECT,UNKNOWN,,,,,,,,,,,False,REGEX,0.2,True,166683.0,EXACT,2023.0,Massachusetts Institute of Technology,PRIVATE_NP,1.0,15.0,26904.0,1274.0,1091.0,0.04735355337496283,0.8563579277864992,730.0,760.0,780.0,780.0,790.0,800.0,34.0,35.0,36.0,-3.001601983226008,,
ded9baec13439cede7f1913c,UC Berkeley,REJECT,UNKNOWN,,,,,,,,,,,False,REGEX,0.2,True,110635.0,EXACT,2023.0,University of California-Berkeley,PUBLIC,8.0,15.0,125910.0,14677.0,6641.0,0.11656738940513064,0.4524766641684268,,,,,,,,,,-2.025345457752041,,
ded9baec13439cede7f1913c,CalArt,REJECT,UNKNOWN,,,,,,,,,,,False,REGEX,0.2,True,,UNRESOLVED,,,,,,,,,,,,,,,,,,,,,,
ded9baec13439cede7f1913c,Oxford,REJECT,UNKNOWN,,,,,,,,,,,False,REGEX,0.2,True,204024.0,FUZZY,2023.0,Miami University-Oxford,PUBLIC,3.0,16.0,34498.0,28319.0,3937.0,0.8208881674299959,0.13902327059571312,610.0,650.0,690.0,600.0,640.0,690.0,26.0,28.0,31.0,1.5223765113887744,,
ded9baec13439cede7f1913c,UWisconsin,REJECT,UNKNOWN,,,,,,,,,,,False,REGEX,0.2,True,,UNRESOLVED,,,,,,,,,,,,,,,,,,,,,,
ded9baec13439cede7f1913c,Syracuse,REJECT,UNKNOWN,,,,,,,,,,,False,REGEX,0.2,True,196413.0,EXACT,2023.0,Syracuse University,PRIVATE_NP,2.0,15.0,42089.0,17545.0,3672.0,0.41685476015110834,0.20929039612425193,630.0,670.0,710.0,630.0,670.0,720.0,28.0,30.0,32.0,-0.3356984161496673,,
ded9baec13439cede7f1913c,UMich,REJECT,UNKNOWN,,,,,,,,,,,False,REGEX,0.2,True,170976.0,EXACT,2023.0,University of Michigan-Ann Arbor,PUBLIC,3.0,15.0,87632.0,15722.0,7466.0,0.17940934818331203,0.4748759699783743,670.0,720.0,750.0,680.0,750.0,780.0,31.0,33.0,34.0,-1.520354331742838,,
ded9baec13439cede7f1913c,Case Western,REJECT,UNKNOWN,,,,,,,,,,,False,REGEX,0.2,True,201645.0,FUZZY,2023.0,Case Western Reserve University,PRIVATE_NP,3.0,15.0,39033.0,11193.0,1544.0,0.28675735915763584,0.13794335745555258,700.0,720.0,750.0,730.0,770.0,790.0,32.0,34.0,35.0,-0.9111852525590886,,
ded9baec13439cede7f1913c,UNC CH,REJECT,UNKNOWN,,,,,,,,,,,False,REGEX,0.2,True,,UNRESOLVED,,,,,,,,,,,,,,,,,,,,,,
ded9baec13439cede7f1913c,Boston College,REJECT,UNKNOWN,,,,,,,,,,,False,REGEX,0.2,True,164924.0,EXACT,2023.0,Boston College,PRIVATE_NP,1.0,15.0,36069.0,5645.0,2335.0,0.15650558651473565,0.4136403897254207,710.0,730.0,760.0,720.0,760.0,780.0,33.0,34.0,34.0,-1.684461573024333,,
ded9baec13439cede7f1913c,RB & BB Clown College,ACCEPT,UNKNOWN,,,,,,,,,,,False,REGEX,0.2,True,,UNRESOLVED,,,,,,,,,,,,,,,,,,,,,,
bd4b00128796667be5a1455b,University of Michigan,DEFER,UNKNOWN,,,,,11.0,,,,,,False,REGEX,0.2,True,170976.0,EXACT,2023.0,University of Michigan-Ann Arbor,PUBLIC,3.0,15.0,87632.0,15722.0,7466.0,0.17940934818331203,0.4748759699783743,670.0,720.0,750.0,680.0,750.0,780.0,31.0,33.0,34.0,-1.520354331742838,,
bd4b00128796667be5a1455b,University of Virginia,DEFER,UNKNOWN,,,,,11.0,,,,,,False,REGEX,0.2,True,231697.0,FUZZY,,,,,,,,,,,,,,,,,,,,,,
bd4b00128796667be5a1455b,Georgetown University,DEFER,UNKNOWN,,,,,11.0,,,,,,False,REGEX,0.2,True,131496.0,EXACT,2023.0,Georgetown University,PRIVATE_NP,2.0,15.0,25485.0,3334.0,1599.0,0.13082205218756132,0.47960407918416315,700.0,740.0,770.0,690.0,760.0,780.0,32.0,33.0,34.0,-1.8937098578703215,,
b781e17aa803f059a4f58fe3,UF,REJECT,UNKNOWN,,,,,,,,,,,False,REGEX_PARTIAL,0.2,True,,UNRESOLVED,,,,,,,,,,,,,,,,,,,,,,
04802a6ff249172c44e3d25b,University of Pittsburgh,ACCEPT,UNKNOWN,,,,,5.0,,,,,,False,REGEX,0.2,True,215266.0,FUZZY,2023.0,University of Pittsburgh-Bradford,PUBLIC,2.0,22.0,4985.0,4527.0,310.0,0.9081243731193581,0.06847802076430307,520.0,580.0,630.0,510.0,570.0,630.0,22.0,27.0,31.0,2.2909455633217743,,
04802a6ff249172c44e3d25b,UIUC,ACCEPT,UNKNOWN,,,,,5.0,,,,,,False,REGEX,0.2,True,145637.0,EXACT,2023.0,University of Illinois Urbana-Champaign,PUBLIC,3.0,15.0,67398.0,29446.0,8325.0,0.436897237306745,0.28272091285743395,630.0,690.0,730.0,640.0,720.0,780.0,29.0,32.0,34.0,-0.25376412593204345,,
04802a6ff249172c44e3d25b,Umich,REJECT,UNKNOWN,,,,,5.0,,,,,,False,REGEX,0.2,True,170976.0,EXACT,2023.0,University of Michigan-Ann Arbor,PUBLIC,3.0,15.0,87632.0,15722.0,7466.0,0.17940934818331203,0.4748759699783743,670.0,720.0,750.0,680.0,750.0,780.0,31.0,33.0,34.0,-1.520354331742838,,
04802a6ff249172c44e3d25b,Villanova,ACCEPT,UNKNOWN,,,,,5.0,,,,,,False,REGEX,0.2,True,216597.0,EXACT,2023.0,Villanova University,PRIVATE_NP,2.0,16.0,23127.0,5810.0,1740.0,0.2512215159769966,0.29948364888123924,690.0,720.0,740.0,710.0,740.0,770.0,32.0,33.0,34.0,-1.092108107106194,,
04802a6ff249172c44e3d25b,Virginia Tech,ACCEPT,UNKNOWN,,,,,5.0,,,,,,False,REGEX,0.2,True,237905.0,FUZZY,,,,,,,,,,,,,,,,,,,,,,
04802a6ff249172c44e3d25b,UC Berkeley and UCLA,REJECT,UNKNOWN,,,,,5.0,,,,,,False,REGEX,0.2,True,110635.0,FUZZY,2023.0,University of California-Berkeley,PUBLIC,8.0,15.0,125910.0,14677.0,6641.0,0.11656738940513064,0.4524766641684268,,,,,,,,,,-2.025345457752041,,
04802a6ff249172c44e3d25b,Lehigh,WAITLIST,UNKNOWN,,,,,5.0,,,,,,False,REGEX,0.2,True,213543.0,EXACT,2023.0,Lehigh University,PRIVATE_NP,2.0,16.0,18415.0,5389.0,1531.0,0.29264186804235676,0.28409723510855445,670.0,710.0,730.0,680.0,720.0,760.0,31.0,32.0,33.0,-0.8825875211728501,,
04802a6ff249172c44e3d25b,Cornell,REJECT,UNKNOWN,,,,,5.0,,,,,,False,REGEX,0.2,True,190415.0,EXACT,2023.0,Cornell University,PRIVATE_NP,2.0,15.0,65635.0,5358.0,3537.0,0.08163327492953455,0.6601343784994401,720.0,740.0,770.0,760.0,780.0,790.0,33.0,34.0,35.0,-2.4203598336469243,,
04802a6ff249172c44e3d25b,Swarthmore,REJECT,UNKNOWN,,,,,5.0,,,,,,False,REGEX,0.2,True,216287.0,EXACT,2023.0,Swarthmore College,PRIVATE_NP,2.0,21.0,14287.0,992.0,415.0,0.06943375096241339,0.4183467741935484,720.0,750.0,770.0,740.0,780.0,790.0,33.0,34.0,34.0,-2.595420196392247,,
04802a6ff249172c44e3d25b,UPenn,REJECT,UNKNOWN,,,,,5.0,,,,,,False,REGEX,0.2,True,215062.0,EXACT,2023.0,University of Pennsylvania,PRIVATE_NP,2.0,15.0,59465.0,3489.0,2416.0,0.05867316909106197,0.6924620235024362,730.0,750.0,770.0,770.0,790.0,800.0,34.0,35.0,35.0,-2.7753078652389584,,
04802a6ff249172c44e3d25b,Boston University,ACCEPT,UNKNOWN,,,,,5.0,,,,,,False,REGEX,0.2,True,164988.0,EXACT,2023.0,Boston University,PRIVATE_NP,1.0,15.0,80495.0,8733.0,3145.0,0.10849121063420088,0.3601282491698156,680.0,710.0,740.0,720.0,760.0,780.0,32.0,33.0,34.0,-2.1062461346106094,,
04802a6ff249172c44e3d25b,Lafayette College,ACCEPT,UNKNOWN,,,,,5.0,,,,,,False,REGEX,0.2,True,213385.0,EXACT,2023.0,Lafayette College,PRIVATE_NP,2.0,21.0,9874.0,3107.0,697.0,0.3146647761798663,0.2243321532024461,670.0,700.0,730.0,670.0,710.0,760.0,30.0,32.0,33.0,-0.7784002268391781,,
04802a6ff249172c44e3d25b,Bryn Mawr,ACCEPT,UNKNOWN,,,,,5.0,,,,,,False,REGEX,0.2,True,211273.0,EXACT,2023.0,Bryn Mawr College,PRIVATE_NP,2.0,21.0,3278.0,1018.0,361.0,0.3105552165954851,0.35461689587426326,670.0,710.0,740.0,630.0,680.0,730.0,30.0,32.0,33.0,-0.7975248951558636,,
dedadd134668bdfca5685462,University of Illinois at Chicago,ACCEPT,UNKNOWN,3.8,4.7,,,8.0,,,,,,False,REGEX,0.4,True,145600.0,EXACT,2023.0,University of Illinois Chicago,PUBLIC,3.0,15.0,25420.0,19955.0,4647.0,0.7850118017309206,0.23287396642445501,560.0,620.0,660.0,560.0,610.0,680.0,25.0,28.0,32.0,1.2951156168721956,,
dedadd134668bdfca5685462,Depaul,ACCEPT,UNKNOWN,3.8,4.7,,,8.0,,,,,,False,REGEX,0.4,True,144740.0,EXACT,2023.0,DePaul University,PRIVATE_NP,3.0,16.0,32176.0,23660.0,2943.0,0.7353306812531079,0.12438715131022823,570.0,630.0,680.0,560.0,600.0,660.0,26.0,28.0,31.0,1.0218391115190075,,
dedadd134668bdfca5685462,University of Minnesota Twin Cities,ACCEPT,UNKNOWN,3.8,4.7,,,8.0,,,,,,False,REGEX,0.4,True,174066.0,EXACT,2023.0,University of Minnesota-Twin Cities,PUBLIC,4.0,15.0,39863.0,30705.0,6736.0,0.7702631512931791,0.21937795147370134,640.0,680.0,720.0,670.0,720.0,760.0,27.0,29.0,31.0,1.2097976935464587,,
e2a3994ee123c13296a2966d,University of Illinois at Chicago,ACCEPT,UNKNOWN,3.83,4.7,,,8.0,,,,,,False,REGEX,0.4,True,145600.0,EXACT,2023.0,University of Illinois Chicago,PUBLIC,3.0,15.0,25420.0,19955.0,4647.0,0.7850118017309206,0.23287396642445501,560.0,620.0,660.0,560.0,610.0,680.0,25.0,28.0,32.0,1.2951156168721956,,
e2a3994ee123c13296a2966d,Depaul,ACCEPT,UNKNOWN,3.83,4.7,,,8.0,,,,,,False,REGEX,0.4,True,144740.0,EXACT,2023.0,DePaul University,PRIVATE_NP,3.0,16.0,32176.0,23660.0,2943.0,0.7353306812531079,0.12438715131022823,570.0,630.0,680.0,560.0,600.0,660.0,26.0,28.0,31.0,1.0218391115190075,,
e2a3994ee123c13296a2966d,University of Minnesota Twin Cities,ACCEPT,UNKNOWN,3.83,4.7,,,8.0,,,,,,False,REGEX,0.4,True,174066.0,EXACT,2023.0,University of Minnesota-Twin Cities,PUBLIC,4.0,15.0,39863.0,30705.0,6736.0,0.7702631512931791,0.21937795147370134,640.0,680.0,720.0,670.0,720.0,760.0,27.0,29.0,31.0,1.2097976935464587,,
bed06550163610a803e489c8,UPenn -,WAITLIST,UNKNOWN,,,,35.0,14.0,,,,,,False,REGEX,0.4,True,215062.0,EXACT,2023.0,University of Pennsylvania,PRIVATE_NP,2.0,15.0,59465.0,3489.0,2416.0,0.05867316909106197,0.6924620235024362,730.0,750.0,770.0,770.0,790.0,800.0,34.0,35.0,35.0,-2.7753078652389584,,
bed06550163610a803e489c8,Duke -,WAITLIST,UNKNOWN,,,,35.0,14.0,,,,,,False,REGEX,0.4,True,198419.0,EXACT,2023.0,Duke University,PRIVATE_NP,5.0,15.0,46365.0,3145.0,1742.0,0.06783133829397174,0.5538950715421304,740.0,760.0,770.0,770.0,790.0,800.0,34.0,34.0,35.0,-2.6204894609263363,,
bed06550163610a803e489c8,Cornell -,WAITLIST,UNKNOWN,,,,35.0,14.0,,,,,,False,REGEX,0.4,True,190415.0,EXACT,2023.0,Cornell University,PRIVATE_NP,2.0,15.0,65635.0,5358.0,3537.0,0.08163327492953455,0.6601343784994401,720.0,740.0,770.0,760.0,780.0,790.0,33.0,34.0,35.0,-2.4203598336469243,,
bed06550163610a803e489c8,NYU -,WAITLIST,UNKNOWN,,,,35.0,14.0,,,,,,False,REGEX,0.4,True,193900.0,EXACT,2023.0,New York University,PRIVATE_NP,2.0,15.0,113578.0,10693.0,5818.0,0.09414675377273768,0.5440942672776583,720.0,750.0,770.0,760.0,780.0,800.0,33.0,34.0,35.0,-2.264022537844875,,
bed06550163610a803e489c8,UCLA -,WAITLIST,UNKNOWN,,,,35.0,14.0,,,,,,False,REGEX,0.4,True,110662.0,EXACT,2023.0,University of California-Los Angeles,PUBLIC,8.0,15.0,145903.0,12736.0,6585.0,0.08729087133232354,0.5170383165829145,,,,,,,,,,-2.347171350561971,,
7ea3ef278211c1559419e7f4,dr,ACCEPT,UNKNOWN,,,,,,,,,,,False,REGEX_PARTIAL,0.2,True,262466.0,FUZZY,2023.0,Dr. Ida Rolf Institute,PRIVATE_NP,7.0,-2.0,1.0,1.0,1.0,1.0,1.0,,,,,,,,,,6.906754778648553,,
408aac707546f9c64845a402,VTech,ACCEPT,UNKNOWN,,,,,,,,,,,False,REGEX,0.2,True,,UNRESOLVED,,,,,,,,,,,,,,,,,,,,,,
408aac707546f9c64845a402,CU Boulder,ACCEPT,UNKNOWN,,,,,,,,,,,False,REGEX,0.2,True,,UNRESOLVED,,,,,,,,,,,,,,,,,,,,,,
408aac707546f9c64845a402,Cal Poly SLO,ACCEPT,UNKNOWN,,,,,,,,,,,False,REGEX,0.2,True,,UNRESOLVED,,,,,,,,,,,,,,,,,,,,,,
408aac707546f9c64845a402,Gonzaga,ACCEPT,UNKNOWN,,,,,,,,,,,False,REGEX,0.2,True,235316.0,EXACT,2023.0,Gonzaga University,PRIVATE_NP,8.0,17.0,9530.0,7239.0,1254.0,0.759601259181532,0.1732283464566929,620.0,660.0,710.0,600.0,655.0,700.0,26.0,28.0,31.0,1.1504946718396458,,
408aac707546f9c64845a402,Wash State,ACCEPT,UNKNOWN,,,,,,,,,,,False,REGEX,0.2,True,,UNRESOLVED,,,,,,,,,,,,,,,,,,,,,,
408aac707546f9c64845a402,Oregon,ACCEPT,UNKNOWN,,,,,,,,,,,False,REGEX,0.2,True,209551.0,EXACT,2023.0,University of Oregon,PUBLIC,8.0,15.0,39400.0,33532.0,5032.0,0.8510659898477158,0.1500656089705356,580.0,640.0,690.0,550.0,600.0,670.0,22.0,27.0,30.0,1.7429863464948758,,
408aac707546f9c64845a402,Oregon State,ACCEPT,UNKNOWN,,,,,,,,,,,False,REGEX,0.2,True,209542.0,EXACT,2023.0,Oregon State University,PUBLIC,8.0,15.0,29025.0,22886.0,4689.0,0.7884926787252369,0.20488508258323865,,,,,,,,,,1.3158635074501637,,
408aac707546f9c64845a402,Oklahoma,ACCEPT,UNKNOWN,,,,,,,,,,,False,REGEX,0.2,True,206835.0,FUZZY,2023.0,Oklahoma Wesleyan University,PRIVATE_NP,6.0,20.0,688.0,530.0,195.0,0.7703488372093024,0.36792452830188677,,,,,,,,,,1.210281973519201,,
408aac707546f9c64845a402,Chapman,ACCEPT,UNKNOWN,,,,,,,,,,,False,REGEX,0.2,True,111948.0,EXACT,2023.0,Chapman University,PRIVATE_NP,8.0,16.0,15914.0,8849.0,1806.0,0.5560512756063843,0.20409085772403662,630.0,670.0,710.0,620.0,670.0,720.0,28.0,30.0,32.0,0.22515144214872257,,
408aac707546f9c64845a402,Santa Clara,WAITLIST,UNKNOWN,,,,,,,,,,,False,REGEX,0.2,True,122931.0,EXACT,2023.0,Santa Clara University,PRIVATE_NP,8.0,17.0,18843.0,8261.0,1552.0,0.43841214244016347,0.18787071783077108,660.0,700.0,730.0,680.0,720.0,770.0,30.0,31.0,33.0,-0.24760879890157164,,
408aac707546f9c64845a402,Clemson,WAITLIST,UNKNOWN,,,,,,,,,,,False,REGEX,0.2,True,217882.0,EXACT,2023.0,Clemson University,PUBLIC,5.0,15.0,60122.0,22879.0,4494.0,0.3805428961112405,0.19642466891035448,620.0,660.0,690.0,610.0,660.0,700.0,28.0,30.0,32.0,-0.4872445484406637,,
467d79ffea2bab4fbe01942f,Cincinnati,ACCEPT,UNKNOWN,,,,,,,,,,,False,REGEX_PARTIAL,0.2,True,201061.0,FUZZY,2023.0,Art Academy of Cincinnati,PRIVATE_NP,3.0,30.0,1056.0,350.0,57.0,0.3314393939393939,0.16285714285714287,,,,,,,,,,-0.7016820830097827,,
469b708e2d42bec44d0e7d15,brown,REJECT,UNKNOWN,,,,,,,,,,,False,REGEX,0.2,True,217156.0,EXACT,2023.0,Brown University,PRIVATE_NP,1.0,15.0,51316.0,2686.0,1695.0,0.052342349364720556,0.6310498883097543,740.0,760.0,770.0,760.0,780.0,800.0,34.0,35.0,35.0,-2.8961875263146486,,
469b708e2d42bec44d0e7d15,Columbia,REJECT,UNKNOWN,,,,,,,,,,,False,REGEX,0.2,True,190150.0,EXACT,2023.0,Columbia University in the City of New York,PRIVATE_NP,2.0,15.0,57613.0,2439.0,1540.0,0.04233419540728655,0.6314063140631406,730.0,760.0,770.0,760.0,780.0,800.0,34.0,35.0,35.0,-3.118903708594342,,
469b708e2d42bec44d0e7d15,harvard,REJECT,UNKNOWN,,,,,,,,,,,False,REGEX,0.2,True,166027.0,EXACT,2023.0,Harvard University,PRIVATE_NP,1.0,15.0,56937.0,1965.0,1645.0,0.03451182886348069,0.8371501272264631,740.0,760.0,780.0,760.0,790.0,800.0,34.0,35.0,36.0,-3.3313317193713807,,
469b708e2d42bec44d0e7d15,Princeton,REJECT,UNKNOWN,,,,,,,,,,,False,REGEX,0.2,True,186131.0,EXACT,2023.0,Princeton University,PRIVATE_NP,2.0,15.0,39644.0,1782.0,1366.0,0.04495005549389567,0.7665544332210998,740.0,760.0,780.0,760.0,780.0,800.0,34.0,34.0,35.0,-3.0562116415391007,,
469b708e2d42bec44d0e7d15,stanford,REJECT,UNKNOWN,,,,,,,,,,,False,REGEX,0.2,True,243744.0,EXACT,2023.0,Stanford University,PRIVATE_NP,8.0,15.0,53733.0,2099.0,1699.0,0.03906351776375784,0.8094330633635064,740.0,760.0,780.0,770.0,790.0,800.0,34.0,35.0,35.0,-3.202719329388706,,
469b708e2d42bec44d0e7d15,uc berkeley,REJECT,UNKNOWN,,,,,,,,,,,False,REGEX,0.2,True,110635.0,EXACT,2023.0,University of California-Berkeley,PUBLIC,8.0,15.0,125910.0,14677.0,6641.0,0.11656738940513064,0.4524766641684268,,,,,,,,,,-2.025345457752041,,
469b708e2d42bec44d0e7d15,UCLA,REJECT,UNKNOWN,,,,,,,,,,,False,REGEX,0.2,True,110662.0,EXACT,2023.0,University of California-Los Angeles,PUBLIC,8.0,15.0,145903.0,12736.0,6585.0,0.08729087133232354,0.5170383165829145,,,,,,,,,,-2.347171350561971,,
469b708e2d42bec44d0e7d15,yale,REJECT,UNKNOWN,,,,,,,,,,,False,REGEX,0.2,True,130794.0,EXACT,2023.0,Yale University,PRIVATE_NP,1.0,15.0,51803.0,2332.0,1641.0,0.045016697874640466,0.7036878216123499,740.0,760.0,780.0,760.0,780.0,800.0,33.0,34.0,35.0,-3.054660370818341,,
469b708e2d42bec44d0e7d15,georgia tech,REJECT,UNKNOWN,,,,,,,,,,,False,REGEX,0.2,True,139755.0,EXACT,2023.0,Georgia Institute of Technology-Main Campus,PUBLIC,5.0,15.0,52377.0,8622.0,3763.0,0.1646142390744029,0.43644166086754815,650.0,700.0,740.0,680.0,750.0,790.0,28.0,32.0,34.0,-1.6242888156628517,,
469b708e2d42bec44d0e7d15,UCI and UCSD,ACCEPT,UNKNOWN,,,,,,,,,,,False,REGEX,0.2,True,110680.0,FUZZY,2023.0,University of California-San Diego,PUBLIC,8.0,15.0,130771.0,32062.0,7005.0,0.2451766829037019,0.21848293930509638,,,,,,,,,,-1.1245045994251517,,
068554a622315f2cd0d312cc,Auto,ACCEPT,UNKNOWN,,,1570.0,34.0,13.0,,,,,,False,REGEX_PARTIAL,0.4,True,369400.0,FUZZY,,,,,,,,,,,,,,,,,,,,,,
068554a622315f2cd0d312cc,Auto,ACCEPT,UNKNOWN,,,1570.0,34.0,13.0,,,,,,False,REGEX_PARTIAL,0.4,True,369400.0,FUZZY,,,,,,,,,,,,,,,,,,,,,,
91dc87c8b7cadfdbff7ac1b1,with music pre,ACCEPT,UNKNOWN,,,1540.0,36.0,5.0,,,,,,False,REGEX_PARTIAL,0.4,True,,UNRESOLVED,,,,,,,,,,,,,,,,,,,,,,
948a83bfa0d4c305be6adbe5,Stanford ED,REJECT,UNKNOWN,,,,,15.0,,,,,,False,REGEX_PARTIAL,0.2,True,243744.0,FUZZY,2023.0,Stanford University,PRIVATE_NP,8.0,15.0,53733.0,2099.0,1699.0,0.03906351776375784,0.8094330633635064,740.0,760.0,780.0,770.0,790.0,800.0,34.0,35.0,35.0,-3.202719329388706,,
948a83bfa0d4c305be6adbe5,UT Austin EA,REJECT,UNKNOWN,,,,,15.0,,,,,,False,REGEX_PARTIAL,0.2,True,222983.0,FUZZY,2023.0,Austin College,PRIVATE_NP,6.0,21.0,5474.0,2554.0,296.0,0.46656923639020825,0.1158966327329679,590.0,620.0,680.0,580.0,610.0,660.0,26.0,29.0,32.0,-0.13392285866984271,,
a72246f5174f9e88fa40b723,. Oxford,REJECT,UNKNOWN,,,,,,,,,,,False,REGEX,0.2,True,204024.0,FUZZY,2023.0,Miami University-Oxford,PUBLIC,3.0,16.0,34498.0,28319.0,3937.0,0.8208881674299959,0.13902327059571312,610.0,650.0,690.0,600.0,640.0,690.0,26.0,28.0,31.0,1.5223765113887744,,
a72246f5174f9e88fa40b723,. Imperial,REJECT,UNKNOWN,,,,,,,,,,,False,REGEX,0.2,True,115861.0,FUZZY,,,,,,,,,,,,,,,,,,,,,,
a72246f5174f9e88fa40b723,. UCL,ACCEPT,UNKNOWN,,,,,,,,,,,False,REGEX,0.2,True,,UNRESOLVED,,,,,,,,,,,,,,,,,,,,,,
a72246f5174f9e88fa40b723,. University of Glasgow,ACCEPT,UNKNOWN,,,,,,,,,,,False,REGEX,0.2,True,156754.0,FUZZY,,,,,,,,,,,,,,,,,,,,,,
a72246f5174f9e88fa40b723,. University of Warwick,ACCEPT,UNKNOWN,,,,,,,,,,,False,REGEX,0.2,True,217581.0,FUZZY,,,,,,,,,,,,,,,,,,,,,,
a72246f5174f9e88fa40b723,. Harvard,ACCEPT,UNKNOWN,,,,,,,,,,,False,REGEX,0.2,True,166027.0,EXACT,2023.0,Harvard University,PRIVATE_NP,1.0,15.0,56937.0,1965.0,1645.0,0.03451182886348069,0.8371501272264631,740.0,760.0,780.0,760.0,790.0,800.0,34.0,35.0,36.0,-3.3313317193713807,,
a72246f5174f9e88fa40b723,. Yale,REJECT,UNKNOWN,,,,,,,,,,,False,REGEX,0.2,True,130794.0,EXACT,2023.0,Yale University,PRIVATE_NP,1.0,15.0,51803.0,2332.0,1641.0,0.045016697874640466,0.7036878216123499,740.0,760.0,780.0,760.0,780.0,800.0,33.0,34.0,35.0,-3.054660370818341,,
a72246f5174f9e88fa40b723,. Princeton,REJECT,UNKNOWN,,,,,,,,,,,False,REGEX,0.2,True,186131.0,EXACT,2023.0,Princeton University,PRIVATE_NP,2.0,15.0,39644.0,1782.0,1366.0,0.04495005549389567,0.7665544332210998,740.0,760.0,780.0,760.0,780.0,800.0,34.0,34.0,35.0,-3.0562116415391007,,
a72246f5174f9e88fa40b723,. Upenn,ACCEPT,UNKNOWN,,,,,,,,,,,False,REGEX,0.2,True,215062.0,EXACT,2023.0,University of Pennsylvania,PRIVATE_NP,2.0,15.0,59465.0,3489.0,2416.0,0.05867316909106197,0.6924620235024362,730.0,750.0,770.0,770.0,790.0,800.0,34.0,35.0,35.0,-2.7753078652389584,,
a72246f5174f9e88fa40b723,. Dartmouth,WAITLIST,UNKNOWN,,,,,,,,,,,False,REGEX,0.2,True,182670.0,EXACT,2023.0,Dartmouth College,PRIVATE_NP,1.0,15.0,28841.0,1797.0,1206.0,0.062307132207621095,0.671118530884808,740.0,760.0,780.0,760.0,780.0,790.0,33.0,34.0,35.0,-2.7113465614270096,,
a72246f5174f9e88fa40b723,. Columbia,REJECT,UNKNOWN,,,,,,,,,,,False,REGEX,0.2,True,190150.0,EXACT,2023.0,Columbia University in the City of New York,PRIVATE_NP,2.0,15.0,57613.0,2439.0,1540.0,0.04233419540728655,0.6314063140631406,730.0,760.0,770.0,760.0,780.0,800.0,34.0,35.0,35.0,-3.118903708594342,,
a72246f5174f9e88fa40b723,. Brown,REJECT,UNKNOWN,,,,,,,,,,,False,REGEX,0.2,True,217156.0,EXACT,2023.0,Brown University,PRIVATE_NP,1.0,15.0,51316.0,2686.0,1695.0,0.052342349364720556,0.6310498883097543,740.0,760.0,770.0,760.0,780.0,800.0,34.0,35.0,35.0,-2.8961875263146486,,
a72246f5174f9e88fa40b723,. Cornell,REJECT,UNKNOWN,,,,,,,,,,,False,REGEX,0.2,True,190415.0,EXACT,2023.0,Cornell University,PRIVATE_NP,2.0,15.0,65635.0,5358.0,3537.0,0.08163327492953455,0.6601343784994401,720.0,740.0,770.0,760.0,780.0,790.0,33.0,34.0,35.0,-2.4203598336469243,,
a72246f5174f9e88fa40b723,. MIT,REJECT,UNKNOWN,,,,,,,,,,,False,REGEX,0.2,True,166683.0,EXACT,2023.0,Massachusetts Institute of Technology,PRIVATE_NP,1.0,15.0,26904.0,1274.0,1091.0,0.04735355337496283,0.8563579277864992,730.0,760.0,780.0,780.0,790.0,800.0,34.0,35.0,36.0,-3.001601983226008,,
a72246f5174f9e88fa40b723,. Stanford,REJECT,UNKNOWN,,,,,,,,,,,False,REGEX,0.2,True,243744.0,EXACT,2023.0,Stanford University,PRIVATE_NP,8.0,15.0,53733.0,2099.0,1699.0,0.03906351776375784,0.8094330633635064,740.0,760.0,780.0,770.0,790.0,800.0,34.0,35.0,35.0,-3.202719329388706,,
a72246f5174f9e88fa40b723,. Caltech,REJECT,UNKNOWN,,,,,,,,,,,False,REGEX,0.2,True,110404.0,EXACT,2023.0,California Institute of Technology,PRIVATE_NP,8.0,15.0,13107.0,412.0,266.0,0.03143358510719463,0.6456310679611651,,,,,,,,,,-3.4279401447892526,,
a72246f5174f9e88fa40b723,. UChicago,REJECT,UNKNOWN,,,,,,,,,,,False,REGEX,0.2,True,144050.0,EXACT,2023.0,University of Chicago,PRIVATE_NP,3.0,15.0,38631.0,1849.0,1626.0,0.04786311511480417,0.879394267171444,740.0,760.0,770.0,770.0,790.0,800.0,34.0,35.0,35.0,-2.9903636426718014,,
a72246f5174f9e88fa40b723,. Amherst,REJECT,UNKNOWN,,,,,,,,,,,False,REGEX,0.2,True,164465.0,EXACT,2023.0,Amherst College,PRIVATE_NP,1.0,21.0,12727.0,1250.0,488.0,0.09821639035122182,0.3904,690.0,740.0,770.0,670.0,760.0,780.0,31.0,33.0,35.0,-2.2172014813843215,,
a72246f5174f9e88fa40b723,. NYU,REJECT,UNKNOWN,,,,,,,,,,,False,REGEX,0.2,True,193900.0,EXACT,2023.0,New York University,PRIVATE_NP,2.0,15.0,113578.0,10693.0,5818.0,0.09414675377273768,0.5440942672776583,720.0,750.0,770.0,760.0,780.0,800.0,33.0,34.0,35.0,-2.264022537844875,,
a72246f5174f9e88fa40b723,. Duke,REJECT,UNKNOWN,,,,,,,,,,,False,REGEX,0.2,True,198419.0,EXACT,2023.0,Duke University,PRIVATE_NP,5.0,15.0,46365.0,3145.0,1742.0,0.06783133829397174,0.5538950715421304,740.0,760.0,770.0,770.0,790.0,800.0,34.0,34.0,35.0,-2.6204894609263363,,
a72246f5174f9e88fa40b723,. Northwestern,REJECT,UNKNOWN,,,,,,,,,,,False,REGEX,0.2,True,147767.0,EXACT,2023.0,Northwestern University,PRIVATE_NP,3.0,15.0,51769.0,3703.0,2111.0,0.07152929359269061,0.5700783148798272,730.0,750.0,770.0,760.0,780.0,790.0,33.0,34.0,35.0,-2.5634317645295592,,
a72246f5174f9e88fa40b723,. Rice,REJECT,UNKNOWN,,,,,,,,,,,False,REGEX,0.2,True,227757.0,EXACT,2023.0,Rice University,PRIVATE_NP,6.0,15.0,31059.0,2447.0,1125.0,0.0787855372033871,0.45974662852472414,730.0,760.0,770.0,770.0,790.0,800.0,34.0,35.0,36.0,-2.458963425785603,,
a72246f5174f9e88fa40b723,. JHU,REJECT,UNKNOWN,,,,,,,,,,,False,REGEX,0.2,True,162928.0,EXACT,2023.0,Johns Hopkins University,PRIVATE_NP,2.0,15.0,38926.0,2943.0,1418.0,0.07560499409135282,0.4818212708120965,750.0,760.0,780.0,780.0,790.0,800.0,34.0,35.0,35.0,-2.503617135450525,,
a72246f5174f9e88fa40b723,. Bryn Mawr,WAITLIST,UNKNOWN,,,,,,,,,,,False,REGEX,0.2,True,211273.0,EXACT,2023.0,Bryn Mawr College,PRIVATE_NP,2.0,21.0,3278.0,1018.0,361.0,0.3105552165954851,0.35461689587426326,670.0,710.0,740.0,630.0,680.0,730.0,30.0,32.0,33.0,-0.7975248951558636,,
a72246f5174f9e88fa40b723,. Flagler College,ACCEPT,UNKNOWN,,,,,,,,,,,False,REGEX,0.2,True,133711.0,EXACT,2023.0,Flagler College,PRIVATE_NP,5.0,22.0,5509.0,4302.0,655.0,0.7809039753131239,0.1522547652254765,520.0,560.0,620.0,470.0,530.0,580.0,19.0,22.0,24.0,1.2709420887301437,,
ae4bf5fc97215adb22d66556,Cornell,REJECT,UNKNOWN,,,,,,,,,,,False,REGEX,0.2,True,190415.0,EXACT,2023.0,Cornell University,PRIVATE_NP,2.0,15.0,65635.0,5358.0,3537.0,0.08163327492953455,0.6601343784994401,720.0,740.0,770.0,760.0,780.0,790.0,33.0,34.0,35.0,-2.4203598336469243,,
ae4bf5fc97215adb22d66556,Purdue,REJECT,UNKNOWN,,,,,,,,,,,False,REGEX,0.2,True,243780.0,EXACT,2023.0,Purdue University-Main Campus,PUBLIC,3.0,15.0,73083.0,36763.0,9381.0,0.503030800596582,0.25517504012186165,590.0,650.0,710.0,600.0,670.0,750.0,27.0,31.0,34.0,0.012123350870579806,,
ae4bf5fc97215adb22d66556,UW-Madison,WAITLIST,UNKNOWN,,,,,,,,,,,False,REGEX,0.2,True,,UNRESOLVED,,,,,,,,,,,,,,,,,,,,,,
ae4bf5fc97215adb22d66556,UGA,WAITLIST,UNKNOWN,,,,,,,,,,,False,REGEX,0.2,True,139959.0,EXACT,2023.0,University of Georgia,PUBLIC,5.0,15.0,43419.0,16151.0,6146.0,0.3719800087519289,0.3805337130827813,590.0,640.0,690.0,570.0,630.0,700.0,25.0,29.0,32.0,-0.5237318862441626,,
ae4bf5fc97215adb22d66556,Ohio State,REJECT,UNKNOWN,,,,,,,,,,,False,REGEX,0.2,True,204662.0,FUZZY,,,,,,,,,,,,,,,,,,,,,,
ae4bf5fc97215adb22d66556,UIUC,REJECT,UNKNOWN,,,,,,,,,,,False,REGEX,0.2,True,145637.0,EXACT,2023.0,University of Illinois Urbana-Champaign,PUBLIC,3.0,15.0,67398.0,29446.0,8325.0,0.436897237306745,0.28272091285743395,630.0,690.0,730.0,640.0,720.0,780.0,29.0,32.0,34.0,-0.25376412593204345,,
ae4bf5fc97215adb22d66556,University of Minnesota Twin Cities,ACCEPT,UNKNOWN,,,,,,,,,,,False,REGEX,0.2,True,174066.0,EXACT,2023.0,University of Minnesota-Twin Cities,PUBLIC,4.0,15.0,39863.0,30705.0,6736.0,0.7702631512931791,0.21937795147370134,640.0,680.0,720.0,670.0,720.0,760.0,27.0,29.0,31.0,1.2097976935464587,,
ae4bf5fc97215adb22d66556,Michigan State,ACCEPT,UNKNOWN,,,,,,,,,,,False,REGEX,0.2,True,171100.0,EXACT,2023.0,Michigan State University,PUBLIC,3.0,15.0,58879.0,49414.0,9533.0,0.8392465904651913,0.19292103452462864,580.0,630.0,670.0,570.0,620.0,680.0,26.0,28.0,31.0,1.6526330001918834,,
ae4bf5fc97215adb22d66556,Oregon State,ACCEPT,UNKNOWN,,,,,,,,,,,False,REGEX,0.2,True,209542.0,EXACT,2023.0,Oregon State University,PUBLIC,8.0,15.0,29025.0,22886.0,4689.0,0.7884926787252369,0.20488508258323865,,,,,,,,,,1.3158635074501637,,
ae4bf5fc97215adb22d66556,NC State,ACCEPT,UNKNOWN,,,,,,,,,,,False,REGEX,0.2,True,,UNRESOLVED,,,,,,,,,,,,,,,,,,,,,,
2246f3250f899f2ace725dad,ASU,ACCEPT,UNKNOWN,,,,,,,,,,,False,REGEX,0.2,True,112570.0,FUZZY,,,,,,,,,,,,,,,,,,,,,,
2246f3250f899f2ace725dad,RIT,ACCEPT,UNKNOWN,,,,,,,,,,,False,REGEX,0.2,True,,UNRESOLVED,,,,,,,,,,,,,,,,,,,,,,
2246f3250f899f2ace725dad,Gtech EA,REJECT,UNKNOWN,,,,,,,,,,,False,REGEX,0.2,True,,UNRESOLVED,,,,,,,,,,,,,,,,,,,,,,
2246f3250f899f2ace725dad,Purdue EA,REJECT,UNKNOWN,,,,,,,,,,,False,REGEX,0.2,True,243780.0,FUZZY,2023.0,Purdue University-Main Campus,PUBLIC,3.0,15.0,73083.0,36763.0,9381.0,0.503030800596582,0.25517504012186165,590.0,650.0,710.0,600.0,670.0,750.0,27.0,31.0,34.0,0.012123350870579806,,
2246f3250f899f2ace725dad,UNC EA,REJECT,UNKNOWN,,,,,,,,,,,False,REGEX,0.2,True,,UNRESOLVED,,,,,,,,,,,,,,,,,,,,,,
2246f3250f899f2ace725dad,UIUC EA,REJECT,UNKNOWN,,,,,,,,,,,False,REGEX,0.2,True,145637.0,FUZZY,2023.0,University of Illinois Urbana-Champaign,PUBLIC,3.0,15.0,67398.0,29446.0,8325.0,0.436897237306745,0.28272091285743395,630.0,690.0,730.0,640.0,720.0,780.0,29.0,32.0,34.0,-0.25376412593204345,,
2246f3250f899f2ace725dad,Northeastern EA,DEFER,UNKNOWN,,,,,,,,,,,False,REGEX,0.2,True,167358.0,FUZZY,2023.0,Northeastern University,PRIVATE_NP,1.0,15.0,96631.0,5459.0,2744.0,0.056493257857209385,0.502656164132625,710.0,730.0,760.0,750.0,770.0,790.0,33.0,34.0,35.0,-2.8154822095972705,,
2246f3250f899f2ace725dad,UPenn,REJECT,UNKNOWN,,,,,,,,,,,False,REGEX,0.2,True,215062.0,EXACT,2023.0,University of Pennsylvania,PRIVATE_NP,2.0,15.0,59465.0,3489.0,2416.0,0.05867316909106197,0.6924620235024362,730.0,750.0,770.0,770.0,790.0,800.0,34.0,35.0,35.0,-2.7753078652389584,,
2246f3250f899f2ace725dad,Cornell,REJECT,UNKNOWN,,,,,,,,,,,False,REGEX,0.2,True,190415.0,EXACT,2023.0,Cornell University,PRIVATE_NP,2.0,15.0,65635.0,5358.0,3537.0,0.08163327492953455,0.6601343784994401,720.0,740.0,770.0,760.0,780.0,790.0,33.0,34.0,35.0,-2.4203598336469243,,
2246f3250f899f2ace725dad,Harvard,REJECT,UNKNOWN,,,,,,,,,,,False,REGEX,0.2,True,166027.0,EXACT,2023.0,Harvard University,PRIVATE_NP,1.0,15.0,56937.0,1965.0,1645.0,0.03451182886348069,0.8371501272264631,740.0,760.0,780.0,760.0,790.0,800.0,34.0,35.0,36.0,-3.3313317193713807,,
2246f3250f899f2ace725dad,Columbia,WAITLIST,UNKNOWN,,,,,,,,,,,False,REGEX,0.2,True,190150.0,EXACT,2023.0,Columbia University in the City of New York,PRIVATE_NP,2.0,15.0,57613.0,2439.0,1540.0,0.04233419540728655,0.6314063140631406,730.0,760.0,770.0,760.0,780.0,800.0,34.0,35.0,35.0,-3.118903708594342,,
2246f3250f899f2ace725dad,Northwestern,REJECT,UNKNOWN,,,,,,,,,,,False,REGEX,0.2,True,147767.0,EXACT,2023.0,Northwestern University,PRIVATE_NP,3.0,15.0,51769.0,3703.0,2111.0,0.07152929359269061,0.5700783148798272,730.0,750.0,770.0,760.0,780.0,790.0,33.0,34.0,35.0,-2.5634317645295592,,
2246f3250f899f2ace725dad,CMU,REJECT,UNKNOWN,,,,,,,,,,,False,REGEX,0.2,True,211440.0,EXACT,2023.0,Carnegie Mellon University,PRIVATE_NP,2.0,15.0,33707.0,3843.0,1708.0,0.11401192630610853,0.4444444444444444,730.0,750.0,770.0,770.0,790.0,800.0,34.0,35.0,35.0,-2.0504004300295757,,
2246f3250f899f2ace725dad,Duke,REJECT,UNKNOWN,,,,,,,,,,,False,REGEX,0.2,True,198419.0,EXACT,2023.0,Duke University,PRIVATE_NP,5.0,15.0,46365.0,3145.0,1742.0,0.06783133829397174,0.5538950715421304,740.0,760.0,770.0,770.0,790.0,800.0,34.0,34.0,35.0,-2.6204894609263363,,
2246f3250f899f2ace725dad,Stanford,REJECT,UNKNOWN,,,,,,,,,,,False,REGEX,0.2,True,243744.0,EXACT,2023.0,Stanford University,PRIVATE_NP,8.0,15.0,53733.0,2099.0,1699.0,0.03906351776375784,0.8094330633635064,740.0,760.0,780.0,770.0,790.0,800.0,34.0,35.0,35.0,-3.202719329388706,,
2246f3250f899f2ace725dad,USC,REJECT,UNKNOWN,,,,,,,,,,,False,REGEX,0.2,True,123961.0,EXACT,2023.0,University of Southern California,PRIVATE_NP,8.0,15.0,80808.0,8094.0,3633.0,0.10016335016335016,0.44885100074128986,700.0,730.0,760.0,740.0,780.0,790.0,32.0,33.0,35.0,-2.1954108917607313,,
2246f3250f899f2ace725dad,UCSB,WAITLIST,UNKNOWN,,,,,,,,,,,False,REGEX,0.2,True,110705.0,EXACT,2023.0,University of California-Santa Barbara,PUBLIC,8.0,15.0,110871.0,30804.0,5043.0,0.2778364044700598,0.16371250486949745,,,,,,,,,,-0.9552192324894392,,
2246f3250f899f2ace725dad,UCI,REJECT,UNKNOWN,,,,,,,,,,,False,REGEX,0.2,True,,UNRESOLVED,,,,,,,,,,,,,,,,,,,,,,
2246f3250f899f2ace725dad,UCSD,REJECT,UNKNOWN,,,,,,,,,,,False,REGEX,0.2,True,110680.0,EXACT,2023.0,University of California-San Diego,PUBLIC,8.0,15.0,130771.0,32062.0,7005.0,0.2451766829037019,0.21848293930509638,,,,,,,,,,-1.1245045994251517,,
2246f3250f899f2ace725dad,UDub,REJECT,UNKNOWN,,,,,,,,,,,False,REGEX,0.2,True,,UNRESOLVED,,,,,,,,,,,,,,,,,,,,,,
2246f3250f899f2ace725dad,Cal Poly Slo,REJECT,UNKNOWN,,,,,,,,,,,False,REGEX,0.2,True,,UNRESOLVED,,,,,,,,,,,,,,,,,,,,,,
2246f3250f899f2ace725dad,SJSU,REJECT,UNKNOWN,,,,,,,,,,,False,REGEX,0.2,True,,UNRESOLVED,,,,,,,,,,,,,,,,,,,,,,
2246f3250f899f2ace725dad,SDSU,ACCEPT,UNKNOWN,,,,,,,,,,,False,REGEX,0.2,True,122409.0,EXACT,2023.0,San Diego State University,PUBLIC,8.0,16.0,82800.0,28517.0,6162.0,0.34440821256038645,0.21608163551565732,,,,,,,,,,-0.6437107017425816,,
2246f3250f899f2ace725dad,UCR,ACCEPT,UNKNOWN,,,,,,,,,,,False,REGEX,0.2,True,,UNRESOLVED,,,,,,,,,,,,,,,,,,,,,,
2246f3250f899f2ace725dad,UCSC,ACCEPT,UNKNOWN,,,,,,,,,,,False,REGEX,0.2,True,,UNRESOLVED,,,,,,,,,,,,,,,,,,,,,,
1d30344caccbf6e949fc0edc,th grade summer,REJECT,UNKNOWN,,,,,13.0,,,,,,False,REGEX_PARTIAL,0.2,True,,UNRESOLVED,,,,,,,,,,,,,,,,,,,,,,
7d76346d7e94325aeade63a1,UMN EA,ACCEPT,UNKNOWN,,,,33.0,5.0,,,,,,False,REGEX,0.4,True,,UNRESOLVED,,,,,,,,,,,,,,,,,,,,,,
7d76346d7e94325aeade63a1,Northwestern ED,REJECT,UNKNOWN,,,,33.0,5.0,,,,,,False,REGEX,0.4,True,147767.0,FUZZY,2023.0,Northwestern University,PRIVATE_NP,3.0,15.0,51769.0,3703.0,2111.0,0.07152929359269061,0.5700783148798272,730.0,750.0,770.0,760.0,780.0,790.0,33.0,34.0,35.0,-2.5634317645295592,,
7d76346d7e94325aeade63a1,UChicago EA,DEFER,UNKNOWN,,,,33.0,5.0,,,,,,False,REGEX,0.4,True,144050.0,FUZZY,2023.0,University of Chicago,PRIVATE_NP,3.0,15.0,38631.0,1849.0,1626.0,0.04786311511480417,0.879394267171444,740.0,760.0,770.0,770.0,790.0,800.0,34.0,35.0,35.0,-2.9903636426718014,,
7d76346d7e94325aeade63a1,IU Kelley EA,ACCEPT,UNKNOWN,,,,33.0,5.0,,,,,,False,REGEX,0.4,True,,UNRESOLVED,,,,,,,,,,,,,,,,,,,,,,
7d76346d7e94325aeade63a1,UT Austin EA,DEFER,UNKNOWN,,,,33.0,5.0,,,,,,False,REGEX,0.4,True,222983.0,FUZZY,2023.0,Austin College,PRIVATE_NP,6.0,21.0,5474.0,2554.0,296.0,0.46656923639020825,0.1158966327329679,590.0,620.0,680.0,580.0,610.0,660.0,26.0,29.0,32.0,-0.13392285866984271,,
7d76346d7e94325aeade63a1,USC EA,DEFER,UNKNOWN,,,,33.0,5.0,,,,,,False,REGEX,0.4,True,123961.0,FUZZY,2023.0,University of Southern California,PRIVATE_NP,8.0,15.0,80808.0,8094.0,3633.0,0.10016335016335016,0.44885100074128986,700.0,730.0,760.0,740.0,780.0,790.0,32.0,33.0,35.0,-2.1954108917607313,,
7d76346d7e94325aeade63a1,UMich EA,DEFER,UNKNOWN,,,,33.0,5.0,,,,,,False,REGEX,0.4,True,170976.0,FUZZY,2023.0,University of Michigan-Ann Arbor,PUBLIC,3.0,15.0,87632.0,15722.0,7466.0,0.17940934818331203,0.4748759699783743,670.0,720.0,750.0,680.0,750.0,780.0,31.0,33.0,34.0,-1.520354331742838,,
7d76346d7e94325aeade63a1,UNC EA,REJECT,UNKNOWN,,,,33.0,5.0,,,,,,False,REGEX,0.4,True,,UNRESOLVED,,,,,,,,,,,,,,,,,,,,,,
7d76346d7e94325aeade63a1,UW Madison EA,ACCEPT,UNKNOWN,,,,33.0,5.0,,,,,,False,REGEX,0.4,True,,UNRESOLVED,,,,,,,,,,,,,,,,,,,,,,
7d76346d7e94325aeade63a1,Brown,WAITLIST,UNKNOWN,,,,33.0,5.0,,,,,,False,REGEX,0.4,True,217156.0,EXACT,2023.0,Brown University,PRIVATE_NP,1.0,15.0,51316.0,2686.0,1695.0,0.052342349364720556,0.6310498883097543,740.0,760.0,770.0,760.0,780.0,800.0,34.0,35.0,35.0,-2.8961875263146486,,
7d76346d7e94325aeade63a1,Cornell,WAITLIST,UNKNOWN,,,,33.0,5.0,,,,,,False,REGEX,0.4,True,190415.0,EXACT,2023.0,Cornell University,PRIVATE_NP,2.0,15.0,65635.0,5358.0,3537.0,0.08163327492953455,0.6601343784994401,720.0,740.0,770.0,760.0,780.0,790.0,33.0,34.0,35.0,-2.4203598336469243,,
7d76346d7e94325aeade63a1,Dartmouth,WAITLIST,UNKNOWN,,,,33.0,5.0,,,,,,False,REGEX,0.4,True,182670.0,EXACT,2023.0,Dartmouth College,PRIVATE_NP,1.0,15.0,28841.0,1797.0,1206.0,0.062307132207621095,0.671118530884808,740.0,760.0,780.0,760.0,780.0,790.0,33.0,34.0,35.0,-2.7113465614270096,,
7d76346d7e94325aeade63a1,Duke,REJECT,UNKNOWN,,,,33.0,5.0,,,,,,False,REGEX,0.4,True,198419.0,EXACT,2023.0,Duke University,PRIVATE_NP,5.0,15.0,46365.0,3145.0,1742.0,0.06783133829397174,0.5538950715421304,740.0,760.0,770.0,770.0,790.0,800.0,34.0,34.0,35.0,-2.6204894609263363,,
7d76346d7e94325aeade63a1,Northeastern,ACCEPT,UNKNOWN,,,,33.0,5.0,,,,,,False,REGEX,0.4,True,167358.0,EXACT,2023.0,Northeastern University,PRIVATE_NP,1.0,15.0,96631.0,5459.0,2744.0,0.056493257857209385,0.502656164132625,710.0,730.0,760.0,750.0,770.0,790.0,33.0,34.0,35.0,-2.8154822095972705,,
7d76346d7e94325aeade63a1,Princeton,REJECT,UNKNOWN,,,,33.0,5.0,,,,,,False,REGEX,0.4,True,186131.0,EXACT,2023.0,Princeton University,PRIVATE_NP,2.0,15.0,39644.0,1782.0,1366.0,0.04495005549389567,0.7665544332210998,740.0,760.0,780.0,760.0,780.0,800.0,34.0,34.0,35.0,-3.0562116415391007,,
7d76346d7e94325aeade63a1,Vanderbilt,REJECT,UNKNOWN,,,,33.0,5.0,,,,,,False,REGEX,0.4,True,221999.0,EXACT,2023.0,Vanderbilt University,PRIVATE_NP,5.0,15.0,45313.0,2844.0,1622.0,0.06276344536887869,0.570323488045007,740.0,760.0,770.0,770.0,780.0,790.0,34.0,35.0,35.0,-2.7035628860744794,,
7d76346d7e94325aeade63a1,WashU,ACCEPT,UNKNOWN,,,,33.0,5.0,,,,,,False,REGEX,0.4,True,179867.0,EXACT,2023.0,Washington University in St Louis,PRIVATE_NP,4.0,15.0,32240.0,3855.0,1828.0,0.11957196029776675,0.474189364461738,730.0,750.0,770.0,770.0,790.0,800.0,33.0,34.0,35.0,-1.9964898296073967,,
7d76346d7e94325aeade63a1,Berkeley,WAITLIST,UNKNOWN,,,,33.0,5.0,,,,,,False,REGEX,0.4,True,110635.0,EXACT,2023.0,University of California-Berkeley,PUBLIC,8.0,15.0,125910.0,14677.0,6641.0,0.11656738940513064,0.4524766641684268,,,,,,,,,,-2.025345457752041,,
7d76346d7e94325aeade63a1,UCLA,ACCEPT,UNKNOWN,,,,33.0,5.0,,,,,,False,REGEX,0.4,True,110662.0,EXACT,2023.0,University of California-Los Angeles,PUBLIC,8.0,15.0,145903.0,12736.0,6585.0,0.08729087133232354,0.5170383165829145,,,,,,,,,,-2.347171350561971,,
01949598f03c9b206c10c4e6,UGA,WAITLIST,UNKNOWN,,,,34.0,5.0,,,,,,False,REGEX_PARTIAL,0.4,True,139959.0,EXACT,2023.0,University of Georgia,PUBLIC,5.0,15.0,43419.0,16151.0,6146.0,0.3719800087519289,0.3805337130827813,590.0,640.0,690.0,570.0,630.0,700.0,25.0,29.0,32.0,-0.5237318862441626,,
9ab110705fd2c183223e9211,CWRU,ACCEPT,UNKNOWN,,,,,15.0,,,,,,False,REGEX,0.2,True,,UNRESOLVED,,,,,,,,,,,,,,,,,,,,,,
9ab110705fd2c183223e9211,MIT,REJECT,UNKNOWN,,,,,15.0,,,,,,False,REGEX,0.2,True,166683.0,EXACT,2023.0,Massachusetts Institute of Technology,PRIVATE_NP,1.0,15.0,26904.0,1274.0,1091.0,0.04735355337496283,0.8563579277864992,730.0,760.0,780.0,780.0,790.0,800.0,34.0,35.0,36.0,-3.001601983226008,,
9ab110705fd2c183223e9211,University of Chicago,REJECT,UNKNOWN,,,,,15.0,,,,,,False,REGEX,0.2,True,144050.0,EXACT,2023.0,University of Chicago,PRIVATE_NP,3.0,15.0,38631.0,1849.0,1626.0,0.04786311511480417,0.879394267171444,740.0,760.0,770.0,770.0,790.0,800.0,34.0,35.0,35.0,-2.9903636426718014,,
9ab110705fd2c183223e9211,WashU,WAITLIST,UNKNOWN,,,,,15.0,,,,,,False,REGEX,0.2,True,179867.0,EXACT,2023.0,Washington University in St Louis,PRIVATE_NP,4.0,15.0,32240.0,3855.0,1828.0,0.11957196029776675,0.474189364461738,730.0,750.0,770.0,770.0,790.0,800.0,33.0,34.0,35.0,-1.9964898296073967,,
9ab110705fd2c183223e9211,Notre Dame,WAITLIST,UNKNOWN,,,,,15.0,,,,,,False,REGEX,0.2,True,152080.0,EXACT,2023.0,University of Notre Dame,PRIVATE_NP,3.0,15.0,28353.0,3510.0,2075.0,0.12379642365887207,0.5911680911680912,710.0,740.0,760.0,730.0,760.0,780.0,33.0,34.0,35.0,-1.9569599852418982,,
9ab110705fd2c183223e9211,Johns Hopkins,WAITLIST,UNKNOWN,,,,,15.0,,,,,,False,REGEX,0.2,True,162928.0,EXACT,2023.0,Johns Hopkins University,PRIVATE_NP,2.0,15.0,38926.0,2943.0,1418.0,0.07560499409135282,0.4818212708120965,750.0,760.0,780.0,780.0,790.0,800.0,34.0,35.0,35.0,-2.503617135450525,,
9ab110705fd2c183223e9211,UCLA,REJECT,UNKNOWN,,,,,15.0,,,,,,False,REGEX,0.2,True,110662.0,EXACT,2023.0,University of California-Los Angeles,PUBLIC,8.0,15.0,145903.0,12736.0,6585.0,0.08729087133232354,0.5170383165829145,,,,,,,,,,-2.347171350561971,,
9ab110705fd2c183223e9211,UC Berkeley,ACCEPT,UNKNOWN,,,,,15.0,,,,,,False,REGEX,0.2,True,110635.0,EXACT,2023.0,University of California-Berkeley,PUBLIC,8.0,15.0,125910.0,14677.0,6641.0,0.11656738940513064,0.4524766641684268,,,,,,,,,,-2.025345457752041,,
9ab110705fd2c183223e9211,Columbia University,REJECT,UNKNOWN,,,,,15.0,,,,,,False,REGEX,0.2,True,190150.0,EXACT,2023.0,Columbia University in the City of New York,PRIVATE_NP,2.0,15.0,57613.0,2439.0,1540.0,0.04233419540728655,0.6314063140631406,730.0,760.0,770.0,760.0,780.0,800.0,34.0,35.0,35.0,-3.118903708594342,,
9ab110705fd2c183223e9211,Vanderbilt University,WAITLIST,UNKNOWN,,,,,15.0,,,,,,False,REGEX,0.2,True,221999.0,EXACT,2023.0,Vanderbilt University,PRIVATE_NP,5.0,15.0,45313.0,2844.0,1622.0,0.06276344536887869,0.570323488045007,740.0,760.0,770.0,770.0,780.0,790.0,34.0,35.0,35.0,-2.7035628860744794,,
9ab110705fd2c183223e9211,Princeton University,REJECT,UNKNOWN,,,,,15.0,,,,,,False,REGEX,0.2,True,186131.0,EXACT,2023.0,Princeton University,PRIVATE_NP,2.0,15.0,39644.0,1782.0,1366.0,0.04495005549389567,0.7665544332210998,740.0,760.0,780.0,760.0,780.0,800.0,34.0,34.0,35.0,-3.0562116415391007,,
9ab110705fd2c183223e9211,Harvard University,REJECT,UNKNOWN,,,,,15.0,,,,,,False,REGEX,0.2,True,166027.0,EXACT,2023.0,Harvard University,PRIVATE_NP,1.0,15.0,56937.0,1965.0,1645.0,0.03451182886348069,0.8371501272264631,740.0,760.0,780.0,760.0,790.0,800.0,34.0,35.0,36.0,-3.3313317193713807,,
9ab110705fd2c183223e9211,Northwestern University,REJECT,UNKNOWN,,,,,15.0,,,,,,False,REGEX,0.2,True,147767.0,EXACT,2023.0,Northwestern University,PRIVATE_NP,3.0,15.0,51769.0,3703.0,2111.0,0.07152929359269061,0.5700783148798272,730.0,750.0,770.0,760.0,780.0,790.0,33.0,34.0,35.0,-2.5634317645295592,,
9ab110705fd2c183223e9211,Duke University,REJECT,UNKNOWN,,,,,15.0,,,,,,False,REGEX,0.2,True,198419.0,EXACT,2023.0,Duke University,PRIVATE_NP,5.0,15.0,46365.0,3145.0,1742.0,0.06783133829397174,0.5538950715421304,740.0,760.0,770.0,770.0,790.0,800.0,34.0,34.0,35.0,-2.6204894609263363,,
9ab110705fd2c183223e9211,Dartmouth College,REJECT,UNKNOWN,,,,,15.0,,,,,,False,REGEX,0.2,True,182670.0,EXACT,2023.0,Dartmouth College,PRIVATE_NP,1.0,15.0,28841.0,1797.0,1206.0,0.062307132207621095,0.671118530884808,740.0,760.0,780.0,760.0,780.0,790.0,33.0,34.0,35.0,-2.7113465614270096,,
9ab110705fd2c183223e9211,Yale University,REJECT,UNKNOWN,,,,,15.0,,,,,,False,REGEX,0.2,True,130794.0,EXACT,2023.0,Yale University,PRIVATE_NP,1.0,15.0,51803.0,2332.0,1641.0,0.045016697874640466,0.7036878216123499,740.0,760.0,780.0,760.0,780.0,800.0,33.0,34.0,35.0,-3.054660370818341,,
9ab110705fd2c183223e9211,Cornell University,REJECT,UNKNOWN,,,,,15.0,,,,,,False,REGEX,0.2,True,190415.0,EXACT,2023.0,Cornell University,PRIVATE_NP,2.0,15.0,65635.0,5358.0,3537.0,0.08163327492953455,0.6601343784994401,720.0,740.0,770.0,760.0,780.0,790.0,33.0,34.0,35.0,-2.4203598336469243,,
9ab110705fd2c183223e9211,Brown University,REJECT,UNKNOWN,,,,,15.0,,,,,,False,REGEX,0.2,True,217156.0,EXACT,2023.0,Brown University,PRIVATE_NP,1.0,15.0,51316.0,2686.0,1695.0,0.052342349364720556,0.6310498883097543,740.0,760.0,770.0,760.0,780.0,800.0,34.0,35.0,35.0,-2.8961875263146486,,
9ab110705fd2c183223e9211,Rice University,WAITLIST,UNKNOWN,,,,,15.0,,,,,,False,REGEX,0.2,True,227757.0,EXACT,2023.0,Rice University,PRIVATE_NP,6.0,15.0,31059.0,2447.0,1125.0,0.0787855372033871,0.45974662852472414,730.0,760.0,770.0,770.0,790.0,800.0,34.0,35.0,36.0,-2.458963425785603,,
9ab110705fd2c183223e9211,Stanford University,REJECT,UNKNOWN,,,,,15.0,,,,,,False,REGEX,0.2,True,243744.0,EXACT,2023.0,Stanford University,PRIVATE_NP,8.0,15.0,53733.0,2099.0,1699.0,0.03906351776375784,0.8094330633635064,740.0,760.0,780.0,770.0,790.0,800.0,34.0,35.0,35.0,-3.202719329388706,,
9ab110705fd2c183223e9211,University of Pennsylvania,REJECT,UNKNOWN,,,,,15.0,,,,,,False,REGEX,0.2,True,215062.0,EXACT,2023.0,University of Pennsylvania,PRIVATE_NP,2.0,15.0,59465.0,3489.0,2416.0,0.05867316909106197,0.6924620235024362,730.0,750.0,770.0,770.0,790.0,800.0,34.0,35.0,35.0,-2.7753078652389584,,
0f28d3da35d6e189b1b46113,CU Boulder,REJECT,UNKNOWN,,,,,,,,,,,False,REGEX_PARTIAL,0.2,True,,UNRESOLVED,,,,,,,,,,,,,,,,,,,,,,
0f28d3da35d6e189b1b46113,Rutgers,ACCEPT,UNKNOWN,,,,,,,,,,,False,REGEX_PARTIAL,0.2,True,186380.0,EXACT,2023.0,Rutgers University-New Brunswick,PUBLIC,2.0,15.0,43347.0,28326.0,7681.0,0.6534708284310333,0.2711643013485843,630.0,680.0,720.0,640.0,700.0,760.0,28.0,31.0,33.0,0.6343308887762874,,
a46e8d0fb79f2175c5bb745c,Deferred,ACCEPT,UNKNOWN,,,,,,,,,,,False,REGEX,0.2,True,,UNRESOLVED,,,,,,,,,,,,,,,,,,,,,,
a46e8d0fb79f2175c5bb745c,Deferred,WAITLIST,UNKNOWN,,,,,,,,,,,False,REGEX,0.2,True,,UNRESOLVED,,,,,,,,,,,,,,,,,,,,,,
a46e8d0fb79f2175c5bb745c,Deferred,ACCEPT,UNKNOWN,,,,,,,,,,,False,REGEX,0.2,True,,UNRESOLVED,,,,,,,,,,,,,,,,,,,,,,
a46e8d0fb79f2175c5bb745c,Deferred,ACCEPT,UNKNOWN,,,,,,,,,,,False,REGEX,0.2,True,,UNRESOLVED,,,,,,,,,,,,,,,,,,,,,,
a46e8d0fb79f2175c5bb745c,Deferred,ACCEPT,UNKNOWN,,,,,,,,,,,False,REGEX,0.2,True,,UNRESOLVED,,,,,,,,,,,,,,,,,,,,,,
232749d1c5b11a666a39defd,Reaches,ACCEPT,UNKNOWN,,,1540.0,,80.0,,,,,,False,REGEX,0.4,True,,UNRESOLVED,,,,,,,,,,,,,,,,,,,,,,
232749d1c5b11a666a39defd,RPI,ACCEPT,UNKNOWN,,,1540.0,,80.0,,,,,,False,REGEX,0.4,True,,UNRESOLVED,,,,,,,,,,,,,,,,,,,,,,
232749d1c5b11a666a39defd,MIT,REJECT,UNKNOWN,,,1540.0,,80.0,,,,,,False,REGEX,0.4,True,166683.0,EXACT,2023.0,Massachusetts Institute of Technology,PRIVATE_NP,1.0,15.0,26904.0,1274.0,1091.0,0.04735355337496283,0.8563579277864992,730.0,760.0,780.0,780.0,790.0,800.0,34.0,35.0,36.0,-3.001601983226008,-10.0,
232749d1c5b11a666a39defd,Northwestern,ACCEPT,UNKNOWN,,,1540.0,,80.0,,,,,,False,REGEX,0.4,True,147767.0,EXACT,2023.0,Northwestern University,PRIVATE_NP,3.0,15.0,51769.0,3703.0,2111.0,0.07152929359269061,0.5700783148798272,730.0,750.0,770.0,760.0,780.0,790.0,33.0,34.0,35.0,-2.5634317645295592,10.0,
232749d1c5b11a666a39defd,Cornell,ACCEPT,UNKNOWN,,,1540.0,,80.0,,,,,,False,REGEX,0.4,True,190415.0,EXACT,2023.0,Cornell University,PRIVATE_NP,2.0,15.0,65635.0,5358.0,3537.0,0.08163327492953455,0.6601343784994401,720.0,740.0,770.0,760.0,780.0,790.0,33.0,34.0,35.0,-2.4203598336469243,20.0,
232749d1c5b11a666a39defd,Yale,ACCEPT,UNKNOWN,,,1540.0,,80.0,,,,,,False,REGEX,0.4,True,130794.0,EXACT,2023.0,Yale University,PRIVATE_NP,1.0,15.0,51803.0,2332.0,1641.0,0.045016697874640466,0.7036878216123499,740.0,760.0,780.0,760.0,780.0,800.0,33.0,34.0,35.0,-3.054660370818341,0.0,
781f44199873db9edffe107d,UW Madison EA,DEFER,UNKNOWN,,,,,10.0,,,,,,False,REGEX_PARTIAL,0.2,True,,UNRESOLVED,,,,,,,,,,,,,,,,,,,,,,
ef7ed691347f09e196cf674c,Harvard College,WAITLIST,UNKNOWN,,,1600.0,36.0,,,,,,,False,REGEX,0.4,True,166027.0,EXACT,2023.0,Harvard University,PRIVATE_NP,1.0,15.0,56937.0,1965.0,1645.0,0.03451182886348069,0.8371501272264631,740.0,760.0,780.0,760.0,790.0,800.0,34.0,35.0,36.0,-3.3313317193713807,50.0,
ef7ed691347f09e196cf674c,Massachusetts Institute of Technology,ACCEPT,UNKNOWN,,,1600.0,36.0,,,,,,,False,REGEX,0.4,True,166683.0,EXACT,2023.0,Massachusetts Institute of Technology,PRIVATE_NP,1.0,15.0,26904.0,1274.0,1091.0,0.04735355337496283,0.8563579277864992,730.0,760.0,780.0,780.0,790.0,800.0,34.0,35.0,36.0,-3.001601983226008,50.0,
ef7ed691347f09e196cf674c,University of Cambridge,ACCEPT,UNKNOWN,,,1600.0,36.0,,,,,,,False,REGEX,0.4,True,165167.0,EXACT,,,,,,,,,,,,,,,,,,,,,,
ef7ed691347f09e196cf674c,Imperial College London,ACCEPT,UNKNOWN,,,1600.0,36.0,,,,,,,False,REGEX,0.4,True,,UNRESOLVED,,,,,,,,,,,,,,,,,,,,,,
ef7ed691347f09e196cf674c,University of St Andrew's,ACCEPT,UNKNOWN,,,1600.0,36.0,,,,,,,False,REGEX,0.4,True,138761.0,FUZZY,2023.0,Andrew College,PRIVATE_NP,5.0,14.0,780.0,399.0,108.0,0.5115384615384615,0.2706766917293233,,,,,,,,,,0.04616204176316241,,
ef7ed691347f09e196cf674c,University College London,ACCEPT,UNKNOWN,,,1600.0,36.0,,,,,,,False,REGEX,0.4,True,499486.0,FUZZY,,,,,,,,,,,,,,,,,,,,,,
ef7ed691347f09e196cf674c,University of Exeter,ACCEPT,UNKNOWN,,,1600.0,36.0,,,,,,,False,REGEX,0.4,True,,UNRESOLVED,,,,,,,,,,,,,,,,,,,,,,
536fd3244d7d41214bf7c898,Harvard College,WAITLIST,UNKNOWN,,,1600.0,36.0,,,,,,,False,REGEX,0.4,True,166027.0,EXACT,2023.0,Harvard University,PRIVATE_NP,1.0,15.0,56937.0,1965.0,1645.0,0.03451182886348069,0.8371501272264631,740.0,760.0,780.0,760.0,790.0,800.0,34.0,35.0,36.0,-3.3313317193713807,50.0,
536fd3244d7d41214bf7c898,Massachusetts Institute of Technology,ACCEPT,UNKNOWN,,,1600.0,36.0,,,,,,,False,REGEX,0.4,True,166683.0,EXACT,2023.0,Massachusetts Institute of Technology,PRIVATE_NP,1.0,15.0,26904.0,1274.0,1091.0,0.04735355337496283,0.8563579277864992,730.0,760.0,780.0,780.0,790.0,800.0,34.0,35.0,36.0,-3.001601983226008,50.0,
536fd3244d7d41214bf7c898,University of Cambridge,ACCEPT,UNKNOWN,,,1600.0,36.0,,,,,,,False,REGEX,0.4,True,165167.0,EXACT,,,,,,,,,,,,,,,,,,,,,,
536fd3244d7d41214bf7c898,Imperial College London,ACCEPT,UNKNOWN,,,1600.0,36.0,,,,,,,False,REGEX,0.4,True,,UNRESOLVED,,,,,,,,,,,,,,,,,,,,,,
536fd3244d7d41214bf7c898,University of St Andrew's,ACCEPT,UNKNOWN,,,1600.0,36.0,,,,,,,False,REGEX,0.4,True,138761.0,FUZZY,2023.0,Andrew College,PRIVATE_NP,5.0,14.0,780.0,399.0,108.0,0.5115384615384615,0.2706766917293233,,,,,,,,,,0.04616204176316241,,
536fd3244d7d41214bf7c898,University College London,ACCEPT,UNKNOWN,,,1600.0,36.0,,,,,,,False,REGEX,0.4,True,499486.0,FUZZY,,,,,,,,,,,,,,,,,,,,,,
536fd3244d7d41214bf7c898,University of Exeter,ACCEPT,UNKNOWN,,,1600.0,36.0,,,,,,,False,REGEX,0.4,True,,UNRESOLVED,,,,,,,,,,,,,,,,,,,,,,
b1b17382de5ca6e54aef087e,Recognition by JHU,ACCEPT,UNKNOWN,,,1550.0,,,,,,,,False,REGEX_PARTIAL,0.4,True,162928.0,FUZZY,2023.0,Johns Hopkins University,PRIVATE_NP,2.0,15.0,38926.0,2943.0,1418.0,0.07560499409135282,0.4818212708120965,750.0,760.0,780.0,780.0,790.0,800.0,34.0,35.0,35.0,-2.503617135450525,0.0,
7c2ebc1c9b65308bf1ab4a55,- Accepted to Villanova For Electrical Engineering,WAITLIST,UNKNOWN,,,,,,,,,,,False,REGEX_PARTIAL,0.2,True,216597.0,FUZZY,2023.0,Villanova University,PRIVATE_NP,2.0,16.0,23127.0,5810.0,1740.0,0.2512215159769966,0.29948364888123924,690.0,720.0,740.0,710.0,740.0,770.0,32.0,33.0,34.0,-1.092108107106194,,
7c2ebc1c9b65308bf1ab4a55,for Babson and UMich,REJECT,UNKNOWN,,,,,,,,,,,False,REGEX_PARTIAL,0.2,True,164580.0,FUZZY,2023.0,Babson College,PRIVATE_NP,1.0,29.0,7995.0,1578.0,626.0,0.1973733583489681,0.39670468948035487,660.0,690.0,720.0,720.0,750.0,780.0,30.0,31.0,33.0,-1.4027924963446958,,
d9c933b3ede3346cbee10530,- Accepted to Villanova For Electrical Engineering,WAITLIST,UNKNOWN,,,,,,,,,,,False,REGEX_PARTIAL,0.2,True,216597.0,FUZZY,2023.0,Villanova University,PRIVATE_NP,2.0,16.0,23127.0,5810.0,1740.0,0.2512215159769966,0.29948364888123924,690.0,720.0,740.0,710.0,740.0,770.0,32.0,33.0,34.0,-1.092108107106194,,
d9c933b3ede3346cbee10530,for Babson and UMich,REJECT,UNKNOWN,,,,,,,,,,,False,REGEX_PARTIAL,0.2,True,164580.0,FUZZY,2023.0,Babson College,PRIVATE_NP,1.0,29.0,7995.0,1578.0,626.0,0.1973733583489681,0.39670468948035487,660.0,690.0,720.0,720.0,750.0,780.0,30.0,31.0,33.0,-1.4027924963446958,,
75947da5632e394963aa1ebb,Tulane,ACCEPT,UNKNOWN,,99.0,,,2.0,,,,,,False,REGEX_PARTIAL,0.4,True,160755.0,EXACT,2023.0,Tulane University of Louisiana,PRIVATE_NP,5.0,15.0,27936.0,4077.0,1867.0,0.14594072164948454,0.457934755948001,690.0,720.0,750.0,700.0,730.0,760.0,31.0,32.0,33.0,-1.7668000808059914,,
97eebdeaed8416c5c4b1931a,Brown University,REJECT,UNKNOWN,,,,,4.0,,,,,,False,REGEX,0.2,True,217156.0,EXACT,2023.0,Brown University,PRIVATE_NP,1.0,15.0,51316.0,2686.0,1695.0,0.052342349364720556,0.6310498883097543,740.0,760.0,770.0,760.0,780.0,800.0,34.0,35.0,35.0,-2.8961875263146486,,
97eebdeaed8416c5c4b1931a,Fordham,REJECT,UNKNOWN,,,,,4.0,,,,,,False,REGEX,0.2,True,191241.0,EXACT,2023.0,Fordham University,PRIVATE_NP,2.0,16.0,43663.0,24573.0,2426.0,0.5627877149989694,0.09872624425182111,670.0,700.0,730.0,660.0,700.0,760.0,30.0,32.0,33.0,0.25248364146391855,,
97eebdeaed8416c5c4b1931a,University of Alabama,REJECT,UNKNOWN,,,,,4.0,,,,,,False,REGEX,0.2,True,100751.0,EXACT,2023.0,The University of Alabama,PUBLIC,5.0,15.0,58418.0,44295.0,8279.0,0.75824232257181,0.18690597132859238,590.0,640.0,700.0,580.0,640.0,700.0,24.0,27.0,31.0,1.1430671297770687,,
97eebdeaed8416c5c4b1931a,Princeton,ACCEPT,UNKNOWN,,,,,4.0,,,,,,False,REGEX,0.2,True,186131.0,EXACT,2023.0,Princeton University,PRIVATE_NP,2.0,15.0,39644.0,1782.0,1366.0,0.04495005549389567,0.7665544332210998,740.0,760.0,780.0,760.0,780.0,800.0,34.0,34.0,35.0,-3.0562116415391007,,
97eebdeaed8416c5c4b1931a,MIT,REJECT,UNKNOWN,,,,,4.0,,,,,,False,REGEX,0.2,True,166683.0,EXACT,2023.0,Massachusetts Institute of Technology,PRIVATE_NP,1.0,15.0,26904.0,1274.0,1091.0,0.04735355337496283,0.8563579277864992,730.0,760.0,780.0,780.0,790.0,800.0,34.0,35.0,36.0,-3.001601983226008,,
97eebdeaed8416c5c4b1931a,Stanford,REJECT,UNKNOWN,,,,,4.0,,,,,,False,REGEX,0.2,True,243744.0,EXACT,2023.0,Stanford University,PRIVATE_NP,8.0,15.0,53733.0,2099.0,1699.0,0.03906351776375784,0.8094330633635064,740.0,760.0,780.0,770.0,790.0,800.0,34.0,35.0,35.0,-3.202719329388706,,
97eebdeaed8416c5c4b1931a,UPenn,REJECT,UNKNOWN,,,,,4.0,,,,,,False,REGEX,0.2,True,215062.0,EXACT,2023.0,University of Pennsylvania,PRIVATE_NP,2.0,15.0,59465.0,3489.0,2416.0,0.05867316909106197,0.6924620235024362,730.0,750.0,770.0,770.0,790.0,800.0,34.0,35.0,35.0,-2.7753078652389584,,
97eebdeaed8416c5c4b1931a,Kentucky State University,ACCEPT,UNKNOWN,,,,,4.0,,,,,,False,REGEX,0.2,True,157058.0,EXACT,2023.0,Kentucky State University,PUBLIC,5.0,22.0,2001.0,1852.0,345.0,0.9255372313843079,0.18628509719222464,420.0,460.0,500.0,400.0,450.0,510.0,14.0,16.0,20.0,2.520075109260666,,
d11aa19a4a3e813c7474e917,Amherst,WAITLIST,UNKNOWN,3.8,4.98,,,12.0,,,,,,False,REGEX,0.4,True,164465.0,EXACT,2023.0,Amherst College,PRIVATE_NP,1.0,21.0,12727.0,1250.0,488.0,0.09821639035122182,0.3904,690.0,740.0,770.0,670.0,760.0,780.0,31.0,33.0,35.0,-2.2172014813843215,,
d11aa19a4a3e813c7474e917,Harvard,REJECT,UNKNOWN,3.8,4.98,,,12.0,,,,,,False,REGEX,0.4,True,166027.0,EXACT,2023.0,Harvard University,PRIVATE_NP,1.0,15.0,56937.0,1965.0,1645.0,0.03451182886348069,0.8371501272264631,740.0,760.0,780.0,760.0,790.0,800.0,34.0,35.0,36.0,-3.3313317193713807,,
d11aa19a4a3e813c7474e917,Princeton,WAITLIST,UNKNOWN,3.8,4.98,,,12.0,,,,,,False,REGEX,0.4,True,186131.0,EXACT,2023.0,Princeton University,PRIVATE_NP,2.0,15.0,39644.0,1782.0,1366.0,0.04495005549389567,0.7665544332210998,740.0,760.0,780.0,760.0,780.0,800.0,34.0,34.0,35.0,-3.0562116415391007,,
d11aa19a4a3e813c7474e917,Colombia,REJECT,UNKNOWN,3.8,4.98,,,12.0,,,,,,False,REGEX,0.4,True,,UNRESOLVED,,,,,,,,,,,,,,,,,,,,,,
d11aa19a4a3e813c7474e917,UPenn,WAITLIST,UNKNOWN,3.8,4.98,,,12.0,,,,,,False,REGEX,0.4,True,215062.0,EXACT,2023.0,University of Pennsylvania,PRIVATE_NP,2.0,15.0,59465.0,3489.0,2416.0,0.05867316909106197,0.6924620235024362,730.0,750.0,770.0,770.0,790.0,800.0,34.0,35.0,35.0,-2.7753078652389584,,
d11aa19a4a3e813c7474e917,MIT,WAITLIST,UNKNOWN,3.8,4.98,,,12.0,,,,,,False,REGEX,0.4,True,166683.0,EXACT,2023.0,Massachusetts Institute of Technology,PRIVATE_NP,1.0,15.0,26904.0,1274.0,1091.0,0.04735355337496283,0.8563579277864992,730.0,760.0,780.0,780.0,790.0,800.0,34.0,35.0,36.0,-3.001601983226008,,
d11aa19a4a3e813c7474e917,Bowdoin,REJECT,UNKNOWN,3.8,4.98,,,12.0,,,,,,False,REGEX,0.4,True,161004.0,EXACT,2023.0,Bowdoin College,PRIVATE_NP,1.0,21.0,10966.0,879.0,504.0,0.08015684844063468,0.5733788395904437,730.0,750.0,760.0,750.0,760.0,790.0,33.0,34.0,35.0,-2.4402178473696585,,
d11aa19a4a3e813c7474e917,Duke,ACCEPT,UNKNOWN,3.8,4.98,,,12.0,,,,,,False,REGEX,0.4,True,198419.0,EXACT,2023.0,Duke University,PRIVATE_NP,5.0,15.0,46365.0,3145.0,1742.0,0.06783133829397174,0.5538950715421304,740.0,760.0,770.0,770.0,790.0,800.0,34.0,34.0,35.0,-2.6204894609263363,,
d11aa19a4a3e813c7474e917,Rice,REJECT,UNKNOWN,3.8,4.98,,,12.0,,,,,,False,REGEX,0.4,True,227757.0,EXACT,2023.0,Rice University,PRIVATE_NP,6.0,15.0,31059.0,2447.0,1125.0,0.0787855372033871,0.45974662852472414,730.0,760.0,770.0,770.0,790.0,800.0,34.0,35.0,36.0,-2.458963425785603,,
d11aa19a4a3e813c7474e917,Stanford,REJECT,UNKNOWN,3.8,4.98,,,12.0,,,,,,False,REGEX,0.4,True,243744.0,EXACT,2023.0,Stanford University,PRIVATE_NP,8.0,15.0,53733.0,2099.0,1699.0,0.03906351776375784,0.8094330633635064,740.0,760.0,780.0,770.0,790.0,800.0,34.0,35.0,35.0,-3.202719329388706,,
d11aa19a4a3e813c7474e917,University of Notre dame,REJECT,UNKNOWN,3.8,4.98,,,12.0,,,,,,False,REGEX,0.4,True,152080.0,EXACT,2023.0,University of Notre Dame,PRIVATE_NP,3.0,15.0,28353.0,3510.0,2075.0,0.12379642365887207,0.5911680911680912,710.0,740.0,760.0,730.0,760.0,780.0,33.0,34.0,35.0,-1.9569599852418982,,
d11aa19a4a3e813c7474e917,Uchicago,REJECT,UNKNOWN,3.8,4.98,,,12.0,,,,,,False,REGEX,0.4,True,144050.0,EXACT,2023.0,University of Chicago,PRIVATE_NP,3.0,15.0,38631.0,1849.0,1626.0,0.04786311511480417,0.879394267171444,740.0,760.0,770.0,770.0,790.0,800.0,34.0,35.0,35.0,-2.9903636426718014,,
ab7e5dcc895130e793858d4c,waitlisted,REJECT,UNKNOWN,,,,,,,,,,,False,REGEX_PARTIAL,0.2,True,,UNRESOLVED,,,,,,,,,,,,,,,,,,,,,,
b5701d9ca7e47088ad1fad7e,Rutgers University,ACCEPT,UNKNOWN,,,,,,,,,,,False,REGEX,0.2,True,186380.0,EXACT,2023.0,Rutgers University-New Brunswick,PUBLIC,2.0,15.0,43347.0,28326.0,7681.0,0.6534708284310333,0.2711643013485843,630.0,680.0,720.0,640.0,700.0,760.0,28.0,31.0,33.0,0.6343308887762874,,
b5701d9ca7e47088ad1fad7e,Texas A&M University,ACCEPT,UNKNOWN,,,,,,,,,,,False,REGEX,0.2,True,228723.0,EXACT,2023.0,Texas A & M University-College Station,PUBLIC,6.0,15.0,50832.0,32149.0,13753.0,0.6324559332703809,0.4277893558120004,570.0,630.0,680.0,570.0,630.0,700.0,25.0,28.0,31.0,0.5427673265231154,,
b5701d9ca7e47088ad1fad7e,University Park,ACCEPT,UNKNOWN,,,,,,,,,,,False,REGEX,0.2,True,178721.0,EXACT,,,,,,,,,,,,,,,,,,,,,,
b5701d9ca7e47088ad1fad7e,University of Colorado Boulder,ACCEPT,UNKNOWN,,,,,,,,,,,False,REGEX,0.2,True,126614.0,EXACT,2023.0,University of Colorado Boulder,PUBLIC,7.0,15.0,56069.0,46692.0,7546.0,0.8327596354491786,0.1616122676261458,620.0,670.0,700.0,610.0,660.0,720.0,28.0,31.0,33.0,1.6053129613529282,,
b5701d9ca7e47088ad1fad7e,Madison,DEFER,UNKNOWN,,,,,,,,,,,False,REGEX,0.2,True,232423.0,FUZZY,2023.0,James Madison University,PUBLIC,5.0,16.0,35750.0,27258.0,4922.0,0.7624615384615384,0.18057084158779074,600.0,630.0,670.0,570.0,610.0,650.0,25.0,27.0,29.0,1.1662225121643113,,
b5701d9ca7e47088ad1fad7e,Ann Harbor,DEFER,UNKNOWN,,,,,,,,,,,False,REGEX,0.2,True,,UNRESOLVED,,,,,,,,,,,,,,,,,,,,,,
b5701d9ca7e47088ad1fad7e,UT Austin,DEFER,UNKNOWN,,,,,,,,,,,False,REGEX,0.2,True,228778.0,EXACT,2023.0,The University of Texas at Austin,PUBLIC,6.0,15.0,66109.0,19253.0,9385.0,0.29123114855768506,0.4874565002856698,620.0,680.0,730.0,610.0,690.0,760.0,27.0,31.0,33.0,-0.8894121760402826,,
b5701d9ca7e47088ad1fad7e,Amherst,WAITLIST,UNKNOWN,,,,,,,,,,,False,REGEX,0.2,True,164465.0,EXACT,2023.0,Amherst College,PRIVATE_NP,1.0,21.0,12727.0,1250.0,488.0,0.09821639035122182,0.3904,690.0,740.0,770.0,670.0,760.0,780.0,31.0,33.0,35.0,-2.2172014813843215,,
b5701d9ca7e47088ad1fad7e,University of Illinois Urbana-Champaign,REJECT,UNKNOWN,,,,,,,,,,,False,REGEX,0.2,True,145637.0,EXACT,2023.0,University of Illinois Urbana-Champaign,PUBLIC,3.0,15.0,67398.0,29446.0,8325.0,0.436897237306745,0.28272091285743395,630.0,690.0,730.0,640.0,720.0,780.0,29.0,32.0,34.0,-0.25376412593204345,,
b5701d9ca7e47088ad1fad7e,Duke University,REJECT,UNKNOWN,,,,,,,,,,,False,REGEX,0.2,True,198419.0,EXACT,2023.0,Duke University,PRIVATE_NP,5.0,15.0,46365.0,3145.0,1742.0,0.06783133829397174,0.5538950715421304,740.0,760.0,770.0,770.0,790.0,800.0,34.0,34.0,35.0,-2.6204894609263363,,
b5701d9ca7e47088ad1fad7e,University of Washington- Seattle,REJECT,UNKNOWN,,,,,,,,,,,False,REGEX,0.2,True,236948.0,EXACT,2023.0,University of Washington-Seattle Campus,PUBLIC,8.0,15.0,62428.0,26552.0,7011.0,0.4253219709104889,0.2640479059957819,,,,,,,,,,-0.300963473838083,,
b5701d9ca7e47088ad1fad7e,Virginia Tech,ACCEPT,UNKNOWN,,,,,,,,,,,False,REGEX,0.2,True,237905.0,FUZZY,,,,,,,,,,,,,,,,,,,,,,
b5701d9ca7e47088ad1fad7e,Northwestern University,REJECT,UNKNOWN,,,,,,,,,,,False,REGEX,0.2,True,147767.0,EXACT,2023.0,Northwestern University,PRIVATE_NP,3.0,15.0,51769.0,3703.0,2111.0,0.07152929359269061,0.5700783148798272,730.0,750.0,770.0,760.0,780.0,790.0,33.0,34.0,35.0,-2.5634317645295592,,
b5701d9ca7e47088ad1fad7e,Johns Hopkins University,REJECT,UNKNOWN,,,,,,,,,,,False,REGEX,0.2,True,162928.0,EXACT,2023.0,Johns Hopkins University,PRIVATE_NP,2.0,15.0,38926.0,2943.0,1418.0,0.07560499409135282,0.4818212708120965,750.0,760.0,780.0,780.0,790.0,800.0,34.0,35.0,35.0,-2.503617135450525,,
b5701d9ca7e47088ad1fad7e,Cornell University,REJECT,UNKNOWN,,,,,,,,,,,False,REGEX,0.2,True,190415.0,EXACT,2023.0,Cornell University,PRIVATE_NP,2.0,15.0,65635.0,5358.0,3537.0,0.08163327492953455,0.6601343784994401,720.0,740.0,770.0,760.0,780.0,790.0,33.0,34.0,35.0,-2.4203598336469243,,
b5701d9ca7e47088ad1fad7e,Vanderbilt University,REJECT,UNKNOWN,,,,,,,,,,,False,REGEX,0.2,True,221999.0,EXACT,2023.0,Vanderbilt University,PRIVATE_NP,5.0,15.0,45313.0,2844.0,1622.0,0.06276344536887869,0.570323488045007,740.0,760.0,770.0,770.0,780.0,790.0,34.0,35.0,35.0,-2.7035628860744794,,
17d3a229d75d087167118423,- Princeton,DEFER,UNKNOWN,,,,,56.0,,,,,,False,REGEX_PARTIAL,0.2,True,186131.0,EXACT,2023.0,Princeton University,PRIVATE_NP,2.0,15.0,39644.0,1782.0,1366.0,0.04495005549389567,0.7665544332210998,740.0,760.0,780.0,760.0,780.0,800.0,34.0,34.0,35.0,-3.0562116415391007,,
ebcf0ca549495751bdee332b,UMich,ACCEPT,UNKNOWN,,,,,,,,,,,False,REGEX,0.2,True,170976.0,EXACT,2023.0,University of Michigan-Ann Arbor,PUBLIC,3.0,15.0,87632.0,15722.0,7466.0,0.17940934818331203,0.4748759699783743,670.0,720.0,750.0,680.0,750.0,780.0,31.0,33.0,34.0,-1.520354331742838,,
ebcf0ca549495751bdee332b,MIT,DEFER,UNKNOWN,,,,,,,,,,,False,REGEX,0.2,True,166683.0,EXACT,2023.0,Massachusetts Institute of Technology,PRIVATE_NP,1.0,15.0,26904.0,1274.0,1091.0,0.04735355337496283,0.8563579277864992,730.0,760.0,780.0,780.0,790.0,800.0,34.0,35.0,36.0,-3.001601983226008,,
ebcf0ca549495751bdee332b,Purdue,DEFER,UNKNOWN,,,,,,,,,,,False,REGEX,0.2,True,243780.0,EXACT,2023.0,Purdue University-Main Campus,PUBLIC,3.0,15.0,73083.0,36763.0,9381.0,0.503030800596582,0.25517504012186165,590.0,650.0,710.0,600.0,670.0,750.0,27.0,31.0,34.0,0.012123350870579806,,
ebcf0ca549495751bdee332b,Vanderbilt,REJECT,UNKNOWN,,,,,,,,,,,False,REGEX,0.2,True,221999.0,EXACT,2023.0,Vanderbilt University,PRIVATE_NP,5.0,15.0,45313.0,2844.0,1622.0,0.06276344536887869,0.570323488045007,740.0,760.0,770.0,770.0,780.0,790.0,34.0,35.0,35.0,-2.7035628860744794,,
ebcf0ca549495751bdee332b,Northwestern,REJECT,UNKNOWN,,,,,,,,,,,False,REGEX,0.2,True,147767.0,EXACT,2023.0,Northwestern University,PRIVATE_NP,3.0,15.0,51769.0,3703.0,2111.0,0.07152929359269061,0.5700783148798272,730.0,750.0,770.0,760.0,780.0,790.0,33.0,34.0,35.0,-2.5634317645295592,,
ebcf0ca549495751bdee332b,Rice,WAITLIST,UNKNOWN,,,,,,,,,,,False,REGEX,0.2,True,227757.0,EXACT,2023.0,Rice University,PRIVATE_NP,6.0,15.0,31059.0,2447.0,1125.0,0.0787855372033871,0.45974662852472414,730.0,760.0,770.0,770.0,790.0,800.0,34.0,35.0,36.0,-2.458963425785603,,
ebcf0ca549495751bdee332b,UK,ACCEPT,UNKNOWN,,,,,,,,,,,False,REGEX,0.2,True,,UNRESOLVED,,,,,,,,,,,,,,,,,,,,,,
ebcf0ca549495751bdee332b,UCinci,ACCEPT,UNKNOWN,,,,,,,,,,,False,REGEX,0.2,True,,UNRESOLVED,,,,,,,,,,,,,,,,,,,,,,
ebcf0ca549495751bdee332b,Penn State,ACCEPT,UNKNOWN,,,,,,,,,,,False,REGEX,0.2,True,214591.0,FUZZY,2023.0,Pennsylvania State University-Penn State Erie-Behrend College,PUBLIC,2.0,-2.0,4827.0,4620.0,866.0,0.9571162212554382,0.18744588744588744,560.0,610.0,660.0,550.0,600.0,660.0,23.0,26.0,28.0,3.1054311908104153,,
ebcf0ca549495751bdee332b,UW Seattle,ACCEPT,UNKNOWN,,,,,,,,,,,False,REGEX,0.2,True,236595.0,FUZZY,2023.0,Seattle University,PRIVATE_NP,8.0,17.0,8976.0,6826.0,1049.0,0.7604723707664884,0.15367711690594785,570.0,630.0,670.0,560.0,630.0,680.0,23.0,27.0,30.0,1.155271008344944,,
ebcf0ca549495751bdee332b,UT Austin,REJECT,UNKNOWN,,,,,,,,,,,False,REGEX,0.2,True,228778.0,EXACT,2023.0,The University of Texas at Austin,PUBLIC,6.0,15.0,66109.0,19253.0,9385.0,0.29123114855768506,0.4874565002856698,620.0,680.0,730.0,610.0,690.0,760.0,27.0,31.0,33.0,-0.8894121760402826,,
ebcf0ca549495751bdee332b,Ohio State,ACCEPT,UNKNOWN,,,,,,,,,,,False,REGEX,0.2,True,204662.0,FUZZY,,,,,,,,,,,,,,,,,,,,,,
ebcf0ca549495751bdee332b,Georgia Tech,DEFER,UNKNOWN,,,,,,,,,,,False,REGEX,0.2,True,139755.0,EXACT,2023.0,Georgia Institute of Technology-Main Campus,PUBLIC,5.0,15.0,52377.0,8622.0,3763.0,0.1646142390744029,0.43644166086754815,650.0,700.0,740.0,680.0,750.0,790.0,28.0,32.0,34.0,-1.6242888156628517,,
32b1e5563bb58d5d4670a341,CMC,REJECT,UNKNOWN,4.0,4.75,1480.0,,4.0,,,,,,False,REGEX,0.6,False,,UNRESOLVED,,,,,,,,,,,,,,,,,,,,,,
32b1e5563bb58d5d4670a341,UVA,REJECT,UNKNOWN,4.0,4.75,1480.0,,4.0,,,,,,False,REGEX,0.6,False,234076.0,EXACT,2023.0,University of Virginia-Main Campus,PUBLIC,5.0,15.0,56528.0,9533.0,3966.0,0.16864208887630908,0.41602853246617016,700.0,730.0,750.0,710.0,760.0,780.0,32.0,33.0,34.0,-1.5952817495608238,-10.0,
32b1e5563bb58d5d4670a341,SMU,ACCEPT,UNKNOWN,4.0,4.75,1480.0,,4.0,,,,,,False,REGEX,0.6,False,,UNRESOLVED,,,,,,,,,,,,,,,,,,,,,,
32b1e5563bb58d5d4670a341,Fordham,ACCEPT,UNKNOWN,4.0,4.75,1480.0,,4.0,,,,,,False,REGEX,0.6,False,191241.0,EXACT,2023.0,Fordham University,PRIVATE_NP,2.0,16.0,43663.0,24573.0,2426.0,0.5627877149989694,0.09872624425182111,670.0,700.0,730.0,660.0,700.0,760.0,30.0,32.0,33.0,0.25248364146391855,80.0,
32b1e5563bb58d5d4670a341,University of Richmond,ACCEPT,UNKNOWN,4.0,4.75,1480.0,,4.0,,,,,,False,REGEX,0.6,False,233374.0,EXACT,2023.0,University of Richmond,PRIVATE_NP,5.0,21.0,15121.0,3525.0,833.0,0.2331195026783943,0.23631205673758865,690.0,720.0,750.0,720.0,750.0,780.0,32.0,33.0,34.0,-1.190779774795177,10.0,
32b1e5563bb58d5d4670a341,IU Kelley,ACCEPT,UNKNOWN,4.0,4.75,1480.0,,4.0,,,,,,False,REGEX,0.6,False,,UNRESOLVED,,,,,,,,,,,,,,,,,,,,,,
32b1e5563bb58d5d4670a341,Northeastern,ACCEPT,UNKNOWN,4.0,4.75,1480.0,,4.0,,,,,,False,REGEX,0.6,False,167358.0,EXACT,2023.0,Northeastern University,PRIVATE_NP,1.0,15.0,96631.0,5459.0,2744.0,0.056493257857209385,0.502656164132625,710.0,730.0,760.0,750.0,770.0,790.0,33.0,34.0,35.0,-2.8154822095972705,-20.0,
32b1e5563bb58d5d4670a341,Notre Dame,REJECT,UNKNOWN,4.0,4.75,1480.0,,4.0,,,,,,False,REGEX,0.6,False,152080.0,EXACT,2023.0,University of Notre Dame,PRIVATE_NP,3.0,15.0,28353.0,3510.0,2075.0,0.12379642365887207,0.5911680911680912,710.0,740.0,760.0,730.0,760.0,780.0,33.0,34.0,35.0,-1.9569599852418982,-20.0,
32b1e5563bb58d5d4670a341,WashU,REJECT,UNKNOWN,4.0,4.75,1480.0,,4.0,,,,,,False,REGEX,0.6,False,179867.0,EXACT,2023.0,Washington University in St Louis,PRIVATE_NP,4.0,15.0,32240.0,3855.0,1828.0,0.11957196029776675,0.474189364461738,730.0,750.0,770.0,770.0,790.0,800.0,33.0,34.0,35.0,-1.9964898296073967,-60.0,
32b1e5563bb58d5d4670a341,BC,WAITLIST,UNKNOWN,4.0,4.75,1480.0,,4.0,,,,,,False,REGEX,0.6,False,,UNRESOLVED,,,,,,,,,,,,,,,,,,,,,,
32b1e5563bb58d5d4670a341,Lehigh,ACCEPT,UNKNOWN,4.0,4.75,1480.0,,4.0,,,,,,False,REGEX,0.6,False,213543.0,EXACT,2023.0,Lehigh University,PRIVATE_NP,2.0,16.0,18415.0,5389.0,1531.0,0.29264186804235676,0.28409723510855445,670.0,710.0,730.0,680.0,720.0,760.0,31.0,32.0,33.0,-0.8825875211728501,50.0,
32b1e5563bb58d5d4670a341,USD,ACCEPT,UNKNOWN,4.0,4.75,1480.0,,4.0,,,,,,False,REGEX,0.6,False,382258.0,FUZZY,,,,,,,,,,,,,,,,,,,,,,
32b1e5563bb58d5d4670a341,Kenyon,ACCEPT,UNKNOWN,4.0,4.75,1480.0,,4.0,,,,,,False,REGEX,0.6,False,203535.0,EXACT,2023.0,Kenyon College,PRIVATE_NP,3.0,21.0,8218.0,2524.0,455.0,0.30713068873205157,0.18026941362916007,690.0,720.0,750.0,670.0,720.0,750.0,31.0,32.0,34.0,-0.8135680441768793,40.0,
32b1e5563bb58d5d4670a341,UCLA,ACCEPT,UNKNOWN,4.0,4.75,1480.0,,4.0,,,,,,False,REGEX,0.6,False,110662.0,EXACT,2023.0,University of California-Los Angeles,PUBLIC,8.0,15.0,145903.0,12736.0,6585.0,0.08729087133232354,0.5170383165829145,,,,,,,,,,-2.347171350561971,,
32b1e5563bb58d5d4670a341,UCSB,ACCEPT,UNKNOWN,4.0,4.75,1480.0,,4.0,,,,,,False,REGEX,0.6,False,110705.0,EXACT,2023.0,University of California-Santa Barbara,PUBLIC,8.0,15.0,110871.0,30804.0,5043.0,0.2778364044700598,0.16371250486949745,,,,,,,,,,-0.9552192324894392,,
32b1e5563bb58d5d4670a341,UC Berkeley,ACCEPT,UNKNOWN,4.0,4.75,1480.0,,4.0,,,,,,False,REGEX,0.6,False,110635.0,EXACT,2023.0,University of California-Berkeley,PUBLIC,8.0,15.0,125910.0,14677.0,6641.0,0.11656738940513064,0.4524766641684268,,,,,,,,,,-2.025345457752041,,
bb011092e3015ef004bc357e,Purdue,DEFER,UNKNOWN,,,,,12.0,,,,,,False,REGEX_PARTIAL,0.2,True,243780.0,EXACT,2023.0,Purdue University-Main Campus,PUBLIC,3.0,15.0,73083.0,36763.0,9381.0,0.503030800596582,0.25517504012186165,590.0,650.0,710.0,600.0,670.0,750.0,27.0,31.0,34.0,0.012123350870579806,,
fb43c87a8e679e024fe95e47,NYU,ACCEPT,UNKNOWN,,,1530.0,,15.0,,,,,,False,REGEX,0.4,True,193900.0,EXACT,2023.0,New York University,PRIVATE_NP,2.0,15.0,113578.0,10693.0,5818.0,0.09414675377273768,0.5440942672776583,720.0,750.0,770.0,760.0,780.0,800.0,33.0,34.0,35.0,-2.264022537844875,0.0,
fb43c87a8e679e024fe95e47,USC,ACCEPT,UNKNOWN,,,1530.0,,15.0,,,,,,False,REGEX,0.4,True,123961.0,EXACT,2023.0,University of Southern California,PRIVATE_NP,8.0,15.0,80808.0,8094.0,3633.0,0.10016335016335016,0.44885100074128986,700.0,730.0,760.0,740.0,780.0,790.0,32.0,33.0,35.0,-2.1954108917607313,20.0,
fb43c87a8e679e024fe95e47,IU Bloomington,ACCEPT,UNKNOWN,,,1530.0,,15.0,,,,,,False,REGEX,0.4,True,,UNRESOLVED,,,,,,,,,,,,,,,,,,,,,,
fb43c87a8e679e024fe95e47,University of Richmond,ACCEPT,UNKNOWN,,,1530.0,,15.0,,,,,,False,REGEX,0.4,True,233374.0,EXACT,2023.0,University of Richmond,PRIVATE_NP,5.0,21.0,15121.0,3525.0,833.0,0.2331195026783943,0.23631205673758865,690.0,720.0,750.0,720.0,750.0,780.0,32.0,33.0,34.0,-1.190779774795177,60.0,
fb43c87a8e679e024fe95e47,Middlebury,ACCEPT,UNKNOWN,,,1530.0,,15.0,,,,,,False,REGEX,0.4,True,230959.0,EXACT,2023.0,Middlebury College,PRIVATE_NP,1.0,21.0,13297.0,1379.0,615.0,0.10370760321877115,0.4459753444525018,720.0,740.0,770.0,710.0,750.0,780.0,33.0,34.0,34.0,-2.1566912635136224,40.0,
fb43c87a8e679e024fe95e47,Claremont McKenna,ACCEPT,UNKNOWN,,,1530.0,,15.0,,,,,,False,REGEX,0.4,True,112260.0,EXACT,2023.0,Claremont McKenna College,PRIVATE_NP,8.0,21.0,5799.0,645.0,321.0,0.11122607346094154,0.49767441860465117,710.0,740.0,770.0,740.0,770.0,790.0,33.0,34.0,35.0,-2.078278074416538,20.0,
fb43c87a8e679e024fe95e47,UW Seattle,ACCEPT,UNKNOWN,,,1530.0,,15.0,,,,,,False,REGEX,0.4,True,236595.0,FUZZY,2023.0,Seattle University,PRIVATE_NP,8.0,17.0,8976.0,6826.0,1049.0,0.7604723707664884,0.15367711690594785,570.0,630.0,670.0,560.0,630.0,680.0,23.0,27.0,30.0,1.155271008344944,270.0,
fb43c87a8e679e024fe95e47,UC Davis,ACCEPT,UNKNOWN,,,1530.0,,15.0,,,,,,False,REGEX,0.4,True,110644.0,EXACT,2023.0,University of California-Davis,PUBLIC,8.0,15.0,94637.0,39400.0,6578.0,0.416327651975443,0.16695431472081218,,,,,,,,,,-0.33786720229032297,,
fb43c87a8e679e024fe95e47,UC Merced,ACCEPT,UNKNOWN,,,1530.0,,15.0,,,,,,False,REGEX,0.4,True,118718.0,FUZZY,,,,,,,,,,,,,,,,,,,,,,
fb43c87a8e679e024fe95e47,UCSC,ACCEPT,UNKNOWN,,,1530.0,,15.0,,,,,,False,REGEX,0.4,True,,UNRESOLVED,,,,,,,,,,,,,,,,,,,,,,
fb43c87a8e679e024fe95e47,UCSB,ACCEPT,UNKNOWN,,,1530.0,,15.0,,,,,,False,REGEX,0.4,True,110705.0,EXACT,2023.0,University of California-Santa Barbara,PUBLIC,8.0,15.0,110871.0,30804.0,5043.0,0.2778364044700598,0.16371250486949745,,,,,,,,,,-0.9552192324894392,,
fb43c87a8e679e024fe95e47,UCR,ACCEPT,UNKNOWN,,,1530.0,,15.0,,,,,,False,REGEX,0.4,True,,UNRESOLVED,,,,,,,,,,,,,,,,,,,,,,
fb43c87a8e679e024fe95e47,UCI,ACCEPT,UNKNOWN,,,1530.0,,15.0,,,,,,False,REGEX,0.4,True,,UNRESOLVED,,,,,,,,,,,,,,,,,,,,,,
fb43c87a8e679e024fe95e47,UCSD,ACCEPT,UNKNOWN,,,1530.0,,15.0,,,,,,False,REGEX,0.4,True,110680.0,EXACT,2023.0,University of California-San Diego,PUBLIC,8.0,15.0,130771.0,32062.0,7005.0,0.2451766829037019,0.21848293930509638,,,,,,,,,,-1.1245045994251517,,
fb43c87a8e679e024fe95e47,Western WA University,ACCEPT,UNKNOWN,,,1530.0,,15.0,,,,,,False,REGEX,0.4,True,,UNRESOLVED,,,,,,,,,,,,,,,,,,,,,,
fe0b83b4e437e2691246be3f,Florida Atlantic University,ACCEPT,UNKNOWN,,,,,,,,,,,False,REGEX,0.2,True,133669.0,EXACT,2023.0,Florida Atlantic University,PUBLIC,5.0,16.0,27612.0,20279.0,4417.0,0.7344270606982471,0.21781152916810492,530.0,570.0,620.0,510.0,540.0,590.0,20.0,23.0,26.0,1.0172011587308643,,
fe0b83b4e437e2691246be3f,Uni. of North Florida,ACCEPT,UNKNOWN,,,,,,,,,,,False,REGEX,0.2,True,134130.0,FUZZY,2023.0,University of Florida,PUBLIC,5.0,15.0,65375.0,15707.0,6762.0,0.2402600382409178,0.43050869039281847,650.0,690.0,730.0,650.0,700.0,750.0,28.0,31.0,33.0,-1.1512543896937004,,
fe0b83b4e437e2691246be3f,Temple University,ACCEPT,UNKNOWN,,,,,,,,,,,False,REGEX,0.2,True,216339.0,EXACT,2023.0,Temple University,PUBLIC,2.0,15.0,36399.0,30181.0,3763.0,0.8291711310750295,0.12468109075246016,,,,,,,,,,1.5797642756803805,,
fe0b83b4e437e2691246be3f,Drexel University,ACCEPT,UNKNOWN,,,,,,,,,,,False,REGEX,0.2,True,212054.0,EXACT,2023.0,Drexel University,PRIVATE_NP,2.0,15.0,40204.0,31171.0,2883.0,0.7753208635956621,0.09248981425042507,610.0,660.0,700.0,620.0,670.0,730.0,27.0,30.0,33.0,1.238603637227172,,
fe0b83b4e437e2691246be3f,The New School,ACCEPT,UNKNOWN,,,,,,,,,,,False,REGEX,0.2,True,193654.0,EXACT,2023.0,The New School,PRIVATE_NP,2.0,16.0,9148.0,5719.0,1470.0,0.625163970266725,0.25703794369645044,,,,,,,,,,0.511525291452396,,
fe0b83b4e437e2691246be3f,Muhlenberg College,ACCEPT,UNKNOWN,,,,,,,,,,,False,REGEX,0.2,True,214175.0,EXACT,2023.0,Muhlenberg College,PRIVATE_NP,2.0,21.0,4348.0,2783.0,427.0,0.640064397424103,0.15343154868846567,630.0,670.0,710.0,600.0,640.0,690.0,28.0,30.0,31.0,0.5756436585516372,,
fe0b83b4e437e2691246be3f,Bucknell University,ACCEPT,UNKNOWN,,,,,,,,,,,False,REGEX,0.2,True,211291.0,EXACT,2023.0,Bucknell University,PRIVATE_NP,2.0,21.0,11010.0,3524.0,1030.0,0.3200726612170754,0.2922814982973893,640.0,680.0,710.0,660.0,690.0,740.0,31.0,32.0,33.0,-0.753437901408304,,
fe0b83b4e437e2691246be3f,Clark University,ACCEPT,UNKNOWN,,,,,,,,,,,False,REGEX,0.2,True,165334.0,EXACT,2023.0,Clark University,PRIVATE_NP,1.0,16.0,10730.0,4471.0,629.0,0.41668219944082013,0.14068441064638784,640.0,680.0,710.0,600.0,640.0,690.0,30.0,31.0,33.0,-0.33640833069072085,,
fe0b83b4e437e2691246be3f,Lafayette,WAITLIST,UNKNOWN,,,,,,,,,,,False,REGEX,0.2,True,213385.0,EXACT,2023.0,Lafayette College,PRIVATE_NP,2.0,21.0,9874.0,3107.0,697.0,0.3146647761798663,0.2243321532024461,670.0,700.0,730.0,670.0,710.0,760.0,30.0,32.0,33.0,-0.7784002268391781,,
fe0b83b4e437e2691246be3f,Fordham,WAITLIST,UNKNOWN,,,,,,,,,,,False,REGEX,0.2,True,191241.0,EXACT,2023.0,Fordham University,PRIVATE_NP,2.0,16.0,43663.0,24573.0,2426.0,0.5627877149989694,0.09872624425182111,670.0,700.0,730.0,660.0,700.0,760.0,30.0,32.0,33.0,0.25248364146391855,,
fe0b83b4e437e2691246be3f,Bard College,WAITLIST,UNKNOWN,,,,,,,,,,,False,REGEX,0.2,True,189088.0,EXACT,2023.0,Bard College,PRIVATE_NP,2.0,21.0,6628.0,3466.0,402.0,0.5229330114665057,0.11598384304673975,670.0,710.0,740.0,620.0,660.0,700.0,30.0,31.0,32.0,0.09179645250613411,,
fe0b83b4e437e2691246be3f,Skidmore College,WAITLIST,UNKNOWN,,,,,,,,,,,False,REGEX,0.2,True,195526.0,EXACT,2023.0,Skidmore College,PRIVATE_NP,2.0,21.0,12144.0,2784.0,735.0,0.22924901185770752,0.2640086206896552,660.0,690.0,730.0,640.0,680.0,730.0,30.0,32.0,33.0,-1.2125565480173275,,
fe0b83b4e437e2691246be3f,Lehigh University,REJECT,UNKNOWN,,,,,,,,,,,False,REGEX,0.2,True,213543.0,EXACT,2023.0,Lehigh University,PRIVATE_NP,2.0,16.0,18415.0,5389.0,1531.0,0.29264186804235676,0.28409723510855445,670.0,710.0,730.0,680.0,720.0,760.0,31.0,32.0,33.0,-0.8825875211728501,,
fe0b83b4e437e2691246be3f,Hamilton College,REJECT,UNKNOWN,,,,,,,,,,,False,REGEX,0.2,True,191515.0,EXACT,2023.0,Hamilton College,PRIVATE_NP,2.0,21.0,9643.0,1135.0,462.0,0.11770195997096339,0.40704845814977975,700.0,740.0,770.0,710.0,750.0,780.0,32.0,33.0,35.0,-2.014374246404625,,
fe0b83b4e437e2691246be3f,Williams College,REJECT,UNKNOWN,,,,,,,,,,,False,REGEX,0.2,True,168342.0,EXACT,2023.0,Williams College,PRIVATE_NP,1.0,21.0,11465.0,1145.0,541.0,0.09986916703009158,0.4724890829694323,730.0,760.0,770.0,740.0,770.0,790.0,33.0,34.0,35.0,-2.198679123047214,,
fe0b83b4e437e2691246be3f,Swarthmore College,REJECT,UNKNOWN,,,,,,,,,,,False,REGEX,0.2,True,216287.0,EXACT,2023.0,Swarthmore College,PRIVATE_NP,2.0,21.0,14287.0,992.0,415.0,0.06943375096241339,0.4183467741935484,720.0,750.0,770.0,740.0,780.0,790.0,33.0,34.0,34.0,-2.595420196392247,,
fe0b83b4e437e2691246be3f,Colgate University,REJECT,UNKNOWN,,,,,,,,,,,False,REGEX,0.2,True,190099.0,EXACT,2023.0,Colgate University,PRIVATE_NP,2.0,21.0,21130.0,2526.0,807.0,0.11954566966398486,0.3194774346793349,710.0,730.0,750.0,720.0,750.0,780.0,33.0,33.0,34.0,-1.9967395874335512,,
fe0b83b4e437e2691246be3f,Boston University,REJECT,UNKNOWN,,,,,,,,,,,False,REGEX,0.2,True,164988.0,EXACT,2023.0,Boston University,PRIVATE_NP,1.0,15.0,80495.0,8733.0,3145.0,0.10849121063420088,0.3601282491698156,680.0,710.0,740.0,720.0,760.0,780.0,32.0,33.0,34.0,-2.1062461346106094,,
fe0b83b4e437e2691246be3f,Wesleyan University,REJECT,UNKNOWN,,,,,,,,,,,False,REGEX,0.2,True,130697.0,EXACT,2023.0,Wesleyan University,PRIVATE_NP,1.0,21.0,14500.0,2479.0,782.0,0.17096551724137932,0.3154497781363453,720.0,750.0,770.0,730.0,760.0,770.0,33.0,34.0,35.0,-1.5787998672690637,,
fe0b83b4e437e2691246be3f,Vassar College,REJECT,UNKNOWN,,,,,,,,,,,False,REGEX,0.2,True,197133.0,EXACT,2023.0,Vassar College,PRIVATE_NP,2.0,21.0,12145.0,2153.0,689.0,0.17727459860024702,0.3200185787273572,720.0,750.0,770.0,715.0,760.0,780.0,33.0,34.0,35.0,-1.5349225544410505,,
fe0b83b4e437e2691246be3f,NYU,REJECT,UNKNOWN,,,,,,,,,,,False,REGEX,0.2,True,193900.0,EXACT,2023.0,New York University,PRIVATE_NP,2.0,15.0,113578.0,10693.0,5818.0,0.09414675377273768,0.5440942672776583,720.0,750.0,770.0,760.0,780.0,800.0,33.0,34.0,35.0,-2.264022537844875,,
504ed89cd5d284ccd5c5383d,Harvard,REJECT,UNKNOWN,3.94,4.71,,35.0,,,,,,,False,REGEX,0.6,False,166027.0,EXACT,2023.0,Harvard University,PRIVATE_NP,1.0,15.0,56937.0,1965.0,1645.0,0.03451182886348069,0.8371501272264631,740.0,760.0,780.0,760.0,790.0,800.0,34.0,35.0,36.0,-3.3313317193713807,,
504ed89cd5d284ccd5c5383d,Yale,REJECT,UNKNOWN,3.94,4.71,,35.0,,,,,,,False,REGEX,0.6,False,130794.0,EXACT,2023.0,Yale University,PRIVATE_NP,1.0,15.0,51803.0,2332.0,1641.0,0.045016697874640466,0.7036878216123499,740.0,760.0,780.0,760.0,780.0,800.0,33.0,34.0,35.0,-3.054660370818341,,
504ed89cd5d284ccd5c5383d,Dartmouth,WAITLIST,UNKNOWN,3.94,4.71,,35.0,,,,,,,False,REGEX,0.6,False,182670.0,EXACT,2023.0,Dartmouth College,PRIVATE_NP,1.0,15.0,28841.0,1797.0,1206.0,0.062307132207621095,0.671118530884808,740.0,760.0,780.0,760.0,780.0,790.0,33.0,34.0,35.0,-2.7113465614270096,,
504ed89cd5d284ccd5c5383d,Cornell,ACCEPT,UNKNOWN,3.94,4.71,,35.0,,,,,,,False,REGEX,0.6,False,190415.0,EXACT,2023.0,Cornell University,PRIVATE_NP,2.0,15.0,65635.0,5358.0,3537.0,0.08163327492953455,0.6601343784994401,720.0,740.0,770.0,760.0,780.0,790.0,33.0,34.0,35.0,-2.4203598336469243,,
504ed89cd5d284ccd5c5383d,Brown,ACCEPT,UNKNOWN,3.94,4.71,,35.0,,,,,,,False,REGEX,0.6,False,217156.0,EXACT,2023.0,Brown University,PRIVATE_NP,1.0,15.0,51316.0,2686.0,1695.0,0.052342349364720556,0.6310498883097543,740.0,760.0,770.0,760.0,780.0,800.0,34.0,35.0,35.0,-2.8961875263146486,,
504ed89cd5d284ccd5c5383d,Princeton,ACCEPT,UNKNOWN,3.94,4.71,,35.0,,,,,,,False,REGEX,0.6,False,186131.0,EXACT,2023.0,Princeton University,PRIVATE_NP,2.0,15.0,39644.0,1782.0,1366.0,0.04495005549389567,0.7665544332210998,740.0,760.0,780.0,760.0,780.0,800.0,34.0,34.0,35.0,-3.0562116415391007,,
0910fbe18b2bc79c39ab4fcf,CMC,REJECT,UNKNOWN,4.0,4.75,1480.0,,4.0,,,,,,False,REGEX,0.6,False,,UNRESOLVED,,,,,,,,,,,,,,,,,,,,,,
0910fbe18b2bc79c39ab4fcf,UVA,REJECT,UNKNOWN,4.0,4.75,1480.0,,4.0,,,,,,False,REGEX,0.6,False,234076.0,EXACT,2023.0,University of Virginia-Main Campus,PUBLIC,5.0,15.0,56528.0,9533.0,3966.0,0.16864208887630908,0.41602853246617016,700.0,730.0,750.0,710.0,760.0,780.0,32.0,33.0,34.0,-1.5952817495608238,-10.0,
0910fbe18b2bc79c39ab4fcf,SMU,ACCEPT,UNKNOWN,4.0,4.75,1480.0,,4.0,,,,,,False,REGEX,0.6,False,,UNRESOLVED,,,,,,,,,,,,,,,,,,,,,,
0910fbe18b2bc79c39ab4fcf,Fordham,ACCEPT,UNKNOWN,4.0,4.75,1480.0,,4.0,,,,,,False,REGEX,0.6,False,191241.0,EXACT,2023.0,Fordham University,PRIVATE_NP,2.0,16.0,43663.0,24573.0,2426.0,0.5627877149989694,0.09872624425182111,670.0,700.0,730.0,660.0,700.0,760.0,30.0,32.0,33.0,0.25248364146391855,80.0,
0910fbe18b2bc79c39ab4fcf,University of Richmond,ACCEPT,UNKNOWN,4.0,4.75,1480.0,,4.0,,,,,,False,REGEX,0.6,False,233374.0,EXACT,2023.0,University of Richmond,PRIVATE_NP,5.0,21.0,15121.0,3525.0,833.0,0.2331195026783943,0.23631205673758865,690.0,720.0,750.0,720.0,750.0,780.0,32.0,33.0,34.0,-1.190779774795177,10.0,
0910fbe18b2bc79c39ab4fcf,IU Kelley,ACCEPT,UNKNOWN,4.0,4.75,1480.0,,4.0,,,,,,False,REGEX,0.6,False,,UNRESOLVED,,,,,,,,,,,,,,,,,,,,,,
0910fbe18b2bc79c39ab4fcf,Northeastern,ACCEPT,UNKNOWN,4.0,4.75,1480.0,,4.0,,,,,,False,REGEX,0.6,False,167358.0,EXACT,2023.0,Northeastern University,PRIVATE_NP,1.0,15.0,96631.0,5459.0,2744.0,0.056493257857209385,0.502656164132625,710.0,730.0,760.0,750.0,770.0,790.0,33.0,34.0,35.0,-2.8154822095972705,-20.0,
0910fbe18b2bc79c39ab4fcf,Notre Dame,REJECT,UNKNOWN,4.0,4.75,1480.0,,4.0,,,,,,False,REGEX,0.6,False,152080.0,EXACT,2023.0,University of Notre Dame,PRIVATE_NP,3.0,15.0,28353.0,3510.0,2075.0,0.12379642365887207,0.5911680911680912,710.0,740.0,760.0,730.0,760.0,780.0,33.0,34.0,35.0,-1.9569599852418982,-20.0,
0910fbe18b2bc79c39ab4fcf,WashU,REJECT,UNKNOWN,4.0,4.75,1480.0,,4.0,,,,,,False,REGEX,0.6,False,179867.0,EXACT,2023.0,Washington University in St Louis,PRIVATE_NP,4.0,15.0,32240.0,3855.0,1828.0,0.11957196029776675,0.474189364461738,730.0,750.0,770.0,770.0,790.0,800.0,33.0,34.0,35.0,-1.9964898296073967,-60.0,
0910fbe18b2bc79c39ab4fcf,BC,WAITLIST,UNKNOWN,4.0,4.75,1480.0,,4.0,,,,,,False,REGEX,0.6,False,,UNRESOLVED,,,,,,,,,,,,,,,,,,,,,,
0910fbe18b2bc79c39ab4fcf,Lehigh,ACCEPT,UNKNOWN,4.0,4.75,1480.0,,4.0,,,,,,False,REGEX,0.6,False,213543.0,EXACT,2023.0,Lehigh University,PRIVATE_NP,2.0,16.0,18415.0,5389.0,1531.0,0.29264186804235676,0.28409723510855445,670.0,710.0,730.0,680.0,720.0,760.0,31.0,32.0,33.0,-0.8825875211728501,50.0,
0910fbe18b2bc79c39ab4fcf,USD,ACCEPT,UNKNOWN,4.0,4.75,1480.0,,4.0,,,,,,False,REGEX,0.6,False,382258.0,FUZZY,,,,,,,,,,,,,,,,,,,,,,
0910fbe18b2bc79c39ab4fcf,Kenyon,ACCEPT,UNKNOWN,4.0,4.75,1480.0,,4.0,,,,,,False,REGEX,0.6,False,203535.0,EXACT,2023.0,Kenyon College,PRIVATE_NP,3.0,21.0,8218.0,2524.0,455.0,0.30713068873205157,0.18026941362916007,690.0,720.0,750.0,670.0,720.0,750.0,31.0,32.0,34.0,-0.8135680441768793,40.0,
0910fbe18b2bc79c39ab4fcf,UCLA,ACCEPT,UNKNOWN,4.0,4.75,1480.0,,4.0,,,,,,False,REGEX,0.6,False,110662.0,EXACT,2023.0,University of California-Los Angeles,PUBLIC,8.0,15.0,145903.0,12736.0,6585.0,0.08729087133232354,0.5170383165829145,,,,,,,,,,-2.347171350561971,,
0910fbe18b2bc79c39ab4fcf,UCSB,ACCEPT,UNKNOWN,4.0,4.75,1480.0,,4.0,,,,,,False,REGEX,0.6,False,110705.0,EXACT,2023.0,University of California-Santa Barbara,PUBLIC,8.0,15.0,110871.0,30804.0,5043.0,0.2778364044700598,0.16371250486949745,,,,,,,,,,-0.9552192324894392,,
0910fbe18b2bc79c39ab4fcf,UC Berkeley,ACCEPT,UNKNOWN,4.0,4.75,1480.0,,4.0,,,,,,False,REGEX,0.6,False,110635.0,EXACT,2023.0,University of California-Berkeley,PUBLIC,8.0,15.0,125910.0,14677.0,6641.0,0.11656738940513064,0.4524766641684268,,,,,,,,,,-2.025345457752041,,
2758fbe407d3a88ec6ec0a24,NC State,ACCEPT,UNKNOWN,,,,,,,,,,,False,REGEX,0.2,True,,UNRESOLVED,,,,,,,,,,,,,,,,,,,,,,
2758fbe407d3a88ec6ec0a24,Cornell,WAITLIST,UNKNOWN,,,,,,,,,,,False,REGEX,0.2,True,190415.0,EXACT,2023.0,Cornell University,PRIVATE_NP,2.0,15.0,65635.0,5358.0,3537.0,0.08163327492953455,0.6601343784994401,720.0,740.0,770.0,760.0,780.0,790.0,33.0,34.0,35.0,-2.4203598336469243,,
2758fbe407d3a88ec6ec0a24,Georgia Tech,WAITLIST,UNKNOWN,,,,,,,,,,,False,REGEX,0.2,True,139755.0,EXACT,2023.0,Georgia Institute of Technology-Main Campus,PUBLIC,5.0,15.0,52377.0,8622.0,3763.0,0.1646142390744029,0.43644166086754815,650.0,700.0,740.0,680.0,750.0,790.0,28.0,32.0,34.0,-1.6242888156628517,,
2758fbe407d3a88ec6ec0a24,MIT,REJECT,UNKNOWN,,,,,,,,,,,False,REGEX,0.2,True,166683.0,EXACT,2023.0,Massachusetts Institute of Technology,PRIVATE_NP,1.0,15.0,26904.0,1274.0,1091.0,0.04735355337496283,0.8563579277864992,730.0,760.0,780.0,780.0,790.0,800.0,34.0,35.0,36.0,-3.001601983226008,,
3427772f8480de3f3e439d89,UW-Madison College of Engineering,ACCEPT,UNKNOWN,,,,,,,,,,,False,REGEX,0.2,True,,UNRESOLVED,,,,,,,,,,,,,,,,,,,,,,
3427772f8480de3f3e439d89,University of Michigan College of Engineering OOS,ACCEPT,UNKNOWN,,,,,,,,,,,False,REGEX,0.2,True,170976.0,FUZZY,2023.0,University of Michigan-Ann Arbor,PUBLIC,3.0,15.0,87632.0,15722.0,7466.0,0.17940934818331203,0.4748759699783743,670.0,720.0,750.0,680.0,750.0,780.0,31.0,33.0,34.0,-1.520354331742838,,
3427772f8480de3f3e439d89,Georgia Institute of Technology,DEFER,UNKNOWN,,,,,,,,,,,False,REGEX,0.2,True,139755.0,FUZZY,2023.0,Georgia Institute of Technology-Main Campus,PUBLIC,5.0,15.0,52377.0,8622.0,3763.0,0.1646142390744029,0.43644166086754815,650.0,700.0,740.0,680.0,750.0,790.0,28.0,32.0,34.0,-1.6242888156628517,,
3427772f8480de3f3e439d89,University of Alabama,ACCEPT,UNKNOWN,,,,,,,,,,,False,REGEX,0.2,True,100751.0,EXACT,2023.0,The University of Alabama,PUBLIC,5.0,15.0,58418.0,44295.0,8279.0,0.75824232257181,0.18690597132859238,590.0,640.0,700.0,580.0,640.0,700.0,24.0,27.0,31.0,1.1430671297770687,,
3427772f8480de3f3e439d89,University of South Carolina,ACCEPT,UNKNOWN,,,,,,,,,,,False,REGEX,0.2,True,217864.0,FUZZY,2023.0,Citadel Military College of South Carolina,PUBLIC,5.0,18.0,2883.0,2828.0,661.0,0.980922650017343,0.23373408769448373,540.0,600.0,640.0,540.0,580.0,610.0,22.0,24.0,26.0,3.9399918417839914,,
3427772f8480de3f3e439d89,University of Florida,DEFER,UNKNOWN,,,,,,,,,,,False,REGEX,0.2,True,134130.0,EXACT,2023.0,University of Florida,PUBLIC,5.0,15.0,65375.0,15707.0,6762.0,0.2402600382409178,0.43050869039281847,650.0,690.0,730.0,650.0,700.0,750.0,28.0,31.0,33.0,-1.1512543896937004,,
3427772f8480de3f3e439d89,Harvard University,DEFER,UNKNOWN,,,,,,,,,,,False,REGEX,0.2,True,166027.0,EXACT,2023.0,Harvard University,PRIVATE_NP,1.0,15.0,56937.0,1965.0,1645.0,0.03451182886348069,0.8371501272264631,740.0,760.0,780.0,760.0,790.0,800.0,34.0,35.0,36.0,-3.3313317193713807,,
3427772f8480de3f3e439d89,Harvard University,DEFER,UNKNOWN,,,,,,,,,,,False,REGEX,0.2,True,166027.0,EXACT,2023.0,Harvard University,PRIVATE_NP,1.0,15.0,56937.0,1965.0,1645.0,0.03451182886348069,0.8371501272264631,740.0,760.0,780.0,760.0,790.0,800.0,34.0,35.0,36.0,-3.3313317193713807,,
3427772f8480de3f3e439d89,Dartmouth College,ACCEPT,UNKNOWN,,,,,,,,,,,False,REGEX,0.2,True,182670.0,EXACT,2023.0,Dartmouth College,PRIVATE_NP,1.0,15.0,28841.0,1797.0,1206.0,0.062307132207621095,0.671118530884808,740.0,760.0,780.0,760.0,780.0,790.0,33.0,34.0,35.0,-2.7113465614270096,,
3427772f8480de3f3e439d89,Williams College,ACCEPT,UNKNOWN,,,,,,,,,,,False,REGEX,0.2,True,168342.0,EXACT,2023.0,Williams College,PRIVATE_NP,1.0,21.0,11465.0,1145.0,541.0,0.09986916703009158,0.4724890829694323,730.0,760.0,770.0,740.0,770.0,790.0,33.0,34.0,35.0,-2.198679123047214,,
3427772f8480de3f3e439d89,Colgate University,ACCEPT,UNKNOWN,,,,,,,,,,,False,REGEX,0.2,True,190099.0,EXACT,2023.0,Colgate University,PRIVATE_NP,2.0,21.0,21130.0,2526.0,807.0,0.11954566966398486,0.3194774346793349,710.0,730.0,750.0,720.0,750.0,780.0,33.0,33.0,34.0,-1.9967395874335512,,
3427772f8480de3f3e439d89,Georgia Institute of Technology,DEFER,UNKNOWN,,,,,,,,,,,False,REGEX,0.2,True,139755.0,FUZZY,2023.0,Georgia Institute of Technology-Main Campus,PUBLIC,5.0,15.0,52377.0,8622.0,3763.0,0.1646142390744029,0.43644166086754815,650.0,700.0,740.0,680.0,750.0,790.0,28.0,32.0,34.0,-1.6242888156628517,,
3427772f8480de3f3e439d89,University of Florida,DEFER,UNKNOWN,,,,,,,,,,,False,REGEX,0.2,True,134130.0,EXACT,2023.0,University of Florida,PUBLIC,5.0,15.0,65375.0,15707.0,6762.0,0.2402600382409178,0.43050869039281847,650.0,690.0,730.0,650.0,700.0,750.0,28.0,31.0,33.0,-1.1512543896937004,,
3427772f8480de3f3e439d89,Florida State University,ACCEPT,UNKNOWN,,,,,,,,,,,False,REGEX,0.2,True,134097.0,EXACT,2023.0,Florida State University,PUBLIC,5.0,15.0,74038.0,18793.0,5890.0,0.2538291147788973,0.31341456925450967,630.0,660.0,700.0,610.0,650.0,690.0,27.0,29.0,31.0,-1.0782933784906745,,
3427772f8480de3f3e439d89,UCSB,ACCEPT,UNKNOWN,,,,,,,,,,,False,REGEX,0.2,True,110705.0,EXACT,2023.0,University of California-Santa Barbara,PUBLIC,8.0,15.0,110871.0,30804.0,5043.0,0.2778364044700598,0.16371250486949745,,,,,,,,,,-0.9552192324894392,,
3427772f8480de3f3e439d89,College of the Holy Cross,WAITLIST,UNKNOWN,,,,,,,,,,,False,REGEX,0.2,True,166124.0,EXACT,2023.0,College of the Holy Cross,PRIVATE_NP,1.0,21.0,8670.0,1829.0,823.0,0.21095732410611304,0.4499726626571897,630.0,680.0,720.0,620.0,660.0,700.0,28.0,30.0,32.0,-1.3191645503701324,,
3427772f8480de3f3e439d89,Hamilton College,WAITLIST,UNKNOWN,,,,,,,,,,,False,REGEX,0.2,True,191515.0,EXACT,2023.0,Hamilton College,PRIVATE_NP,2.0,21.0,9643.0,1135.0,462.0,0.11770195997096339,0.40704845814977975,700.0,740.0,770.0,710.0,750.0,780.0,32.0,33.0,35.0,-2.014374246404625,,
3427772f8480de3f3e439d89,UC Berkeley,REJECT,UNKNOWN,,,,,,,,,,,False,REGEX,0.2,True,110635.0,EXACT,2023.0,University of California-Berkeley,PUBLIC,8.0,15.0,125910.0,14677.0,6641.0,0.11656738940513064,0.4524766641684268,,,,,,,,,,-2.025345457752041,,
3427772f8480de3f3e439d89,Northwestern University,WAITLIST,UNKNOWN,,,,,,,,,,,False,REGEX,0.2,True,147767.0,EXACT,2023.0,Northwestern University,PRIVATE_NP,3.0,15.0,51769.0,3703.0,2111.0,0.07152929359269061,0.5700783148798272,730.0,750.0,770.0,760.0,780.0,790.0,33.0,34.0,35.0,-2.5634317645295592,,
3427772f8480de3f3e439d89,Vanderbilt University,WAITLIST,UNKNOWN,,,,,,,,,,,False,REGEX,0.2,True,221999.0,EXACT,2023.0,Vanderbilt University,PRIVATE_NP,5.0,15.0,45313.0,2844.0,1622.0,0.06276344536887869,0.570323488045007,740.0,760.0,770.0,770.0,780.0,790.0,34.0,35.0,35.0,-2.7035628860744794,,
3427772f8480de3f3e439d89,UCSD,WAITLIST,UNKNOWN,,,,,,,,,,,False,REGEX,0.2,True,110680.0,EXACT,2023.0,University of California-San Diego,PUBLIC,8.0,15.0,130771.0,32062.0,7005.0,0.2451766829037019,0.21848293930509638,,,,,,,,,,-1.1245045994251517,,
3427772f8480de3f3e439d89,WashU St. Louis,WAITLIST,UNKNOWN,,,,,,,,,,,False,REGEX,0.2,True,179867.0,FUZZY,2023.0,Washington University in St Louis,PRIVATE_NP,4.0,15.0,32240.0,3855.0,1828.0,0.11957196029776675,0.474189364461738,730.0,750.0,770.0,770.0,790.0,800.0,33.0,34.0,35.0,-1.9964898296073967,,
3427772f8480de3f3e439d89,Colby College,WAITLIST,UNKNOWN,,,,,,,,,,,False,REGEX,0.2,True,161086.0,EXACT,2023.0,Colby College,PRIVATE_NP,1.0,21.0,17786.0,1215.0,605.0,0.06831215562802204,0.49794238683127573,710.0,740.0,760.0,730.0,770.0,790.0,32.0,33.0,34.0,-2.612910102855145,,
3427772f8480de3f3e439d89,UCLA,REJECT,UNKNOWN,,,,,,,,,,,False,REGEX,0.2,True,110662.0,EXACT,2023.0,University of California-Los Angeles,PUBLIC,8.0,15.0,145903.0,12736.0,6585.0,0.08729087133232354,0.5170383165829145,,,,,,,,,,-2.347171350561971,,
3427772f8480de3f3e439d89,Colorado College,REJECT,UNKNOWN,,,,,,,,,,,False,REGEX,0.2,True,126678.0,EXACT,2023.0,Colorado College,PRIVATE_NP,7.0,21.0,7532.0,1509.0,517.0,0.20034519383961763,0.3426110006626905,690.0,730.0,760.0,675.0,720.0,760.0,31.0,32.0,34.0,-1.3841382942758722,,
3427772f8480de3f3e439d89,Georgetown University,REJECT,UNKNOWN,,,,,,,,,,,False,REGEX,0.2,True,131496.0,EXACT,2023.0,Georgetown University,PRIVATE_NP,2.0,15.0,25485.0,3334.0,1599.0,0.13082205218756132,0.47960407918416315,700.0,740.0,770.0,690.0,760.0,780.0,32.0,33.0,34.0,-1.8937098578703215,,
3427772f8480de3f3e439d89,UT-Austin,REJECT,UNKNOWN,,,,,,,,,,,False,REGEX,0.2,True,228778.0,EXACT,2023.0,The University of Texas at Austin,PUBLIC,6.0,15.0,66109.0,19253.0,9385.0,0.29123114855768506,0.4874565002856698,620.0,680.0,730.0,610.0,690.0,760.0,27.0,31.0,33.0,-0.8894121760402826,,
3427772f8480de3f3e439d89,Stanford University,REJECT,UNKNOWN,,,,,,,,,,,False,REGEX,0.2,True,243744.0,EXACT,2023.0,Stanford University,PRIVATE_NP,8.0,15.0,53733.0,2099.0,1699.0,0.03906351776375784,0.8094330633635064,740.0,760.0,780.0,770.0,790.0,800.0,34.0,35.0,35.0,-3.202719329388706,,
3427772f8480de3f3e439d89,Emory University,REJECT,UNKNOWN,,,,,,,,,,,False,REGEX,0.2,True,139658.0,EXACT,2023.0,Emory University,PRIVATE_NP,5.0,15.0,31929.0,3543.0,1426.0,0.11096495349055717,0.4024837708156929,710.0,740.0,760.0,750.0,780.0,790.0,32.0,33.0,34.0,-2.0809222399937313,,
89d625594e8dee2a8724eec0,Illinois institute of technology EA - applied math,ACCEPT,UNKNOWN,,,1440.0,,,,,,,,False,REGEX,0.4,True,145691.0,FUZZY,2023.0,Illinois College,PRIVATE_NP,3.0,21.0,3660.0,2733.0,253.0,0.7467213114754099,0.09257226491035492,490.0,530.0,583.0,488.0,540.0,600.0,19.0,22.0,25.0,1.081201620362213,370.0,
89d625594e8dee2a8724eec0,math,REJECT,UNKNOWN,,,1440.0,,,,,,,,False,REGEX,0.4,True,,UNRESOLVED,,,,,,,,,,,,,,,,,,,,,,
89d625594e8dee2a8724eec0,Udub RD - applied math,ACCEPT,UNKNOWN,,,1440.0,,,,,,,,False,REGEX,0.4,True,,UNRESOLVED,,,,,,,,,,,,,,,,,,,,,,
89d625594e8dee2a8724eec0,UF - astrophysics,ACCEPT,UNKNOWN,,,1440.0,,,,,,,,False,REGEX,0.4,True,,UNRESOLVED,,,,,,,,,,,,,,,,,,,,,,
89d625594e8dee2a8724eec0,UVA - astrophysics,ACCEPT,UNKNOWN,,,1440.0,,,,,,,,False,REGEX,0.4,True,234076.0,FUZZY,2023.0,University of Virginia-Main Campus,PUBLIC,5.0,15.0,56528.0,9533.0,3966.0,0.16864208887630908,0.41602853246617016,700.0,730.0,750.0,710.0,760.0,780.0,32.0,33.0,34.0,-1.5952817495608238,-50.0,
89d625594e8dee2a8724eec0,physics,ACCEPT,UNKNOWN,,,1440.0,,,,,,,,False,REGEX,0.4,True,,UNRESOLVED,,,,,,,,,,,,,,,,,,,,,,
89d625594e8dee2a8724eec0,Stanford - math,REJECT,UNKNOWN,,,1440.0,,,,,,,,False,REGEX,0.4,True,243744.0,FUZZY,2023.0,Stanford University,PRIVATE_NP,8.0,15.0,53733.0,2099.0,1699.0,0.03906351776375784,0.8094330633635064,740.0,760.0,780.0,770.0,790.0,800.0,34.0,35.0,35.0,-3.202719329388706,-110.0,
89d625594e8dee2a8724eec0,UPenn - meche,REJECT,UNKNOWN,,,1440.0,,,,,,,,False,REGEX,0.4,True,215062.0,FUZZY,2023.0,University of Pennsylvania,PRIVATE_NP,2.0,15.0,59465.0,3489.0,2416.0,0.05867316909106197,0.6924620235024362,730.0,750.0,770.0,770.0,790.0,800.0,34.0,35.0,35.0,-2.7753078652389584,-100.0,
89d625594e8dee2a8724eec0,Georgia Tech - mechE,DEFER,UNKNOWN,,,1440.0,,,,,,,,False,REGEX,0.4,True,139959.0,FUZZY,2023.0,University of Georgia,PUBLIC,5.0,15.0,43419.0,16151.0,6146.0,0.3719800087519289,0.3805337130827813,590.0,640.0,690.0,570.0,630.0,700.0,25.0,29.0,32.0,-0.5237318862441626,170.0,
5b3d7a9e89ab6c0a838ed8fb,UMD,ACCEPT,UNKNOWN,,,1560.0,,16.0,,,,,,False,REGEX,0.4,True,163286.0,EXACT,2023.0,University of Maryland-College Park,PUBLIC,2.0,15.0,59377.0,26625.0,6197.0,0.44840594843121073,0.23275117370892018,670.0,710.0,740.0,700.0,750.0,780.0,32.0,33.0,35.0,-0.20711340488934457,100.0,
5b3d7a9e89ab6c0a838ed8fb,Rutgers NB,ACCEPT,UNKNOWN,,,1560.0,,16.0,,,,,,False,REGEX,0.4,True,186380.0,FUZZY,2023.0,Rutgers University-New Brunswick,PUBLIC,2.0,15.0,43347.0,28326.0,7681.0,0.6534708284310333,0.2711643013485843,630.0,680.0,720.0,640.0,700.0,760.0,28.0,31.0,33.0,0.6343308887762874,180.0,
5b3d7a9e89ab6c0a838ed8fb,Drexel,ACCEPT,UNKNOWN,,,1560.0,,16.0,,,,,,False,REGEX,0.4,True,212054.0,EXACT,2023.0,Drexel University,PRIVATE_NP,2.0,15.0,40204.0,31171.0,2883.0,0.7753208635956621,0.09248981425042507,610.0,660.0,700.0,620.0,670.0,730.0,27.0,30.0,33.0,1.238603637227172,230.0,
5b3d7a9e89ab6c0a838ed8fb,Penn State,ACCEPT,UNKNOWN,,,1560.0,,16.0,,,,,,False,REGEX,0.4,True,214591.0,FUZZY,2023.0,Pennsylvania State University-Penn State Erie-Behrend College,PUBLIC,2.0,-2.0,4827.0,4620.0,866.0,0.9571162212554382,0.18744588744588744,560.0,610.0,660.0,550.0,600.0,660.0,23.0,26.0,28.0,3.1054311908104153,350.0,
5b3d7a9e89ab6c0a838ed8fb,Stony Brook,ACCEPT,UNKNOWN,,,1560.0,,16.0,,,,,,False,REGEX,0.4,True,196097.0,EXACT,2023.0,Stony Brook University,PUBLIC,2.0,15.0,50341.0,24670.0,3569.0,0.49005780576468483,0.14466963923794082,640.0,680.0,720.0,680.0,730.0,770.0,28.0,31.0,33.0,-0.039774019562762254,150.0,
5b3d7a9e89ab6c0a838ed8fb,UIUC CS OOS,DEFER,UNKNOWN,,,1560.0,,16.0,,,,,,False,REGEX,0.4,True,145637.0,FUZZY,2023.0,University of Illinois Urbana-Champaign,PUBLIC,3.0,15.0,67398.0,29446.0,8325.0,0.436897237306745,0.28272091285743395,630.0,690.0,730.0,640.0,720.0,780.0,29.0,32.0,34.0,-0.25376412593204345,150.0,
5b3d7a9e89ab6c0a838ed8fb,GATECH CS OOS,DEFER,UNKNOWN,,,1560.0,,16.0,,,,,,False,REGEX,0.4,True,,UNRESOLVED,,,,,,,,,,,,,,,,,,,,,,
5b3d7a9e89ab6c0a838ed8fb,UMICH CS Engineering OOS,DEFER,UNKNOWN,,,1560.0,,16.0,,,,,,False,REGEX,0.4,True,170976.0,FUZZY,2023.0,University of Michigan-Ann Arbor,PUBLIC,3.0,15.0,87632.0,15722.0,7466.0,0.17940934818331203,0.4748759699783743,670.0,720.0,750.0,680.0,750.0,780.0,31.0,33.0,34.0,-1.520354331742838,90.0,
5b3d7a9e89ab6c0a838ed8fb,CMU SCS ED,REJECT,UNKNOWN,,,1560.0,,16.0,,,,,,False,REGEX,0.4,True,211440.0,FUZZY,2023.0,Carnegie Mellon University,PRIVATE_NP,2.0,15.0,33707.0,3843.0,1708.0,0.11401192630610853,0.4444444444444444,730.0,750.0,770.0,770.0,790.0,800.0,34.0,35.0,35.0,-2.0504004300295757,20.0,
5b3d7a9e89ab6c0a838ed8fb,MIT,REJECT,UNKNOWN,,,1560.0,,16.0,,,,,,False,REGEX,0.4,True,166683.0,EXACT,2023.0,Massachusetts Institute of Technology,PRIVATE_NP,1.0,15.0,26904.0,1274.0,1091.0,0.04735355337496283,0.8563579277864992,730.0,760.0,780.0,780.0,790.0,800.0,34.0,35.0,36.0,-3.001601983226008,10.0,
5b3d7a9e89ab6c0a838ed8fb,Cornell,WAITLIST,UNKNOWN,,,1560.0,,16.0,,,,,,False,REGEX,0.4,True,190415.0,EXACT,2023.0,Cornell University,PRIVATE_NP,2.0,15.0,65635.0,5358.0,3537.0,0.08163327492953455,0.6601343784994401,720.0,740.0,770.0,760.0,780.0,790.0,33.0,34.0,35.0,-2.4203598336469243,40.0,
5b3d7a9e89ab6c0a838ed8fb,Columbia,WAITLIST,UNKNOWN,,,1560.0,,16.0,,,,,,False,REGEX,0.4,True,190150.0,EXACT,2023.0,Columbia University in the City of New York,PRIVATE_NP,2.0,15.0,57613.0,2439.0,1540.0,0.04233419540728655,0.6314063140631406,730.0,760.0,770.0,760.0,780.0,800.0,34.0,35.0,35.0,-3.118903708594342,20.0,
5b3d7a9e89ab6c0a838ed8fb,Harvard,REJECT,UNKNOWN,,,1560.0,,16.0,,,,,,False,REGEX,0.4,True,166027.0,EXACT,2023.0,Harvard University,PRIVATE_NP,1.0,15.0,56937.0,1965.0,1645.0,0.03451182886348069,0.8371501272264631,740.0,760.0,780.0,760.0,790.0,800.0,34.0,35.0,36.0,-3.3313317193713807,10.0,
5b3d7a9e89ab6c0a838ed8fb,Yale,REJECT,UNKNOWN,,,1560.0,,16.0,,,,,,False,REGEX,0.4,True,130794.0,EXACT,2023.0,Yale University,PRIVATE_NP,1.0,15.0,51803.0,2332.0,1641.0,0.045016697874640466,0.7036878216123499,740.0,760.0,780.0,760.0,780.0,800.0,33.0,34.0,35.0,-3.054660370818341,20.0,
5b3d7a9e89ab6c0a838ed8fb,Princeton,REJECT,UNKNOWN,,,1560.0,,16.0,,,,,,False,REGEX,0.4,True,186131.0,EXACT,2023.0,Princeton University,PRIVATE_NP,2.0,15.0,39644.0,1782.0,1366.0,0.04495005549389567,0.7665544332210998,740.0,760.0,780.0,760.0,780.0,800.0,34.0,34.0,35.0,-3.0562116415391007,20.0,
5b3d7a9e89ab6c0a838ed8fb,UPenn,REJECT,UNKNOWN,,,1560.0,,16.0,,,,,,False,REGEX,0.4,True,215062.0,EXACT,2023.0,University of Pennsylvania,PRIVATE_NP,2.0,15.0,59465.0,3489.0,2416.0,0.05867316909106197,0.6924620235024362,730.0,750.0,770.0,770.0,790.0,800.0,34.0,35.0,35.0,-2.7753078652389584,20.0,
5b3d7a9e89ab6c0a838ed8fb,Stanford CS,REJECT,UNKNOWN,,,1560.0,,16.0,,,,,,False,REGEX,0.4,True,243744.0,FUZZY,2023.0,Stanford University,PRIVATE_NP,8.0,15.0,53733.0,2099.0,1699.0,0.03906351776375784,0.8094330633635064,740.0,760.0,780.0,770.0,790.0,800.0,34.0,35.0,35.0,-3.202719329388706,10.0,
5b3d7a9e89ab6c0a838ed8fb,UW-Madison,ACCEPT,UNKNOWN,,,1560.0,,16.0,,,,,,False,REGEX,0.4,True,,UNRESOLVED,,,,,,,,,,,,,,,,,,,,,,
596f1980de6d8f72d4d8695a,Georgia Tech,DEFER,UNKNOWN,,,1470.0,34.0,8.0,,,,,,False,REGEX_PARTIAL,0.4,True,139755.0,EXACT,2023.0,Georgia Institute of Technology-Main Campus,PUBLIC,5.0,15.0,52377.0,8622.0,3763.0,0.1646142390744029,0.43644166086754815,650.0,700.0,740.0,680.0,750.0,790.0,28.0,32.0,34.0,-1.6242888156628517,20.0,
596f1980de6d8f72d4d8695a,ichigan,DEFER,UNKNOWN,,,1470.0,34.0,8.0,,,,,,False,REGEX_PARTIAL,0.4,True,170976.0,FUZZY,2023.0,University of Michigan-Ann Arbor,PUBLIC,3.0,15.0,87632.0,15722.0,7466.0,0.17940934818331203,0.4748759699783743,670.0,720.0,750.0,680.0,750.0,780.0,31.0,33.0,34.0,-1.520354331742838,0.0,
e8acee3aaaab7949c81df5f0,University of Minnesota,ACCEPT,UNKNOWN,,98.0,,,,,,,,,False,REGEX,0.4,True,173559.0,FUZZY,,,,,,,,,,,,,,,,,,,,,,
e8acee3aaaab7949c81df5f0,Binghamton University,ACCEPT,UNKNOWN,,98.0,,,,,,,,,False,REGEX,0.4,True,196079.0,EXACT,2023.0,Binghamton University,PUBLIC,2.0,15.0,49513.0,18683.0,3095.0,0.377335245289116,0.16565862013595248,660.0,700.0,730.0,660.0,710.0,760.0,29.0,32.0,34.0,-0.5008742224203585,,
e8acee3aaaab7949c81df5f0,Indiana University,ACCEPT,UNKNOWN,,98.0,,,,,,,,,False,REGEX,0.4,True,151111.0,FUZZY,2023.0,Indiana University-Indianapolis,PUBLIC,3.0,16.0,15715.0,12791.0,3283.0,0.813935730194082,0.2566648424673599,520.0,570.0,620.0,520.0,570.0,610.0,21.0,24.0,28.0,1.475789256729724,,
e8acee3aaaab7949c81df5f0,Baruch,ACCEPT,UNKNOWN,,98.0,,,,,,,,,False,REGEX,0.4,True,190512.0,FUZZY,2023.0,CUNY Bernard M Baruch College,PUBLIC,2.0,18.0,24867.0,12554.0,2614.0,0.504845779547191,0.2082204874940258,600.0,640.0,680.0,610.0,670.0,730.0,,,,0.019383725084605292,,
0482bf86feb7a145c4b79d4c,d aka soft,REJECT,UNKNOWN,,,,,,,,,,,False,REGEX_PARTIAL,0.2,True,,UNRESOLVED,,,,,,,,,,,,,,,,,,,,,,
d1bc2a6af5dab6159922703a,University of San Francisco EA,ACCEPT,UNKNOWN,,,,,8.0,,,,,,False,REGEX_PARTIAL,0.2,True,122612.0,FUZZY,2023.0,University of San Francisco,PRIVATE_NP,8.0,17.0,25709.0,13052.0,1124.0,0.5076821346610136,0.0861170701808152,610.0,650.0,690.0,600.0,650.0,700.0,26.0,29.0,31.0,0.030730956920762904,,
59e8f4fbff4b05a583025dba,In-state wasn't considered for auto,ACCEPT,UNKNOWN,,,,,,,,,,,False,REGEX_PARTIAL,0.2,True,,UNRESOLVED,,,,,,,,,,,,,,,,,,,,,,
45cc89204ca536a12bff1819,UCF,ACCEPT,UNKNOWN,,,,,,,,,,,False,REGEX,0.2,True,,UNRESOLVED,,,,,,,,,,,,,,,,,,,,,,
45cc89204ca536a12bff1819,FSU,ACCEPT,UNKNOWN,,,,,,,,,,,False,REGEX,0.2,True,,UNRESOLVED,,,,,,,,,,,,,,,,,,,,,,
45cc89204ca536a12bff1819,UF,REJECT,UNKNOWN,,,,,,,,,,,False,REGEX,0.2,True,,UNRESOLVED,,,,,,,,,,,,,,,,,,,,,,
45cc89204ca536a12bff1819,Upitt,ACCEPT,UNKNOWN,,,,,,,,,,,False,REGEX,0.2,True,,UNRESOLVED,,,,,,,,,,,,,,,,,,,,,,
45cc89204ca536a12bff1819,UGA,ACCEPT,UNKNOWN,,,,,,,,,,,False,REGEX,0.2,True,139959.0,EXACT,2023.0,University of Georgia,PUBLIC,5.0,15.0,43419.0,16151.0,6146.0,0.3719800087519289,0.3805337130827813,590.0,640.0,690.0,570.0,630.0,700.0,25.0,29.0,32.0,-0.5237318862441626,,
45cc89204ca536a12bff1819,Notre Dame,REJECT,UNKNOWN,,,,,,,,,,,False,REGEX,0.2,True,152080.0,EXACT,2023.0,University of Notre Dame,PRIVATE_NP,3.0,15.0,28353.0,3510.0,2075.0,0.12379642365887207,0.5911680911680912,710.0,740.0,760.0,730.0,760.0,780.0,33.0,34.0,35.0,-1.9569599852418982,,
45cc89204ca536a12bff1819,Boston university,ACCEPT,UNKNOWN,,,,,,,,,,,False,REGEX,0.2,True,164924.0,EXACT,2023.0,Boston College,PRIVATE_NP,1.0,15.0,36069.0,5645.0,2335.0,0.15650558651473565,0.4136403897254207,710.0,730.0,760.0,720.0,760.0,780.0,33.0,34.0,34.0,-1.684461573024333,,
45cc89204ca536a12bff1819,NYU,WAITLIST,UNKNOWN,,,,,,,,,,,False,REGEX,0.2,True,193900.0,EXACT,2023.0,New York University,PRIVATE_NP,2.0,15.0,113578.0,10693.0,5818.0,0.09414675377273768,0.5440942672776583,720.0,750.0,770.0,760.0,780.0,800.0,33.0,34.0,35.0,-2.264022537844875,,
45cc89204ca536a12bff1819,UPenn,REJECT,UNKNOWN,,,,,,,,,,,False,REGEX,0.2,True,215062.0,EXACT,2023.0,University of Pennsylvania,PRIVATE_NP,2.0,15.0,59465.0,3489.0,2416.0,0.05867316909106197,0.6924620235024362,730.0,750.0,770.0,770.0,790.0,800.0,34.0,35.0,35.0,-2.7753078652389584,,
45cc89204ca536a12bff1819,Cornell,WAITLIST,UNKNOWN,,,,,,,,,,,False,REGEX,0.2,True,190415.0,EXACT,2023.0,Cornell University,PRIVATE_NP,2.0,15.0,65635.0,5358.0,3537.0,0.08163327492953455,0.6601343784994401,720.0,740.0,770.0,760.0,780.0,790.0,33.0,34.0,35.0,-2.4203598336469243,,
45cc89204ca536a12bff1819,UMich,WAITLIST,UNKNOWN,,,,,,,,,,,False,REGEX,0.2,True,170976.0,EXACT,2023.0,University of Michigan-Ann Arbor,PUBLIC,3.0,15.0,87632.0,15722.0,7466.0,0.17940934818331203,0.4748759699783743,670.0,720.0,750.0,680.0,750.0,780.0,31.0,33.0,34.0,-1.520354331742838,,
212f3a05944c0e36d1611da6,jmu,ACCEPT,UNKNOWN,,,,,13.0,,,,,,False,REGEX,0.2,True,,UNRESOLVED,,,,,,,,,,,,,,,,,,,,,,
212f3a05944c0e36d1611da6,umass lowell,ACCEPT,UNKNOWN,,,,,13.0,,,,,,False,REGEX,0.2,True,,UNRESOLVED,,,,,,,,,,,,,,,,,,,,,,
212f3a05944c0e36d1611da6,fordham,ACCEPT,UNKNOWN,,,,,13.0,,,,,,False,REGEX,0.2,True,191241.0,EXACT,2023.0,Fordham University,PRIVATE_NP,2.0,16.0,43663.0,24573.0,2426.0,0.5627877149989694,0.09872624425182111,670.0,700.0,730.0,660.0,700.0,760.0,30.0,32.0,33.0,0.25248364146391855,,
24f70cc42cb3688ff0840e70,jmu,ACCEPT,UNKNOWN,,,,,13.0,,,,,,False,REGEX,0.2,True,,UNRESOLVED,,,,,,,,,,,,,,,,,,,,,,
24f70cc42cb3688ff0840e70,umass lowell,ACCEPT,UNKNOWN,,,,,13.0,,,,,,False,REGEX,0.2,True,,UNRESOLVED,,,,,,,,,,,,,,,,,,,,,,
24f70cc42cb3688ff0840e70,fordham,ACCEPT,UNKNOWN,,,,,13.0,,,,,,False,REGEX,0.2,True,191241.0,EXACT,2023.0,Fordham University,PRIVATE_NP,2.0,16.0,43663.0,24573.0,2426.0,0.5627877149989694,0.09872624425182111,670.0,700.0,730.0,660.0,700.0,760.0,30.0,32.0,33.0,0.25248364146391855,,
d1c94c1cc583531b7f7a5f9e,University of Arizona,ACCEPT,UNKNOWN,,,1590.0,,11.0,,,,,,False,REGEX,0.4,True,104179.0,EXACT,2023.0,University of Arizona,PUBLIC,6.0,15.0,56466.0,48369.0,9158.0,0.8566039740728935,0.18933614505158264,580.0,640.0,700.0,580.0,640.0,720.0,21.0,26.0,30.0,1.7873654899457354,310.0,
d1c94c1cc583531b7f7a5f9e,Queen Mary University of London,ACCEPT,UNKNOWN,,,1590.0,,11.0,,,,,,False,REGEX,0.4,True,200217.0,FUZZY,2023.0,University of Mary,PRIVATE_NP,4.0,17.0,1577.0,1234.0,559.0,0.7824984147114775,0.4529983792544571,,,,,,,,,,1.2802857572993933,,
d1c94c1cc583531b7f7a5f9e,University of Edinburgh,ACCEPT,UNKNOWN,,,1590.0,,11.0,,,,,,False,REGEX,0.4,True,,UNRESOLVED,,,,,,,,,,,,,,,,,,,,,,
d1c94c1cc583531b7f7a5f9e,OSU,ACCEPT,UNKNOWN,,,1590.0,,11.0,,,,,,False,REGEX,0.4,True,,UNRESOLVED,,,,,,,,,,,,,,,,,,,,,,
d1c94c1cc583531b7f7a5f9e,King's College London,ACCEPT,UNKNOWN,,,1590.0,,11.0,,,,,,False,REGEX,0.4,True,454184.0,FUZZY,,,,,,,,,,,,,,,,,,,,,,
d1c94c1cc583531b7f7a5f9e,UMass Amherst,ACCEPT,UNKNOWN,,,1590.0,,11.0,,,,,,False,REGEX,0.4,True,166629.0,EXACT,2023.0,University of Massachusetts-Amherst,PUBLIC,1.0,15.0,50424.0,29129.0,5286.0,0.577681262890687,0.1814686395001545,650.0,690.0,720.0,650.0,700.0,760.0,29.0,31.0,33.0,0.3132619381363372,200.0,
d1c94c1cc583531b7f7a5f9e,Cambridge,REJECT,UNKNOWN,,,1590.0,,11.0,,,,,,False,REGEX,0.4,True,165167.0,EXACT,,,,,,,,,,,,,,,,,,,,,,
d1c94c1cc583531b7f7a5f9e,UIUC,ACCEPT,UNKNOWN,,,1590.0,,11.0,,,,,,False,REGEX,0.4,True,145637.0,EXACT,2023.0,University of Illinois Urbana-Champaign,PUBLIC,3.0,15.0,67398.0,29446.0,8325.0,0.436897237306745,0.28272091285743395,630.0,690.0,730.0,640.0,720.0,780.0,29.0,32.0,34.0,-0.25376412593204345,180.0,
d1c94c1cc583531b7f7a5f9e,UMD,ACCEPT,UNKNOWN,,,1590.0,,11.0,,,,,,False,REGEX,0.4,True,163286.0,EXACT,2023.0,University of Maryland-College Park,PUBLIC,2.0,15.0,59377.0,26625.0,6197.0,0.44840594843121073,0.23275117370892018,670.0,710.0,740.0,700.0,750.0,780.0,32.0,33.0,35.0,-0.20711340488934457,130.0,
d1c94c1cc583531b7f7a5f9e,Northeastern,ACCEPT,UNKNOWN,,,1590.0,,11.0,,,,,,False,REGEX,0.4,True,167358.0,EXACT,2023.0,Northeastern University,PRIVATE_NP,1.0,15.0,96631.0,5459.0,2744.0,0.056493257857209385,0.502656164132625,710.0,730.0,760.0,750.0,770.0,790.0,33.0,34.0,35.0,-2.8154822095972705,90.0,
d1c94c1cc583531b7f7a5f9e,UWash,WAITLIST,UNKNOWN,,,1590.0,,11.0,,,,,,False,REGEX,0.4,True,,UNRESOLVED,,,,,,,,,,,,,,,,,,,,,,
d1c94c1cc583531b7f7a5f9e,UCSD,ACCEPT,UNKNOWN,,,1590.0,,11.0,,,,,,False,REGEX,0.4,True,110680.0,EXACT,2023.0,University of California-San Diego,PUBLIC,8.0,15.0,130771.0,32062.0,7005.0,0.2451766829037019,0.21848293930509638,,,,,,,,,,-1.1245045994251517,,
d1c94c1cc583531b7f7a5f9e,UCLA,REJECT,UNKNOWN,,,1590.0,,11.0,,,,,,False,REGEX,0.4,True,110662.0,EXACT,2023.0,University of California-Los Angeles,PUBLIC,8.0,15.0,145903.0,12736.0,6585.0,0.08729087133232354,0.5170383165829145,,,,,,,,,,-2.347171350561971,,
d1c94c1cc583531b7f7a5f9e,UC Berkeley,WAITLIST,UNKNOWN,,,1590.0,,11.0,,,,,,False,REGEX,0.4,True,110635.0,EXACT,2023.0,University of California-Berkeley,PUBLIC,8.0,15.0,125910.0,14677.0,6641.0,0.11656738940513064,0.4524766641684268,,,,,,,,,,-2.025345457752041,,
d1c94c1cc583531b7f7a5f9e,Harvard,REJECT,UNKNOWN,,,1590.0,,11.0,,,,,,False,REGEX,0.4,True,166027.0,EXACT,2023.0,Harvard University,PRIVATE_NP,1.0,15.0,56937.0,1965.0,1645.0,0.03451182886348069,0.8371501272264631,740.0,760.0,780.0,760.0,790.0,800.0,34.0,35.0,36.0,-3.3313317193713807,40.0,
d1c94c1cc583531b7f7a5f9e,Princeton,REJECT,UNKNOWN,,,1590.0,,11.0,,,,,,False,REGEX,0.4,True,186131.0,EXACT,2023.0,Princeton University,PRIVATE_NP,2.0,15.0,39644.0,1782.0,1366.0,0.04495005549389567,0.7665544332210998,740.0,760.0,780.0,760.0,780.0,800.0,34.0,34.0,35.0,-3.0562116415391007,50.0,
d1c94c1cc583531b7f7a5f9e,Dartmouth,REJECT,UNKNOWN,,,1590.0,,11.0,,,,,,False,REGEX,0.4,True,182670.0,EXACT,2023.0,Dartmouth College,PRIVATE_NP,1.0,15.0,28841.0,1797.0,1206.0,0.062307132207621095,0.671118530884808,740.0,760.0,780.0,760.0,780.0,790.0,33.0,34.0,35.0,-2.7113465614270096,50.0,
d1c94c1cc583531b7f7a5f9e,Yale,REJECT,UNKNOWN,,,1590.0,,11.0,,,,,,False,REGEX,0.4,True,130794.0,EXACT,2023.0,Yale University,PRIVATE_NP,1.0,15.0,51803.0,2332.0,1641.0,0.045016697874640466,0.7036878216123499,740.0,760.0,780.0,760.0,780.0,800.0,33.0,34.0,35.0,-3.054660370818341,50.0,
d1c94c1cc583531b7f7a5f9e,Brown,REJECT,UNKNOWN,,,1590.0,,11.0,,,,,,False,REGEX,0.4,True,217156.0,EXACT,2023.0,Brown University,PRIVATE_NP,1.0,15.0,51316.0,2686.0,1695.0,0.052342349364720556,0.6310498883097543,740.0,760.0,770.0,760.0,780.0,800.0,34.0,35.0,35.0,-2.8961875263146486,50.0,
d1c94c1cc583531b7f7a5f9e,UPenn,REJECT,UNKNOWN,,,1590.0,,11.0,,,,,,False,REGEX,0.4,True,215062.0,EXACT,2023.0,University of Pennsylvania,PRIVATE_NP,2.0,15.0,59465.0,3489.0,2416.0,0.05867316909106197,0.6924620235024362,730.0,750.0,770.0,770.0,790.0,800.0,34.0,35.0,35.0,-2.7753078652389584,50.0,
d1c94c1cc583531b7f7a5f9e,Stanford,REJECT,UNKNOWN,,,1590.0,,11.0,,,,,,False,REGEX,0.4,True,243744.0,EXACT,2023.0,Stanford University,PRIVATE_NP,8.0,15.0,53733.0,2099.0,1699.0,0.03906351776375784,0.8094330633635064,740.0,760.0,780.0,770.0,790.0,800.0,34.0,35.0,35.0,-3.202719329388706,40.0,
d1c94c1cc583531b7f7a5f9e,Wellesley,WAITLIST,UNKNOWN,,,1590.0,,11.0,,,,,,False,REGEX,0.4,True,168218.0,EXACT,2023.0,Wellesley College,PRIVATE_NP,1.0,21.0,8184.0,1138.0,573.0,0.1390518084066471,0.5035149384885764,720.0,750.0,770.0,720.0,760.0,780.0,33.0,34.0,35.0,-1.8231877442149067,80.0,
d1c94c1cc583531b7f7a5f9e,Williams,REJECT,UNKNOWN,,,1590.0,,11.0,,,,,,False,REGEX,0.4,True,168342.0,EXACT,2023.0,Williams College,PRIVATE_NP,1.0,21.0,11465.0,1145.0,541.0,0.09986916703009158,0.4724890829694323,730.0,760.0,770.0,740.0,770.0,790.0,33.0,34.0,35.0,-2.198679123047214,60.0,
d1c94c1cc583531b7f7a5f9e,Tufts,REJECT,UNKNOWN,,,1590.0,,11.0,,,,,,False,REGEX,0.4,True,168148.0,EXACT,2023.0,Tufts University,PRIVATE_NP,1.0,15.0,34003.0,3444.0,1739.0,0.10128518071934829,0.5049361207897793,710.0,740.0,760.0,750.0,770.0,790.0,33.0,34.0,35.0,-2.183025654684353,80.0,
d1c94c1cc583531b7f7a5f9e,UMich,REJECT,UNKNOWN,,,1590.0,,11.0,,,,,,False,REGEX,0.4,True,170976.0,EXACT,2023.0,University of Michigan-Ann Arbor,PUBLIC,3.0,15.0,87632.0,15722.0,7466.0,0.17940934818331203,0.4748759699783743,670.0,720.0,750.0,680.0,750.0,780.0,31.0,33.0,34.0,-1.520354331742838,120.0,
d1c94c1cc583531b7f7a5f9e,Cornell,ACCEPT,UNKNOWN,,,1590.0,,11.0,,,,,,False,REGEX,0.4,True,190415.0,EXACT,2023.0,Cornell University,PRIVATE_NP,2.0,15.0,65635.0,5358.0,3537.0,0.08163327492953455,0.6601343784994401,720.0,740.0,770.0,760.0,780.0,790.0,33.0,34.0,35.0,-2.4203598336469243,70.0,
e55d640ece3d21afae9b956c,RPI,ACCEPT,UNKNOWN,,,,,9.0,,,,,,False,REGEX,0.2,True,,UNRESOLVED,,,,,,,,,,,,,,,,,,,,,,
e55d640ece3d21afae9b956c,STONY,ACCEPT,UNKNOWN,,,,,9.0,,,,,,False,REGEX,0.2,True,196097.0,FUZZY,2023.0,Stony Brook University,PUBLIC,2.0,15.0,50341.0,24670.0,3569.0,0.49005780576468483,0.14466963923794082,640.0,680.0,720.0,680.0,730.0,770.0,28.0,31.0,33.0,-0.039774019562762254,,
e55d640ece3d21afae9b956c,Purdue,ACCEPT,UNKNOWN,,,,,9.0,,,,,,False,REGEX,0.2,True,243780.0,EXACT,2023.0,Purdue University-Main Campus,PUBLIC,3.0,15.0,73083.0,36763.0,9381.0,0.503030800596582,0.25517504012186165,590.0,650.0,710.0,600.0,670.0,750.0,27.0,31.0,34.0,0.012123350870579806,,
e55d640ece3d21afae9b956c,Macluay,ACCEPT,UNKNOWN,,,,,9.0,,,,,,False,REGEX,0.2,True,,UNRESOLVED,,,,,,,,,,,,,,,,,,,,,,
e55d640ece3d21afae9b956c,Olin,ACCEPT,UNKNOWN,,,,,9.0,,,,,,False,REGEX,0.2,True,441982.0,FUZZY,2023.0,Franklin W Olin College of Engineering,PRIVATE_NP,1.0,28.0,928.0,201.0,98.0,0.2165948275862069,0.48756218905472637,720.0,750.0,770.0,760.0,780.0,790.0,34.0,35.0,35.0,-1.2856215694744435,,
e55d640ece3d21afae9b956c,NEU,WAITLIST,UNKNOWN,,,,,9.0,,,,,,False,REGEX,0.2,True,,UNRESOLVED,,,,,,,,,,,,,,,,,,,,,,
e55d640ece3d21afae9b956c,CMU,WAITLIST,UNKNOWN,,,,,9.0,,,,,,False,REGEX,0.2,True,211440.0,EXACT,2023.0,Carnegie Mellon University,PRIVATE_NP,2.0,15.0,33707.0,3843.0,1708.0,0.11401192630610853,0.4444444444444444,730.0,750.0,770.0,770.0,790.0,800.0,34.0,35.0,35.0,-2.0504004300295757,,
e55d640ece3d21afae9b956c,UMICH,WAITLIST,UNKNOWN,,,,,9.0,,,,,,False,REGEX,0.2,True,170976.0,EXACT,2023.0,University of Michigan-Ann Arbor,PUBLIC,3.0,15.0,87632.0,15722.0,7466.0,0.17940934818331203,0.4748759699783743,670.0,720.0,750.0,680.0,750.0,780.0,31.0,33.0,34.0,-1.520354331742838,,
e55d640ece3d21afae9b956c,Binghamton,WAITLIST,UNKNOWN,,,,,9.0,,,,,,False,REGEX,0.2,True,196079.0,EXACT,2023.0,Binghamton University,PUBLIC,2.0,15.0,49513.0,18683.0,3095.0,0.377335245289116,0.16565862013595248,660.0,700.0,730.0,660.0,710.0,760.0,29.0,32.0,34.0,-0.5008742224203585,,
e55d640ece3d21afae9b956c,UIUC,REJECT,UNKNOWN,,,,,9.0,,,,,,False,REGEX,0.2,True,145637.0,EXACT,2023.0,University of Illinois Urbana-Champaign,PUBLIC,3.0,15.0,67398.0,29446.0,8325.0,0.436897237306745,0.28272091285743395,630.0,690.0,730.0,640.0,720.0,780.0,29.0,32.0,34.0,-0.25376412593204345,,
e55d640ece3d21afae9b956c,JHU,REJECT,UNKNOWN,,,,,9.0,,,,,,False,REGEX,0.2,True,162928.0,EXACT,2023.0,Johns Hopkins University,PRIVATE_NP,2.0,15.0,38926.0,2943.0,1418.0,0.07560499409135282,0.4818212708120965,750.0,760.0,780.0,780.0,790.0,800.0,34.0,35.0,35.0,-2.503617135450525,,
e55d640ece3d21afae9b956c,UCLA,REJECT,UNKNOWN,,,,,9.0,,,,,,False,REGEX,0.2,True,110662.0,EXACT,2023.0,University of California-Los Angeles,PUBLIC,8.0,15.0,145903.0,12736.0,6585.0,0.08729087133232354,0.5170383165829145,,,,,,,,,,-2.347171350561971,,
e55d640ece3d21afae9b956c,NYU,REJECT,UNKNOWN,,,,,9.0,,,,,,False,REGEX,0.2,True,193900.0,EXACT,2023.0,New York University,PRIVATE_NP,2.0,15.0,113578.0,10693.0,5818.0,0.09414675377273768,0.5440942672776583,720.0,750.0,770.0,760.0,780.0,800.0,33.0,34.0,35.0,-2.264022537844875,,
e55d640ece3d21afae9b956c,VANDY,REJECT,UNKNOWN,,,,,9.0,,,,,,False,REGEX,0.2,True,,UNRESOLVED,,,,,,,,,,,,,,,,,,,,,,
e55d640ece3d21afae9b956c,USC,REJECT,UNKNOWN,,,,,9.0,,,,,,False,REGEX,0.2,True,123961.0,EXACT,2023.0,University of Southern California,PRIVATE_NP,8.0,15.0,80808.0,8094.0,3633.0,0.10016335016335016,0.44885100074128986,700.0,730.0,760.0,740.0,780.0,790.0,32.0,33.0,35.0,-2.1954108917607313,,
e55d640ece3d21afae9b956c,RICE,REJECT,UNKNOWN,,,,,9.0,,,,,,False,REGEX,0.2,True,227757.0,EXACT,2023.0,Rice University,PRIVATE_NP,6.0,15.0,31059.0,2447.0,1125.0,0.0787855372033871,0.45974662852472414,730.0,760.0,770.0,770.0,790.0,800.0,34.0,35.0,36.0,-2.458963425785603,,
e55d640ece3d21afae9b956c,UCB,REJECT,UNKNOWN,,,,,9.0,,,,,,False,REGEX,0.2,True,,UNRESOLVED,,,,,,,,,,,,,,,,,,,,,,
e55d640ece3d21afae9b956c,COLUMBIA,REJECT,UNKNOWN,,,,,9.0,,,,,,False,REGEX,0.2,True,190150.0,EXACT,2023.0,Columbia University in the City of New York,PRIVATE_NP,2.0,15.0,57613.0,2439.0,1540.0,0.04233419540728655,0.6314063140631406,730.0,760.0,770.0,760.0,780.0,800.0,34.0,35.0,35.0,-3.118903708594342,,
e55d640ece3d21afae9b956c,CORNELL,REJECT,UNKNOWN,,,,,9.0,,,,,,False,REGEX,0.2,True,190415.0,EXACT,2023.0,Cornell University,PRIVATE_NP,2.0,15.0,65635.0,5358.0,3537.0,0.08163327492953455,0.6601343784994401,720.0,740.0,770.0,760.0,780.0,790.0,33.0,34.0,35.0,-2.4203598336469243,,
e55d640ece3d21afae9b956c,UPENN,REJECT,UNKNOWN,,,,,9.0,,,,,,False,REGEX,0.2,True,215062.0,EXACT,2023.0,University of Pennsylvania,PRIVATE_NP,2.0,15.0,59465.0,3489.0,2416.0,0.05867316909106197,0.6924620235024362,730.0,750.0,770.0,770.0,790.0,800.0,34.0,35.0,35.0,-2.7753078652389584,,
e55d640ece3d21afae9b956c,UMD,REJECT,UNKNOWN,,,,,9.0,,,,,,False,REGEX,0.2,True,163286.0,EXACT,2023.0,University of Maryland-College Park,PUBLIC,2.0,15.0,59377.0,26625.0,6197.0,0.44840594843121073,0.23275117370892018,670.0,710.0,740.0,700.0,750.0,780.0,32.0,33.0,35.0,-0.20711340488934457,,
e55d640ece3d21afae9b956c,STANFORD,REJECT,UNKNOWN,,,,,9.0,,,,,,False,REGEX,0.2,True,243744.0,EXACT,2023.0,Stanford University,PRIVATE_NP,8.0,15.0,53733.0,2099.0,1699.0,0.03906351776375784,0.8094330633635064,740.0,760.0,780.0,770.0,790.0,800.0,34.0,35.0,35.0,-3.202719329388706,,
47190163cda27ddbdc8724ae,umich,WAITLIST,UNKNOWN,,,,,16.0,,,,,,False,REGEX,0.2,True,170976.0,EXACT,2023.0,University of Michigan-Ann Arbor,PUBLIC,3.0,15.0,87632.0,15722.0,7466.0,0.17940934818331203,0.4748759699783743,670.0,720.0,750.0,680.0,750.0,780.0,31.0,33.0,34.0,-1.520354331742838,,
47190163cda27ddbdc8724ae,nyu stern,WAITLIST,UNKNOWN,,,,,16.0,,,,,,False,REGEX,0.2,True,193900.0,FUZZY,2023.0,New York University,PRIVATE_NP,2.0,15.0,113578.0,10693.0,5818.0,0.09414675377273768,0.5440942672776583,720.0,750.0,770.0,760.0,780.0,800.0,33.0,34.0,35.0,-2.264022537844875,,
47190163cda27ddbdc8724ae,vanderbilt,WAITLIST,UNKNOWN,,,,,16.0,,,,,,False,REGEX,0.2,True,221999.0,EXACT,2023.0,Vanderbilt University,PRIVATE_NP,5.0,15.0,45313.0,2844.0,1622.0,0.06276344536887869,0.570323488045007,740.0,760.0,770.0,770.0,780.0,790.0,34.0,35.0,35.0,-2.7035628860744794,,
47190163cda27ddbdc8724ae,emory,WAITLIST,UNKNOWN,,,,,16.0,,,,,,False,REGEX,0.2,True,139658.0,EXACT,2023.0,Emory University,PRIVATE_NP,5.0,15.0,31929.0,3543.0,1426.0,0.11096495349055717,0.4024837708156929,710.0,740.0,760.0,750.0,780.0,790.0,32.0,33.0,34.0,-2.0809222399937313,,
47190163cda27ddbdc8724ae,usc,REJECT,UNKNOWN,,,,,16.0,,,,,,False,REGEX,0.2,True,123961.0,EXACT,2023.0,University of Southern California,PRIVATE_NP,8.0,15.0,80808.0,8094.0,3633.0,0.10016335016335016,0.44885100074128986,700.0,730.0,760.0,740.0,780.0,790.0,32.0,33.0,35.0,-2.1954108917607313,,
47190163cda27ddbdc8724ae,georgetown,REJECT,UNKNOWN,,,,,16.0,,,,,,False,REGEX,0.2,True,156745.0,EXACT,2023.0,Georgetown College,PRIVATE_NP,5.0,21.0,1815.0,1341.0,307.0,0.7388429752066116,0.22893363161819538,520.0,580.0,610.0,510.0,550.0,620.0,21.0,23.0,26.0,1.039963561586602,,
47190163cda27ddbdc8724ae,cornell,REJECT,UNKNOWN,,,,,16.0,,,,,,False,REGEX,0.2,True,190415.0,EXACT,2023.0,Cornell University,PRIVATE_NP,2.0,15.0,65635.0,5358.0,3537.0,0.08163327492953455,0.6601343784994401,720.0,740.0,770.0,760.0,780.0,790.0,33.0,34.0,35.0,-2.4203598336469243,,
47190163cda27ddbdc8724ae,dartmouth,REJECT,UNKNOWN,,,,,16.0,,,,,,False,REGEX,0.2,True,182670.0,EXACT,2023.0,Dartmouth College,PRIVATE_NP,1.0,15.0,28841.0,1797.0,1206.0,0.062307132207621095,0.671118530884808,740.0,760.0,780.0,760.0,780.0,790.0,33.0,34.0,35.0,-2.7113465614270096,,
47190163cda27ddbdc8724ae,nyu,REJECT,UNKNOWN,,,,,16.0,,,,,,False,REGEX,0.2,True,193900.0,EXACT,2023.0,New York University,PRIVATE_NP,2.0,15.0,113578.0,10693.0,5818.0,0.09414675377273768,0.5440942672776583,720.0,750.0,770.0,760.0,780.0,800.0,33.0,34.0,35.0,-2.264022537844875,,
47190163cda27ddbdc8724ae,upenn,REJECT,UNKNOWN,,,,,16.0,,,,,,False,REGEX,0.2,True,215062.0,EXACT,2023.0,University of Pennsylvania,PRIVATE_NP,2.0,15.0,59465.0,3489.0,2416.0,0.05867316909106197,0.6924620235024362,730.0,750.0,770.0,770.0,790.0,800.0,34.0,35.0,35.0,-2.7753078652389584,,
47190163cda27ddbdc8724ae,unc chapel hill,REJECT,UNKNOWN,,,,,16.0,,,,,,False,REGEX,0.2,True,225371.0,FUZZY,,,,,,,,,,,,,,,,,,,,,,
47190163cda27ddbdc8724ae,ut austin,REJECT,UNKNOWN,,,,,16.0,,,,,,False,REGEX,0.2,True,228778.0,EXACT,2023.0,The University of Texas at Austin,PUBLIC,6.0,15.0,66109.0,19253.0,9385.0,0.29123114855768506,0.4874565002856698,620.0,680.0,730.0,610.0,690.0,760.0,27.0,31.0,33.0,-0.8894121760402826,,
47190163cda27ddbdc8724ae,penn state,ACCEPT,UNKNOWN,,,,,16.0,,,,,,False,REGEX,0.2,True,214591.0,FUZZY,2023.0,Pennsylvania State University-Penn State Erie-Behrend College,PUBLIC,2.0,-2.0,4827.0,4620.0,866.0,0.9571162212554382,0.18744588744588744,560.0,610.0,660.0,550.0,600.0,660.0,23.0,26.0,28.0,3.1054311908104153,,
47190163cda27ddbdc8724ae,villanova,ACCEPT,UNKNOWN,,,,,16.0,,,,,,False,REGEX,0.2,True,216597.0,EXACT,2023.0,Villanova University,PRIVATE_NP,2.0,16.0,23127.0,5810.0,1740.0,0.2512215159769966,0.29948364888123924,690.0,720.0,740.0,710.0,740.0,770.0,32.0,33.0,34.0,-1.092108107106194,,
011a84929054872e5d411fb7,Binghamton EA,ACCEPT,UNKNOWN,,,,,3.0,,,,,,False,REGEX_PARTIAL,0.2,True,196079.0,FUZZY,2023.0,Binghamton University,PUBLIC,2.0,15.0,49513.0,18683.0,3095.0,0.377335245289116,0.16565862013595248,660.0,700.0,730.0,660.0,710.0,760.0,29.0,32.0,34.0,-0.5008742224203585,,
011a84929054872e5d411fb7,Michigan State University RD,ACCEPT,UNKNOWN,,,,,3.0,,,,,,False,REGEX_PARTIAL,0.2,True,171100.0,FUZZY,2023.0,Michigan State University,PUBLIC,3.0,15.0,58879.0,49414.0,9533.0,0.8392465904651913,0.19292103452462864,580.0,630.0,670.0,570.0,620.0,680.0,26.0,28.0,31.0,1.6526330001918834,,
8ddcd76f143c0da9a624088a,Reach,REJECT,UNKNOWN,,,,,8.0,,,,,,False,REGEX_PARTIAL,0.2,True,497480.0,EXACT,2023.0,Reach University,PRIVATE_NP,8.0,-2.0,117.0,116.0,82.0,0.9914529914529915,0.7068965517241379,,,,,,,,,,4.753590191106368,,
27e369d38acf9885345754e2,UCLA,WAITLIST,UNKNOWN,,,,,,,,,,,False,REGEX_PARTIAL,0.2,True,110662.0,EXACT,2023.0,University of California-Los Angeles,PUBLIC,8.0,15.0,145903.0,12736.0,6585.0,0.08729087133232354,0.5170383165829145,,,,,,,,,,-2.347171350561971,,
5c470b783c586c1f21fda8d9,Harvard,REJECT,UNKNOWN,,,1510.0,,,,,,,,False,REGEX,0.4,True,166027.0,EXACT,2023.0,Harvard University,PRIVATE_NP,1.0,15.0,56937.0,1965.0,1645.0,0.03451182886348069,0.8371501272264631,740.0,760.0,780.0,760.0,790.0,800.0,34.0,35.0,36.0,-3.3313317193713807,-40.0,
5c470b783c586c1f21fda8d9,Yale,REJECT,UNKNOWN,,,1510.0,,,,,,,,False,REGEX,0.4,True,130794.0,EXACT,2023.0,Yale University,PRIVATE_NP,1.0,15.0,51803.0,2332.0,1641.0,0.045016697874640466,0.7036878216123499,740.0,760.0,780.0,760.0,780.0,800.0,33.0,34.0,35.0,-3.054660370818341,-30.0,
5c470b783c586c1f21fda8d9,Dartmouth,REJECT,UNKNOWN,,,1510.0,,,,,,,,False,REGEX,0.4,True,182670.0,EXACT,2023.0,Dartmouth College,PRIVATE_NP,1.0,15.0,28841.0,1797.0,1206.0,0.062307132207621095,0.671118530884808,740.0,760.0,780.0,760.0,780.0,790.0,33.0,34.0,35.0,-2.7113465614270096,-30.0,
5c470b783c586c1f21fda8d9,Brown,REJECT,UNKNOWN,,,1510.0,,,,,,,,False,REGEX,0.4,True,217156.0,EXACT,2023.0,Brown University,PRIVATE_NP,1.0,15.0,51316.0,2686.0,1695.0,0.052342349364720556,0.6310498883097543,740.0,760.0,770.0,760.0,780.0,800.0,34.0,35.0,35.0,-2.8961875263146486,-30.0,
5c470b783c586c1f21fda8d9,UPenn,REJECT,UNKNOWN,,,1510.0,,,,,,,,False,REGEX,0.4,True,215062.0,EXACT,2023.0,University of Pennsylvania,PRIVATE_NP,2.0,15.0,59465.0,3489.0,2416.0,0.05867316909106197,0.6924620235024362,730.0,750.0,770.0,770.0,790.0,800.0,34.0,35.0,35.0,-2.7753078652389584,-30.0,
5c470b783c586c1f21fda8d9,Columbia,REJECT,UNKNOWN,,,1510.0,,,,,,,,False,REGEX,0.4,True,190150.0,EXACT,2023.0,Columbia University in the City of New York,PRIVATE_NP,2.0,15.0,57613.0,2439.0,1540.0,0.04233419540728655,0.6314063140631406,730.0,760.0,770.0,760.0,780.0,800.0,34.0,35.0,35.0,-3.118903708594342,-30.0,
5c470b783c586c1f21fda8d9,Vanderbilt,REJECT,UNKNOWN,,,1510.0,,,,,,,,False,REGEX,0.4,True,221999.0,EXACT,2023.0,Vanderbilt University,PRIVATE_NP,5.0,15.0,45313.0,2844.0,1622.0,0.06276344536887869,0.570323488045007,740.0,760.0,770.0,770.0,780.0,790.0,34.0,35.0,35.0,-2.7035628860744794,-30.0,
5c470b783c586c1f21fda8d9,Northwestern,REJECT,UNKNOWN,,,1510.0,,,,,,,,False,REGEX,0.4,True,147767.0,EXACT,2023.0,Northwestern University,PRIVATE_NP,3.0,15.0,51769.0,3703.0,2111.0,0.07152929359269061,0.5700783148798272,730.0,750.0,770.0,760.0,780.0,790.0,33.0,34.0,35.0,-2.5634317645295592,-20.0,
5c470b783c586c1f21fda8d9,JHU,REJECT,UNKNOWN,,,1510.0,,,,,,,,False,REGEX,0.4,True,162928.0,EXACT,2023.0,Johns Hopkins University,PRIVATE_NP,2.0,15.0,38926.0,2943.0,1418.0,0.07560499409135282,0.4818212708120965,750.0,760.0,780.0,780.0,790.0,800.0,34.0,35.0,35.0,-2.503617135450525,-40.0,
5c470b783c586c1f21fda8d9,Cornell,REJECT,UNKNOWN,,,1510.0,,,,,,,,False,REGEX,0.4,True,190415.0,EXACT,2023.0,Cornell University,PRIVATE_NP,2.0,15.0,65635.0,5358.0,3537.0,0.08163327492953455,0.6601343784994401,720.0,740.0,770.0,760.0,780.0,790.0,33.0,34.0,35.0,-2.4203598336469243,-10.0,
5c470b783c586c1f21fda8d9,Emory,REJECT,UNKNOWN,,,1510.0,,,,,,,,False,REGEX,0.4,True,139658.0,EXACT,2023.0,Emory University,PRIVATE_NP,5.0,15.0,31929.0,3543.0,1426.0,0.11096495349055717,0.4024837708156929,710.0,740.0,760.0,750.0,780.0,790.0,32.0,33.0,34.0,-2.0809222399937313,-10.0,
5c470b783c586c1f21fda8d9,WashU,REJECT,UNKNOWN,,,1510.0,,,,,,,,False,REGEX,0.4,True,179867.0,EXACT,2023.0,Washington University in St Louis,PRIVATE_NP,4.0,15.0,32240.0,3855.0,1828.0,0.11957196029776675,0.474189364461738,730.0,750.0,770.0,770.0,790.0,800.0,33.0,34.0,35.0,-1.9964898296073967,-30.0,
7e2d6abf16c2a579f9076c58,UC Riverside,ACCEPT,UNKNOWN,,,,,12.0,,,,,,False,REGEX,0.2,True,,UNRESOLVED,,,,,,,,,,,,,,,,,,,,,,
7e2d6abf16c2a579f9076c58,UC Santa Cruz,ACCEPT,UNKNOWN,,,,,12.0,,,,,,False,REGEX,0.2,True,,UNRESOLVED,,,,,,,,,,,,,,,,,,,,,,
7e2d6abf16c2a579f9076c58,UC Davis,WAITLIST,UNKNOWN,,,,,12.0,,,,,,False,REGEX,0.2,True,110644.0,EXACT,2023.0,University of California-Davis,PUBLIC,8.0,15.0,94637.0,39400.0,6578.0,0.416327651975443,0.16695431472081218,,,,,,,,,,-0.33786720229032297,,
7e2d6abf16c2a579f9076c58,UC Irvine,REJECT,UNKNOWN,,,,,12.0,,,,,,False,REGEX,0.2,True,110653.0,EXACT,2023.0,University of California-Irvine,PUBLIC,8.0,15.0,121101.0,30962.0,6796.0,0.2556708862850018,0.21949486467282475,,,,,,,,,,-1.0685922772286862,,
7e2d6abf16c2a579f9076c58,UC sb,REJECT,UNKNOWN,,,,,12.0,,,,,,False,REGEX,0.2,True,,UNRESOLVED,,,,,,,,,,,,,,,,,,,,,,
7e2d6abf16c2a579f9076c58,UC sd,REJECT,UNKNOWN,,,,,12.0,,,,,,False,REGEX,0.2,True,,UNRESOLVED,,,,,,,,,,,,,,,,,,,,,,
7e2d6abf16c2a579f9076c58,UC la,REJECT,UNKNOWN,,,,,12.0,,,,,,False,REGEX,0.2,True,,UNRESOLVED,,,,,,,,,,,,,,,,,,,,,,
7e2d6abf16c2a579f9076c58,UC Berkeley,REJECT,UNKNOWN,,,,,12.0,,,,,,False,REGEX,0.2,True,110635.0,EXACT,2023.0,University of California-Berkeley,PUBLIC,8.0,15.0,125910.0,14677.0,6641.0,0.11656738940513064,0.4524766641684268,,,,,,,,,,-2.025345457752041,,
7e2d6abf16c2a579f9076c58,CSLB,ACCEPT,UNKNOWN,,,,,12.0,,,,,,False,REGEX,0.2,True,,UNRESOLVED,,,,,,,,,,,,,,,,,,,,,,
7e2d6abf16c2a579f9076c58,SJSU,WAITLIST,UNKNOWN,,,,,12.0,,,,,,False,REGEX,0.2,True,,UNRESOLVED,,,,,,,,,,,,,,,,,,,,,,
7e2d6abf16c2a579f9076c58,SDSU,REJECT,UNKNOWN,,,,,12.0,,,,,,False,REGEX,0.2,True,122409.0,EXACT,2023.0,San Diego State University,PUBLIC,8.0,16.0,82800.0,28517.0,6162.0,0.34440821256038645,0.21608163551565732,,,,,,,,,,-0.6437107017425816,,
7e2d6abf16c2a579f9076c58,Cal Poly Slo,REJECT,UNKNOWN,,,,,12.0,,,,,,False,REGEX,0.2,True,,UNRESOLVED,,,,,,,,,,,,,,,,,,,,,,
7e2d6abf16c2a579f9076c58,UIUC,REJECT,UNKNOWN,,,,,12.0,,,,,,False,REGEX,0.2,True,145637.0,EXACT,2023.0,University of Illinois Urbana-Champaign,PUBLIC,3.0,15.0,67398.0,29446.0,8325.0,0.436897237306745,0.28272091285743395,630.0,690.0,730.0,640.0,720.0,780.0,29.0,32.0,34.0,-0.25376412593204345,,
7e2d6abf16c2a579f9076c58,Virginia Tech,WAITLIST,UNKNOWN,,,,,12.0,,,,,,False,REGEX,0.2,True,237905.0,FUZZY,,,,,,,,,,,,,,,,,,,,,,
7e2d6abf16c2a579f9076c58,Northwestern,REJECT,UNKNOWN,,,,,12.0,,,,,,False,REGEX,0.2,True,147767.0,EXACT,2023.0,Northwestern University,PRIVATE_NP,3.0,15.0,51769.0,3703.0,2111.0,0.07152929359269061,0.5700783148798272,730.0,750.0,770.0,760.0,780.0,790.0,33.0,34.0,35.0,-2.5634317645295592,,
7e2d6abf16c2a579f9076c58,Northeastern,WAITLIST,UNKNOWN,,,,,12.0,,,,,,False,REGEX,0.2,True,167358.0,EXACT,2023.0,Northeastern University,PRIVATE_NP,1.0,15.0,96631.0,5459.0,2744.0,0.056493257857209385,0.502656164132625,710.0,730.0,760.0,750.0,770.0,790.0,33.0,34.0,35.0,-2.8154822095972705,,
7e2d6abf16c2a579f9076c58,USC,REJECT,UNKNOWN,,,,,12.0,,,,,,False,REGEX,0.2,True,123961.0,EXACT,2023.0,University of Southern California,PRIVATE_NP,8.0,15.0,80808.0,8094.0,3633.0,0.10016335016335016,0.44885100074128986,700.0,730.0,760.0,740.0,780.0,790.0,32.0,33.0,35.0,-2.1954108917607313,,
7e2d6abf16c2a579f9076c58,NYU,REJECT,UNKNOWN,,,,,12.0,,,,,,False,REGEX,0.2,True,193900.0,EXACT,2023.0,New York University,PRIVATE_NP,2.0,15.0,113578.0,10693.0,5818.0,0.09414675377273768,0.5440942672776583,720.0,750.0,770.0,760.0,780.0,800.0,33.0,34.0,35.0,-2.264022537844875,,
7e2d6abf16c2a579f9076c58,BU,REJECT,UNKNOWN,,,,,12.0,,,,,,False,REGEX,0.2,True,,UNRESOLVED,,,,,,,,,,,,,,,,,,,,,,
7e2d6abf16c2a579f9076c58,UVA,REJECT,UNKNOWN,,,,,12.0,,,,,,False,REGEX,0.2,True,234076.0,EXACT,2023.0,University of Virginia-Main Campus,PUBLIC,5.0,15.0,56528.0,9533.0,3966.0,0.16864208887630908,0.41602853246617016,700.0,730.0,750.0,710.0,760.0,780.0,32.0,33.0,34.0,-1.5952817495608238,,
7e2d6abf16c2a579f9076c58,UW,REJECT,UNKNOWN,,,,,12.0,,,,,,False,REGEX,0.2,True,,UNRESOLVED,,,,,,,,,,,,,,,,,,,,,,
7e2d6abf16c2a579f9076c58,Vandi,REJECT,UNKNOWN,,,,,12.0,,,,,,False,REGEX,0.2,True,,UNRESOLVED,,,,,,,,,,,,,,,,,,,,,,
7e2d6abf16c2a579f9076c58,Wash U,REJECT,UNKNOWN,,,,,12.0,,,,,,False,REGEX,0.2,True,,UNRESOLVED,,,,,,,,,,,,,,,,,,,,,,
015a4f6bcae40f0014af344d,renewable scholarship,ACCEPT,UNKNOWN,,,,,,,,,,,False,REGEX_PARTIAL,0.2,True,,UNRESOLVED,,,,,,,,,,,,,,,,,,,,,,
5c7beaf5a8b862f3d1b4c02a,Marist College EA,ACCEPT,UNKNOWN,,,1130.0,,11.0,,,,,,False,REGEX_PARTIAL,0.4,True,192819.0,FUZZY,2023.0,Marist College,PRIVATE_NP,2.0,18.0,10224.0,6616.0,1287.0,0.6471048513302035,0.19452841596130593,620.0,650.0,690.0,600.0,630.0,670.0,27.0,28.0,30.0,0.606337355521013,-150.0,
5c7beaf5a8b862f3d1b4c02a,Indiana EA,ACCEPT,UNKNOWN,,,1130.0,,11.0,,,,,,False,REGEX_PARTIAL,0.4,True,151388.0,FUZZY,2023.0,Indiana University-East,PUBLIC,3.0,20.0,1749.0,1246.0,336.0,0.7124070897655803,0.2696629213483146,500.0,570.0,610.0,510.0,560.0,610.0,20.0,23.0,25.0,0.9071035292476592,0.0,
8b18be3da7cb9e74a7d849fc,Direct,ACCEPT,UNKNOWN,3.9,4.39,,,3.0,,,,,,False,REGEX_PARTIAL,0.4,True,,UNRESOLVED,,,,,,,,,,,,,,,,,,,,,,
873b4649b007423fdeedfa50,ucsb,WAITLIST,UNKNOWN,3.73,4.38,,,10.0,,,,,,False,REGEX,0.4,True,110705.0,EXACT,2023.0,University of California-Santa Barbara,PUBLIC,8.0,15.0,110871.0,30804.0,5043.0,0.2778364044700598,0.16371250486949745,,,,,,,,,,-0.9552192324894392,,
873b4649b007423fdeedfa50,ucr,ACCEPT,UNKNOWN,3.73,4.38,,,10.0,,,,,,False,REGEX,0.4,True,,UNRESOLVED,,,,,,,,,,,,,,,,,,,,,,
873b4649b007423fdeedfa50,ucsc,ACCEPT,UNKNOWN,3.73,4.38,,,10.0,,,,,,False,REGEX,0.4,True,,UNRESOLVED,,,,,,,,,,,,,,,,,,,,,,
873b4649b007423fdeedfa50,northeastern,ACCEPT,UNKNOWN,3.73,4.38,,,10.0,,,,,,False,REGEX,0.4,True,167358.0,EXACT,2023.0,Northeastern University,PRIVATE_NP,1.0,15.0,96631.0,5459.0,2744.0,0.056493257857209385,0.502656164132625,710.0,730.0,760.0,750.0,770.0,790.0,33.0,34.0,35.0,-2.8154822095972705,,
873b4649b007423fdeedfa50,cal poly slo,ACCEPT,UNKNOWN,3.73,4.38,,,10.0,,,,,,False,REGEX,0.4,True,,UNRESOLVED,,,,,,,,,,,,,,,,,,,,,,
873b4649b007423fdeedfa50,sdsu,WAITLIST,UNKNOWN,3.73,4.38,,,10.0,,,,,,False,REGEX,0.4,True,122409.0,EXACT,2023.0,San Diego State University,PUBLIC,8.0,16.0,82800.0,28517.0,6162.0,0.34440821256038645,0.21608163551565732,,,,,,,,,,-0.6437107017425816,,
873b4649b007423fdeedfa50,santa clara,WAITLIST,UNKNOWN,3.73,4.38,,,10.0,,,,,,False,REGEX,0.4,True,122931.0,EXACT,2023.0,Santa Clara University,PRIVATE_NP,8.0,17.0,18843.0,8261.0,1552.0,0.43841214244016347,0.18787071783077108,660.0,700.0,730.0,680.0,720.0,770.0,30.0,31.0,33.0,-0.24760879890157164,,
873b4649b007423fdeedfa50,sjsu,ACCEPT,UNKNOWN,3.73,4.38,,,10.0,,,,,,False,REGEX,0.4,True,,UNRESOLVED,,,,,,,,,,,,,,,,,,,,,,
873b4649b007423fdeedfa50,usc,REJECT,UNKNOWN,3.73,4.38,,,10.0,,,,,,False,REGEX,0.4,True,123961.0,EXACT,2023.0,University of Southern California,PRIVATE_NP,8.0,15.0,80808.0,8094.0,3633.0,0.10016335016335016,0.44885100074128986,700.0,730.0,760.0,740.0,780.0,790.0,32.0,33.0,35.0,-2.1954108917607313,,
873b4649b007423fdeedfa50,stanford,REJECT,UNKNOWN,3.73,4.38,,,10.0,,,,,,False,REGEX,0.4,True,243744.0,EXACT,2023.0,Stanford University,PRIVATE_NP,8.0,15.0,53733.0,2099.0,1699.0,0.03906351776375784,0.8094330633635064,740.0,760.0,780.0,770.0,790.0,800.0,34.0,35.0,35.0,-3.202719329388706,,
873b4649b007423fdeedfa50,udub,WAITLIST,UNKNOWN,3.73,4.38,,,10.0,,,,,,False,REGEX,0.4,True,,UNRESOLVED,,,,,,,,,,,,,,,,,,,,,,
873b4649b007423fdeedfa50,purdue,ACCEPT,UNKNOWN,3.73,4.38,,,10.0,,,,,,False,REGEX,0.4,True,243780.0,EXACT,2023.0,Purdue University-Main Campus,PUBLIC,3.0,15.0,73083.0,36763.0,9381.0,0.503030800596582,0.25517504012186165,590.0,650.0,710.0,600.0,670.0,750.0,27.0,31.0,34.0,0.012123350870579806,,
873b4649b007423fdeedfa50,indiana,ACCEPT,UNKNOWN,3.73,4.38,,,10.0,,,,,,False,REGEX,0.4,True,151111.0,FUZZY,2023.0,Indiana University-Indianapolis,PUBLIC,3.0,16.0,15715.0,12791.0,3283.0,0.813935730194082,0.2566648424673599,520.0,570.0,620.0,520.0,570.0,610.0,21.0,24.0,28.0,1.475789256729724,,
195a0eea369341a3ac7b01b3,USC - EA,DEFER,UNKNOWN,4.0,4.2,1560.0,35.0,8.0,,,,,,False,REGEX_PARTIAL,0.6,False,123961.0,FUZZY,2023.0,University of Southern California,PRIVATE_NP,8.0,15.0,80808.0,8094.0,3633.0,0.10016335016335016,0.44885100074128986,700.0,730.0,760.0,740.0,780.0,790.0,32.0,33.0,35.0,-2.1954108917607313,50.0,
520ea67339d32b0e2c4ea352,UPitt,ACCEPT,UNKNOWN,,,,,,,,,,,False,REGEX,0.2,True,,UNRESOLVED,,,,,,,,,,,,,,,,,,,,,,
520ea67339d32b0e2c4ea352,UPortland,ACCEPT,UNKNOWN,,,,,,,,,,,False,REGEX,0.2,True,209825.0,FUZZY,2023.0,University of Portland,PRIVATE_NP,8.0,19.0,9041.0,8624.0,729.0,0.9538767835416436,0.08453153988868274,620.0,650.0,693.0,570.0,610.0,663.0,25.0,28.0,30.0,3.029218071349977,,
520ea67339d32b0e2c4ea352,Brandeis,ACCEPT,UNKNOWN,,,,,,,,,,,False,REGEX,0.2,True,165015.0,EXACT,2023.0,Brandeis University,PRIVATE_NP,1.0,15.0,11282.0,3984.0,865.0,0.3531288778585357,0.21711847389558234,690.0,720.0,750.0,700.0,750.0,780.0,31.0,33.0,34.0,-0.6053139982919041,,
520ea67339d32b0e2c4ea352,Occidental College,ACCEPT,UNKNOWN,,,,,,,,,,,False,REGEX,0.2,True,120254.0,EXACT,2023.0,Occidental College,PRIVATE_NP,8.0,21.0,6573.0,2622.0,532.0,0.3989046097672296,0.2028985507246377,690.0,730.0,750.0,670.0,720.0,750.0,31.0,33.0,34.0,-0.4100313260877457,,
43b730c51d6eb6de6d61cf84,UPitt,ACCEPT,UNKNOWN,,,,,,,,,,,False,REGEX,0.2,True,,UNRESOLVED,,,,,,,,,,,,,,,,,,,,,,
43b730c51d6eb6de6d61cf84,UPortland,ACCEPT,UNKNOWN,,,,,,,,,,,False,REGEX,0.2,True,209825.0,FUZZY,2023.0,University of Portland,PRIVATE_NP,8.0,19.0,9041.0,8624.0,729.0,0.9538767835416436,0.08453153988868274,620.0,650.0,693.0,570.0,610.0,663.0,25.0,28.0,30.0,3.029218071349977,,
43b730c51d6eb6de6d61cf84,Brandeis,ACCEPT,UNKNOWN,,,,,,,,,,,False,REGEX,0.2,True,165015.0,EXACT,2023.0,Brandeis University,PRIVATE_NP,1.0,15.0,11282.0,3984.0,865.0,0.3531288778585357,0.21711847389558234,690.0,720.0,750.0,700.0,750.0,780.0,31.0,33.0,34.0,-0.6053139982919041,,
43b730c51d6eb6de6d61cf84,Occidental College,ACCEPT,UNKNOWN,,,,,,,,,,,False,REGEX,0.2,True,120254.0,EXACT,2023.0,Occidental College,PRIVATE_NP,8.0,21.0,6573.0,2622.0,532.0,0.3989046097672296,0.2028985507246377,690.0,730.0,750.0,670.0,720.0,750.0,31.0,33.0,34.0,-0.4100313260877457,,
d5b439fd5b00e1c2677bf771,anyways results,ACCEPT,UNKNOWN,,,,,11.0,,,,,,False,REGEX_PARTIAL,0.2,True,,UNRESOLVED,,,,,,,,,,,,,,,,,,,,,,
1fb8f520aad1703ebb20e502,Iowa state,ACCEPT,UNKNOWN,3.98,4.83,,34.0,11.0,,,,,,False,REGEX,0.6,False,153603.0,EXACT,2023.0,Iowa State University,PUBLIC,4.0,15.0,22995.0,20496.0,5859.0,0.891324200913242,0.2858606557377049,550.0,620.0,660.0,560.0,620.0,690.0,21.0,24.0,28.0,2.1043390933015633,,
1fb8f520aad1703ebb20e502,University of Minnesota,ACCEPT,UNKNOWN,3.98,4.83,,34.0,11.0,,,,,,False,REGEX,0.6,False,173559.0,FUZZY,,,,,,,,,,,,,,,,,,,,,,
1fb8f520aad1703ebb20e502,Michigan State,ACCEPT,UNKNOWN,3.98,4.83,,34.0,11.0,,,,,,False,REGEX,0.6,False,171100.0,EXACT,2023.0,Michigan State University,PUBLIC,3.0,15.0,58879.0,49414.0,9533.0,0.8392465904651913,0.19292103452462864,580.0,630.0,670.0,570.0,620.0,680.0,26.0,28.0,31.0,1.6526330001918834,,
1fb8f520aad1703ebb20e502,University of Wisconsin-Madison,ACCEPT,UNKNOWN,3.98,4.83,,34.0,11.0,,,,,,False,REGEX,0.6,False,240444.0,EXACT,2023.0,University of Wisconsin-Madison,PUBLIC,3.0,15.0,63505.0,27529.0,7964.0,0.43349342571451066,0.2892949253514476,660.0,700.0,730.0,700.0,750.0,780.0,28.0,30.0,32.0,-0.2676120549837939,,
1fb8f520aad1703ebb20e502,Rose-Hulman,ACCEPT,UNKNOWN,3.98,4.83,,34.0,11.0,,,,,,False,REGEX,0.6,False,152318.0,FUZZY,2023.0,Rose-Hulman Institute of Technology,PRIVATE_NP,3.0,28.0,5384.0,3920.0,568.0,0.7280832095096582,0.14489795918367346,620.0,670.0,710.0,660.0,710.0,760.0,29.0,31.0,34.0,0.9849192382632511,,
1fb8f520aad1703ebb20e502,Northeastern,DEFER,UNKNOWN,3.98,4.83,,34.0,11.0,,,,,,False,REGEX,0.6,False,167358.0,EXACT,2023.0,Northeastern University,PRIVATE_NP,1.0,15.0,96631.0,5459.0,2744.0,0.056493257857209385,0.502656164132625,710.0,730.0,760.0,750.0,770.0,790.0,33.0,34.0,35.0,-2.8154822095972705,,
1fb8f520aad1703ebb20e502,MIT,DEFER,UNKNOWN,3.98,4.83,,34.0,11.0,,,,,,False,REGEX,0.6,False,166683.0,EXACT,2023.0,Massachusetts Institute of Technology,PRIVATE_NP,1.0,15.0,26904.0,1274.0,1091.0,0.04735355337496283,0.8563579277864992,730.0,760.0,780.0,780.0,790.0,800.0,34.0,35.0,36.0,-3.001601983226008,,
1fb8f520aad1703ebb20e502,Rice,ACCEPT,UNKNOWN,3.98,4.83,,34.0,11.0,,,,,,False,REGEX,0.6,False,227757.0,EXACT,2023.0,Rice University,PRIVATE_NP,6.0,15.0,31059.0,2447.0,1125.0,0.0787855372033871,0.45974662852472414,730.0,760.0,770.0,770.0,790.0,800.0,34.0,35.0,36.0,-2.458963425785603,,
6fecef1110c0add6f24f6a4c,FIU,ACCEPT,UNKNOWN,,,,32.0,15.0,,,,,,False,REGEX,0.4,True,,UNRESOLVED,,,,,,,,,,,,,,,,,,,,,,
6fecef1110c0add6f24f6a4c,UCF,DEFER,UNKNOWN,,,,32.0,15.0,,,,,,False,REGEX,0.4,True,,UNRESOLVED,,,,,,,,,,,,,,,,,,,,,,
6fecef1110c0add6f24f6a4c,UF,DEFER,UNKNOWN,,,,32.0,15.0,,,,,,False,REGEX,0.4,True,,UNRESOLVED,,,,,,,,,,,,,,,,,,,,,,
5b5d58bd71b746f9ccefeede,Texas A&M,ACCEPT,UNKNOWN,,,1570.0,,4.0,,,,,,False,REGEX,0.4,True,228723.0,EXACT,2023.0,Texas A & M University-College Station,PUBLIC,6.0,15.0,50832.0,32149.0,13753.0,0.6324559332703809,0.4277893558120004,570.0,630.0,680.0,570.0,630.0,700.0,25.0,28.0,31.0,0.5427673265231154,310.0,
5b5d58bd71b746f9ccefeede,Scripps College,REJECT,UNKNOWN,,,1570.0,,4.0,,,,,,False,REGEX,0.4,True,123165.0,EXACT,2023.0,Scripps College,PRIVATE_NP,8.0,21.0,3082.0,1046.0,275.0,0.3393900064892927,0.26290630975143403,720.0,740.0,760.0,700.0,740.0,770.0,32.0,33.0,34.0,-0.666013733045545,90.0,
5b5d58bd71b746f9ccefeede,Emory University,REJECT,UNKNOWN,,,1570.0,,4.0,,,,,,False,REGEX,0.4,True,139658.0,EXACT,2023.0,Emory University,PRIVATE_NP,5.0,15.0,31929.0,3543.0,1426.0,0.11096495349055717,0.4024837708156929,710.0,740.0,760.0,750.0,780.0,790.0,32.0,33.0,34.0,-2.0809222399937313,50.0,
5b5d58bd71b746f9ccefeede,Rice University,REJECT,UNKNOWN,,,1570.0,,4.0,,,,,,False,REGEX,0.4,True,227757.0,EXACT,2023.0,Rice University,PRIVATE_NP,6.0,15.0,31059.0,2447.0,1125.0,0.0787855372033871,0.45974662852472414,730.0,760.0,770.0,770.0,790.0,800.0,34.0,35.0,36.0,-2.458963425785603,20.0,
5b5d58bd71b746f9ccefeede,Carleton College,ACCEPT,UNKNOWN,,,1570.0,,4.0,,,,,,False,REGEX,0.4,True,173258.0,EXACT,2023.0,Carleton College,PRIVATE_NP,4.0,21.0,6464.0,1440.0,538.0,0.22277227722772278,0.3736111111111111,710.0,740.0,760.0,720.0,760.0,790.0,32.0,33.0,34.0,-1.2495833155779883,70.0,
5b5d58bd71b746f9ccefeede,Mount Holyoke,REJECT,UNKNOWN,,,1570.0,,4.0,,,,,,False,REGEX,0.4,True,166939.0,EXACT,2023.0,Mount Holyoke College,PRIVATE_NP,1.0,21.0,5030.0,1926.0,587.0,0.38290258449304176,0.3047767393561786,690.0,720.0,750.0,660.0,700.0,750.0,31.0,32.0,33.0,-0.4772462889450383,150.0,
5b5d58bd71b746f9ccefeede,Reed College,REJECT,UNKNOWN,,,1570.0,,4.0,,,,,,False,REGEX,0.4,True,209922.0,EXACT,2023.0,Reed College,PRIVATE_NP,8.0,21.0,10045.0,2728.0,351.0,0.2715778994524639,0.12866568914956011,670.0,710.0,760.0,630.0,700.0,750.0,29.0,32.0,34.0,-0.9866316679206772,160.0,
5b5d58bd71b746f9ccefeede,Smith College,REJECT,UNKNOWN,,,1570.0,,4.0,,,,,,False,REGEX,0.4,True,167835.0,EXACT,2023.0,Smith College,PRIVATE_NP,1.0,21.0,9869.0,1947.0,649.0,0.1972844259803425,0.3333333333333333,718.0,750.0,770.0,690.0,730.0,770.0,32.0,33.0,34.0,-1.4033539728096622,90.0,
5b5d58bd71b746f9ccefeede,Trinity University,REJECT,UNKNOWN,,,1570.0,,4.0,,,,,,False,REGEX,0.4,True,229267.0,EXACT,2023.0,Trinity University,PRIVATE_NP,6.0,21.0,11425.0,3217.0,659.0,0.28157549234135665,0.20484923842088903,670.0,700.0,735.0,650.0,690.0,730.0,30.0,32.0,33.0,-0.9366600401715245,180.0,
5b5d58bd71b746f9ccefeede,UT Austin,REJECT,UNKNOWN,,,1570.0,,4.0,,,,,,False,REGEX,0.4,True,228778.0,EXACT,2023.0,The University of Texas at Austin,PUBLIC,6.0,15.0,66109.0,19253.0,9385.0,0.29123114855768506,0.4874565002856698,620.0,680.0,730.0,610.0,690.0,760.0,27.0,31.0,33.0,-0.8894121760402826,200.0,
3ff0326e6ffa4a44f26cbc17,Fordham,ACCEPT,UNKNOWN,,,,,,,,,,,False,REGEX,0.2,True,191241.0,EXACT,2023.0,Fordham University,PRIVATE_NP,2.0,16.0,43663.0,24573.0,2426.0,0.5627877149989694,0.09872624425182111,670.0,700.0,730.0,660.0,700.0,760.0,30.0,32.0,33.0,0.25248364146391855,,
3ff0326e6ffa4a44f26cbc17,Rutgers,ACCEPT,UNKNOWN,,,,,,,,,,,False,REGEX,0.2,True,186380.0,EXACT,2023.0,Rutgers University-New Brunswick,PUBLIC,2.0,15.0,43347.0,28326.0,7681.0,0.6534708284310333,0.2711643013485843,630.0,680.0,720.0,640.0,700.0,760.0,28.0,31.0,33.0,0.6343308887762874,,
3ff0326e6ffa4a44f26cbc17,Northeastern,ACCEPT,UNKNOWN,,,,,,,,,,,False,REGEX,0.2,True,167358.0,EXACT,2023.0,Northeastern University,PRIVATE_NP,1.0,15.0,96631.0,5459.0,2744.0,0.056493257857209385,0.502656164132625,710.0,730.0,760.0,750.0,770.0,790.0,33.0,34.0,35.0,-2.8154822095972705,,
3ff0326e6ffa4a44f26cbc17,Hamilton,REJECT,UNKNOWN,,,,,,,,,,,False,REGEX,0.2,True,191515.0,EXACT,2023.0,Hamilton College,PRIVATE_NP,2.0,21.0,9643.0,1135.0,462.0,0.11770195997096339,0.40704845814977975,700.0,740.0,770.0,710.0,750.0,780.0,32.0,33.0,35.0,-2.014374246404625,,
3ff0326e6ffa4a44f26cbc17,BostonU,REJECT,UNKNOWN,,,,,,,,,,,False,REGEX,0.2,True,164924.0,FUZZY,2023.0,Boston College,PRIVATE_NP,1.0,15.0,36069.0,5645.0,2335.0,0.15650558651473565,0.4136403897254207,710.0,730.0,760.0,720.0,760.0,780.0,33.0,34.0,34.0,-1.684461573024333,,
3ff0326e6ffa4a44f26cbc17,Reed,ACCEPT,UNKNOWN,,,,,,,,,,,False,REGEX,0.2,True,209922.0,EXACT,2023.0,Reed College,PRIVATE_NP,8.0,21.0,10045.0,2728.0,351.0,0.2715778994524639,0.12866568914956011,670.0,710.0,760.0,630.0,700.0,750.0,29.0,32.0,34.0,-0.9866316679206772,,
4c6edb69ebfa18624e26662d,UMich,ACCEPT,UNKNOWN,,,,,,,,,,,False,REGEX,0.2,True,170976.0,EXACT,2023.0,University of Michigan-Ann Arbor,PUBLIC,3.0,15.0,87632.0,15722.0,7466.0,0.17940934818331203,0.4748759699783743,670.0,720.0,750.0,680.0,750.0,780.0,31.0,33.0,34.0,-1.520354331742838,,
4c6edb69ebfa18624e26662d,MIT,DEFER,UNKNOWN,,,,,,,,,,,False,REGEX,0.2,True,166683.0,EXACT,2023.0,Massachusetts Institute of Technology,PRIVATE_NP,1.0,15.0,26904.0,1274.0,1091.0,0.04735355337496283,0.8563579277864992,730.0,760.0,780.0,780.0,790.0,800.0,34.0,35.0,36.0,-3.001601983226008,,
4c6edb69ebfa18624e26662d,UT Austin,REJECT,UNKNOWN,,,,,,,,,,,False,REGEX,0.2,True,228778.0,EXACT,2023.0,The University of Texas at Austin,PUBLIC,6.0,15.0,66109.0,19253.0,9385.0,0.29123114855768506,0.4874565002856698,620.0,680.0,730.0,610.0,690.0,760.0,27.0,31.0,33.0,-0.8894121760402826,,
4c6edb69ebfa18624e26662d,Purdue,DEFER,UNKNOWN,,,,,,,,,,,False,REGEX,0.2,True,243780.0,EXACT,2023.0,Purdue University-Main Campus,PUBLIC,3.0,15.0,73083.0,36763.0,9381.0,0.503030800596582,0.25517504012186165,590.0,650.0,710.0,600.0,670.0,750.0,27.0,31.0,34.0,0.012123350870579806,,
4c6edb69ebfa18624e26662d,UW Seattle,ACCEPT,UNKNOWN,,,,,,,,,,,False,REGEX,0.2,True,236595.0,FUZZY,2023.0,Seattle University,PRIVATE_NP,8.0,17.0,8976.0,6826.0,1049.0,0.7604723707664884,0.15367711690594785,570.0,630.0,670.0,560.0,630.0,680.0,23.0,27.0,30.0,1.155271008344944,,
4c6edb69ebfa18624e26662d,Georgia Tech,REJECT,UNKNOWN,,,,,,,,,,,False,REGEX,0.2,True,139755.0,EXACT,2023.0,Georgia Institute of Technology-Main Campus,PUBLIC,5.0,15.0,52377.0,8622.0,3763.0,0.1646142390744029,0.43644166086754815,650.0,700.0,740.0,680.0,750.0,790.0,28.0,32.0,34.0,-1.6242888156628517,,
4c6edb69ebfa18624e26662d,Ohio State,ACCEPT,UNKNOWN,,,,,,,,,,,False,REGEX,0.2,True,204662.0,FUZZY,,,,,,,,,,,,,,,,,,,,,,
4c6edb69ebfa18624e26662d,UK,ACCEPT,UNKNOWN,,,,,,,,,,,False,REGEX,0.2,True,,UNRESOLVED,,,,,,,,,,,,,,,,,,,,,,
4c6edb69ebfa18624e26662d,Penn State,ACCEPT,UNKNOWN,,,,,,,,,,,False,REGEX,0.2,True,214591.0,FUZZY,2023.0,Pennsylvania State University-Penn State Erie-Behrend College,PUBLIC,2.0,-2.0,4827.0,4620.0,866.0,0.9571162212554382,0.18744588744588744,560.0,610.0,660.0,550.0,600.0,660.0,23.0,26.0,28.0,3.1054311908104153,,
7f9b3fd61003347b3801cb97,Princeton,REJECT,UNKNOWN,,,,,14.0,,,,,,False,REGEX,0.2,True,186131.0,EXACT,2023.0,Princeton University,PRIVATE_NP,2.0,15.0,39644.0,1782.0,1366.0,0.04495005549389567,0.7665544332210998,740.0,760.0,780.0,760.0,780.0,800.0,34.0,34.0,35.0,-3.0562116415391007,,
7f9b3fd61003347b3801cb97,Johns Hopkins,WAITLIST,UNKNOWN,,,,,14.0,,,,,,False,REGEX,0.2,True,162928.0,EXACT,2023.0,Johns Hopkins University,PRIVATE_NP,2.0,15.0,38926.0,2943.0,1418.0,0.07560499409135282,0.4818212708120965,750.0,760.0,780.0,780.0,790.0,800.0,34.0,35.0,35.0,-2.503617135450525,,
7f9b3fd61003347b3801cb97,Purdue,ACCEPT,UNKNOWN,,,,,14.0,,,,,,False,REGEX,0.2,True,243780.0,EXACT,2023.0,Purdue University-Main Campus,PUBLIC,3.0,15.0,73083.0,36763.0,9381.0,0.503030800596582,0.25517504012186165,590.0,650.0,710.0,600.0,670.0,750.0,27.0,31.0,34.0,0.012123350870579806,,
7f9b3fd61003347b3801cb97,UCLA,WAITLIST,UNKNOWN,,,,,14.0,,,,,,False,REGEX,0.2,True,110662.0,EXACT,2023.0,University of California-Los Angeles,PUBLIC,8.0,15.0,145903.0,12736.0,6585.0,0.08729087133232354,0.5170383165829145,,,,,,,,,,-2.347171350561971,,
7f9b3fd61003347b3801cb97,Carnegie Mellon,WAITLIST,UNKNOWN,,,,,14.0,,,,,,False,REGEX,0.2,True,211440.0,EXACT,2023.0,Carnegie Mellon University,PRIVATE_NP,2.0,15.0,33707.0,3843.0,1708.0,0.11401192630610853,0.4444444444444444,730.0,750.0,770.0,770.0,790.0,800.0,34.0,35.0,35.0,-2.0504004300295757,,
7f9b3fd61003347b3801cb97,UC San Diego,WAITLIST,UNKNOWN,,,,,14.0,,,,,,False,REGEX,0.2,True,110680.0,EXACT,2023.0,University of California-San Diego,PUBLIC,8.0,15.0,130771.0,32062.0,7005.0,0.2451766829037019,0.21848293930509638,,,,,,,,,,-1.1245045994251517,,
7f9b3fd61003347b3801cb97,MIT,REJECT,UNKNOWN,,,,,14.0,,,,,,False,REGEX,0.2,True,166683.0,EXACT,2023.0,Massachusetts Institute of Technology,PRIVATE_NP,1.0,15.0,26904.0,1274.0,1091.0,0.04735355337496283,0.8563579277864992,730.0,760.0,780.0,780.0,790.0,800.0,34.0,35.0,36.0,-3.001601983226008,,
7f9b3fd61003347b3801cb97,UC Irvine,ACCEPT,UNKNOWN,,,,,14.0,,,,,,False,REGEX,0.2,True,110653.0,EXACT,2023.0,University of California-Irvine,PUBLIC,8.0,15.0,121101.0,30962.0,6796.0,0.2556708862850018,0.21949486467282475,,,,,,,,,,-1.0685922772286862,,
7f9b3fd61003347b3801cb97,Georgia Tech,REJECT,UNKNOWN,,,,,14.0,,,,,,False,REGEX,0.2,True,139755.0,EXACT,2023.0,Georgia Institute of Technology-Main Campus,PUBLIC,5.0,15.0,52377.0,8622.0,3763.0,0.1646142390744029,0.43644166086754815,650.0,700.0,740.0,680.0,750.0,790.0,28.0,32.0,34.0,-1.6242888156628517,,
7f9b3fd61003347b3801cb97,UMich,DEFER,UNKNOWN,,,,,14.0,,,,,,False,REGEX,0.2,True,170976.0,EXACT,2023.0,University of Michigan-Ann Arbor,PUBLIC,3.0,15.0,87632.0,15722.0,7466.0,0.17940934818331203,0.4748759699783743,670.0,720.0,750.0,680.0,750.0,780.0,31.0,33.0,34.0,-1.520354331742838,,
7f9b3fd61003347b3801cb97,UW-Madison,ACCEPT,UNKNOWN,,,,,14.0,,,,,,False,REGEX,0.2,True,,UNRESOLVED,,,,,,,,,,,,,,,,,,,,,,
7f9b3fd61003347b3801cb97,UT Austin,REJECT,UNKNOWN,,,,,14.0,,,,,,False,REGEX,0.2,True,228778.0,EXACT,2023.0,The University of Texas at Austin,PUBLIC,6.0,15.0,66109.0,19253.0,9385.0,0.29123114855768506,0.4874565002856698,620.0,680.0,730.0,610.0,690.0,760.0,27.0,31.0,33.0,-0.8894121760402826,,
de7011155f053bc4fa1c5da2,auto,ACCEPT,UNKNOWN,,,1380.0,,12.0,,,,,,False,REGEX_PARTIAL,0.4,True,369400.0,FUZZY,,,,,,,,,,,,,,,,,,,,,,
8c278eced55e4894b57ace53,- Johns Hopkins,REJECT,UNKNOWN,,,,,,,,,,,False,REGEX,0.2,True,162928.0,EXACT,2023.0,Johns Hopkins University,PRIVATE_NP,2.0,15.0,38926.0,2943.0,1418.0,0.07560499409135282,0.4818212708120965,750.0,760.0,780.0,780.0,790.0,800.0,34.0,35.0,35.0,-2.503617135450525,,
8c278eced55e4894b57ace53,- NEU,DEFER,UNKNOWN,,,,,,,,,,,False,REGEX,0.2,True,,UNRESOLVED,,,,,,,,,,,,,,,,,,,,,,
8c278eced55e4894b57ace53,- Ucm,ACCEPT,UNKNOWN,,,,,,,,,,,False,REGEX,0.2,True,,UNRESOLVED,,,,,,,,,,,,,,,,,,,,,,
8c278eced55e4894b57ace53,- Ucr,ACCEPT,UNKNOWN,,,,,,,,,,,False,REGEX,0.2,True,,UNRESOLVED,,,,,,,,,,,,,,,,,,,,,,
8c278eced55e4894b57ace53,- Ucd,ACCEPT,UNKNOWN,,,,,,,,,,,False,REGEX,0.2,True,,UNRESOLVED,,,,,,,,,,,,,,,,,,,,,,
8c278eced55e4894b57ace53,- Ucsd,ACCEPT,UNKNOWN,,,,,,,,,,,False,REGEX,0.2,True,110680.0,EXACT,2023.0,University of California-San Diego,PUBLIC,8.0,15.0,130771.0,32062.0,7005.0,0.2451766829037019,0.21848293930509638,,,,,,,,,,-1.1245045994251517,,
8c278eced55e4894b57ace53,- Uci,ACCEPT,UNKNOWN,,,,,,,,,,,False,REGEX,0.2,True,,UNRESOLVED,,,,,,,,,,,,,,,,,,,,,,
8c278eced55e4894b57ace53,- WashU,ACCEPT,UNKNOWN,,,,,,,,,,,False,REGEX,0.2,True,179867.0,EXACT,2023.0,Washington University in St Louis,PRIVATE_NP,4.0,15.0,32240.0,3855.0,1828.0,0.11957196029776675,0.474189364461738,730.0,750.0,770.0,770.0,790.0,800.0,33.0,34.0,35.0,-1.9964898296073967,,
8c278eced55e4894b57ace53,- Case western,ACCEPT,UNKNOWN,,,,,,,,,,,False,REGEX,0.2,True,201645.0,FUZZY,2023.0,Case Western Reserve University,PRIVATE_NP,3.0,15.0,39033.0,11193.0,1544.0,0.28675735915763584,0.13794335745555258,700.0,720.0,750.0,730.0,770.0,790.0,32.0,34.0,35.0,-0.9111852525590886,,
8c278eced55e4894b57ace53,- UWash,ACCEPT,UNKNOWN,,,,,,,,,,,False,REGEX,0.2,True,,UNRESOLVED,,,,,,,,,,,,,,,,,,,,,,
97e3cf7a528b6704868aacf6,UMass Amherst,ACCEPT,UNKNOWN,3.8,4.0,,,7.0,,,,,,False,REGEX,0.4,True,166629.0,EXACT,2023.0,University of Massachusetts-Amherst,PUBLIC,1.0,15.0,50424.0,29129.0,5286.0,0.577681262890687,0.1814686395001545,650.0,690.0,720.0,650.0,700.0,760.0,29.0,31.0,33.0,0.3132619381363372,,
97e3cf7a528b6704868aacf6,Clark University,ACCEPT,UNKNOWN,3.8,4.0,,,7.0,,,,,,False,REGEX,0.4,True,165334.0,EXACT,2023.0,Clark University,PRIVATE_NP,1.0,16.0,10730.0,4471.0,629.0,0.41668219944082013,0.14068441064638784,640.0,680.0,710.0,600.0,640.0,690.0,30.0,31.0,33.0,-0.33640833069072085,,
97e3cf7a528b6704868aacf6,MIT,REJECT,UNKNOWN,3.8,4.0,,,7.0,,,,,,False,REGEX,0.4,True,166683.0,EXACT,2023.0,Massachusetts Institute of Technology,PRIVATE_NP,1.0,15.0,26904.0,1274.0,1091.0,0.04735355337496283,0.8563579277864992,730.0,760.0,780.0,780.0,790.0,800.0,34.0,35.0,36.0,-3.001601983226008,,
97e3cf7a528b6704868aacf6,UMB,ACCEPT,UNKNOWN,3.8,4.0,,,7.0,,,,,,False,REGEX,0.4,True,,UNRESOLVED,,,,,,,,,,,,,,,,,,,,,,
97e3cf7a528b6704868aacf6,Northeastern,DEFER,UNKNOWN,3.8,4.0,,,7.0,,,,,,False,REGEX,0.4,True,167358.0,EXACT,2023.0,Northeastern University,PRIVATE_NP,1.0,15.0,96631.0,5459.0,2744.0,0.056493257857209385,0.502656164132625,710.0,730.0,760.0,750.0,770.0,790.0,33.0,34.0,35.0,-2.8154822095972705,,
844ad406b1a42ed52f9e9e97,University of Puget Sound EA,ACCEPT,UNKNOWN,3.3,3.8,,,8.0,,,,,,False,REGEX,0.4,True,236328.0,FUZZY,2023.0,University of Puget Sound,PRIVATE_NP,8.0,21.0,5548.0,4232.0,463.0,0.7627974044700793,0.10940453686200378,615.0,670.0,710.0,570.0,640.0,680.0,27.0,30.0,31.0,1.1680778616528726,,
844ad406b1a42ed52f9e9e97,Allegheny College EA,ACCEPT,UNKNOWN,3.3,3.8,,,8.0,,,,,,False,REGEX,0.4,True,210669.0,FUZZY,2023.0,Allegheny College,PRIVATE_NP,2.0,21.0,5045.0,2953.0,283.0,0.5853320118929634,0.09583474432780223,600.0,640.0,690.0,540.0,610.0,660.0,25.0,29.0,31.0,0.3447010565591092,,
844ad406b1a42ed52f9e9e97,St. Catherine's University EA,ACCEPT,UNKNOWN,3.3,3.8,,,8.0,,,,,,False,REGEX,0.4,True,175005.0,FUZZY,2023.0,St Catherine University,PRIVATE_NP,4.0,17.0,1703.0,1602.0,377.0,0.9406928948913682,0.23533083645443195,,,,,,,20.0,24.0,26.0,2.763887610787046,,
844ad406b1a42ed52f9e9e97,SUNY Geneseo EA,ACCEPT,UNKNOWN,3.3,3.8,,,8.0,,,,,,False,REGEX,0.4,True,196167.0,FUZZY,2023.0,SUNY College at Geneseo,PUBLIC,2.0,20.0,13479.0,8563.0,982.0,0.6352845166555382,0.11467943477753124,610.0,650.0,690.0,590.0,640.0,690.0,26.0,29.0,31.0,0.5549554043402665,,
844ad406b1a42ed52f9e9e97,Labor Relations ED,ACCEPT,UNKNOWN,3.3,3.8,,,8.0,,,,,,False,REGEX,0.4,True,,UNRESOLVED,,,,,,,,,,,,,,,,,,,,,,
1574782751cacb7ad0388592,Oberlin,REJECT,UNKNOWN,,,,,,,,,,,False,REGEX,0.2,True,204501.0,EXACT,2023.0,Oberlin College,PRIVATE_NP,3.0,21.0,11039.0,3641.0,779.0,0.3298306005978802,0.2139522109310629,700.0,730.0,760.0,670.0,710.0,750.0,30.0,32.0,33.0,-0.708951324216966,,
1574782751cacb7ad0388592,Haverford,REJECT,UNKNOWN,,,,,,,,,,,False,REGEX,0.2,True,212911.0,EXACT,2023.0,Haverford College,PRIVATE_NP,2.0,21.0,6391.0,825.0,373.0,0.12908777969018934,0.45212121212121215,710.0,730.0,760.0,720.0,760.0,780.0,33.0,34.0,35.0,-1.9090485557511552,,
1574782751cacb7ad0388592,Skidmore,REJECT,UNKNOWN,,,,,,,,,,,False,REGEX,0.2,True,195526.0,EXACT,2023.0,Skidmore College,PRIVATE_NP,2.0,21.0,12144.0,2784.0,735.0,0.22924901185770752,0.2640086206896552,660.0,690.0,730.0,640.0,680.0,730.0,30.0,32.0,33.0,-1.2125565480173275,,
1574782751cacb7ad0388592,Rochester,REJECT,UNKNOWN,,,,,,,,,,,False,REGEX,0.2,True,195030.0,EXACT,2023.0,University of Rochester,PRIVATE_NP,2.0,15.0,21680.0,7773.0,1543.0,0.35853321033210334,0.19850765470217419,690.0,720.0,750.0,710.0,760.0,790.0,31.0,33.0,34.0,-0.5817361202483913,,
1574782751cacb7ad0388592,Fordham,REJECT,UNKNOWN,,,,,,,,,,,False,REGEX,0.2,True,191241.0,EXACT,2023.0,Fordham University,PRIVATE_NP,2.0,16.0,43663.0,24573.0,2426.0,0.5627877149989694,0.09872624425182111,670.0,700.0,730.0,660.0,700.0,760.0,30.0,32.0,33.0,0.25248364146391855,,
4d639208e44b249dc11160d0,Ole miss,ACCEPT,UNKNOWN,,,,14.0,14.0,,,,,,False,REGEX,0.4,True,,UNRESOLVED,,,,,,,,,,,,,,,,,,,,,,
4d639208e44b249dc11160d0,Ucf,ACCEPT,UNKNOWN,,,,14.0,14.0,,,,,,False,REGEX,0.4,True,,UNRESOLVED,,,,,,,,,,,,,,,,,,,,,,
4d639208e44b249dc11160d0,FSU,ACCEPT,UNKNOWN,,,,14.0,14.0,,,,,,False,REGEX,0.4,True,,UNRESOLVED,,,,,,,,,,,,,,,,,,,,,,
4d639208e44b249dc11160d0,UF,REJECT,UNKNOWN,,,,14.0,14.0,,,,,,False,REGEX,0.4,True,,UNRESOLVED,,,,,,,,,,,,,,,,,,,,,,
791ab5042c1cc36145b949b2,USC,DEFER,UNKNOWN,,,,,,,,,,,False,REGEX_PARTIAL,0.2,True,123961.0,EXACT,2023.0,University of Southern California,PRIVATE_NP,8.0,15.0,80808.0,8094.0,3633.0,0.10016335016335016,0.44885100074128986,700.0,730.0,760.0,740.0,780.0,790.0,32.0,33.0,35.0,-2.1954108917607313,,
791ab5042c1cc36145b949b2,Irvine,WAITLIST,UNKNOWN,,,,,,,,,,,False,REGEX_PARTIAL,0.2,True,110653.0,FUZZY,2023.0,University of California-Irvine,PUBLIC,8.0,15.0,121101.0,30962.0,6796.0,0.2556708862850018,0.21949486467282475,,,,,,,,,,-1.0685922772286862,,
9300aa8b0bdcdd64dcf7dfae,Duke ed,DEFER,UNKNOWN,,,,,,,,,,,False,REGEX,0.2,True,198419.0,FUZZY,2023.0,Duke University,PRIVATE_NP,5.0,15.0,46365.0,3145.0,1742.0,0.06783133829397174,0.5538950715421304,740.0,760.0,770.0,770.0,790.0,800.0,34.0,34.0,35.0,-2.6204894609263363,,
9300aa8b0bdcdd64dcf7dfae,Georgia Tech ea,ACCEPT,UNKNOWN,,,,,,,,,,,False,REGEX,0.2,True,139959.0,FUZZY,2023.0,University of Georgia,PUBLIC,5.0,15.0,43419.0,16151.0,6146.0,0.3719800087519289,0.3805337130827813,590.0,640.0,690.0,570.0,630.0,700.0,25.0,29.0,32.0,-0.5237318862441626,,
9300aa8b0bdcdd64dcf7dfae,State school,ACCEPT,UNKNOWN,,,,,,,,,,,False,REGEX,0.2,True,204778.0,FUZZY,,,,,,,,,,,,,,,,,,,,,,
9300aa8b0bdcdd64dcf7dfae,UVA EA,DEFER,UNKNOWN,,,,,,,,,,,False,REGEX,0.2,True,234076.0,FUZZY,2023.0,University of Virginia-Main Campus,PUBLIC,5.0,15.0,56528.0,9533.0,3966.0,0.16864208887630908,0.41602853246617016,700.0,730.0,750.0,710.0,760.0,780.0,32.0,33.0,34.0,-1.5952817495608238,,
9300aa8b0bdcdd64dcf7dfae,WashU Rd,WAITLIST,UNKNOWN,,,,,,,,,,,False,REGEX,0.2,True,179867.0,FUZZY,2023.0,Washington University in St Louis,PRIVATE_NP,4.0,15.0,32240.0,3855.0,1828.0,0.11957196029776675,0.474189364461738,730.0,750.0,770.0,770.0,790.0,800.0,33.0,34.0,35.0,-1.9964898296073967,,
e0a7261f49123f7ead19a612,brown ed,REJECT,UNKNOWN,,,,,,,,,,,False,REGEX,0.2,True,217156.0,FUZZY,2023.0,Brown University,PRIVATE_NP,1.0,15.0,51316.0,2686.0,1695.0,0.052342349364720556,0.6310498883097543,740.0,760.0,770.0,760.0,780.0,800.0,34.0,35.0,35.0,-2.8961875263146486,,
e0a7261f49123f7ead19a612,uchicago ea,DEFER,UNKNOWN,,,,,,,,,,,False,REGEX,0.2,True,144050.0,FUZZY,2023.0,University of Chicago,PRIVATE_NP,3.0,15.0,38631.0,1849.0,1626.0,0.04786311511480417,0.879394267171444,740.0,760.0,770.0,770.0,790.0,800.0,34.0,35.0,35.0,-2.9903636426718014,,
e0a7261f49123f7ead19a612,Umich ea,ACCEPT,UNKNOWN,,,,,,,,,,,False,REGEX,0.2,True,170976.0,FUZZY,2023.0,University of Michigan-Ann Arbor,PUBLIC,3.0,15.0,87632.0,15722.0,7466.0,0.17940934818331203,0.4748759699783743,670.0,720.0,750.0,680.0,750.0,780.0,31.0,33.0,34.0,-1.520354331742838,,
e0a7261f49123f7ead19a612,UNC ea,WAITLIST,UNKNOWN,,,,,,,,,,,False,REGEX,0.2,True,,UNRESOLVED,,,,,,,,,,,,,,,,,,,,,,
e0a7261f49123f7ead19a612,villanova ea,ACCEPT,UNKNOWN,,,,,,,,,,,False,REGEX,0.2,True,216597.0,FUZZY,2023.0,Villanova University,PRIVATE_NP,2.0,16.0,23127.0,5810.0,1740.0,0.2512215159769966,0.29948364888123924,690.0,720.0,740.0,710.0,740.0,770.0,32.0,33.0,34.0,-1.092108107106194,,
e0a7261f49123f7ead19a612,northeastern rd,ACCEPT,UNKNOWN,,,,,,,,,,,False,REGEX,0.2,True,167358.0,FUZZY,2023.0,Northeastern University,PRIVATE_NP,1.0,15.0,96631.0,5459.0,2744.0,0.056493257857209385,0.502656164132625,710.0,730.0,760.0,750.0,770.0,790.0,33.0,34.0,35.0,-2.8154822095972705,,
e0a7261f49123f7ead19a612,washu rd,WAITLIST,UNKNOWN,,,,,,,,,,,False,REGEX,0.2,True,179867.0,FUZZY,2023.0,Washington University in St Louis,PRIVATE_NP,4.0,15.0,32240.0,3855.0,1828.0,0.11957196029776675,0.474189364461738,730.0,750.0,770.0,770.0,790.0,800.0,33.0,34.0,35.0,-1.9964898296073967,,
0a7b0d75b2d02bb0639d8a40,usc,REJECT,UNKNOWN,,,,,,,,,,,False,REGEX,0.2,True,123961.0,EXACT,2023.0,University of Southern California,PRIVATE_NP,8.0,15.0,80808.0,8094.0,3633.0,0.10016335016335016,0.44885100074128986,700.0,730.0,760.0,740.0,780.0,790.0,32.0,33.0,35.0,-2.1954108917607313,,
0a7b0d75b2d02bb0639d8a40,scripps,REJECT,UNKNOWN,,,,,,,,,,,False,REGEX,0.2,True,123165.0,EXACT,2023.0,Scripps College,PRIVATE_NP,8.0,21.0,3082.0,1046.0,275.0,0.3393900064892927,0.26290630975143403,720.0,740.0,760.0,700.0,740.0,770.0,32.0,33.0,34.0,-0.666013733045545,,
0a7b0d75b2d02bb0639d8a40,fordham,DEFER,UNKNOWN,,,,,,,,,,,False,REGEX,0.2,True,191241.0,EXACT,2023.0,Fordham University,PRIVATE_NP,2.0,16.0,43663.0,24573.0,2426.0,0.5627877149989694,0.09872624425182111,670.0,700.0,730.0,660.0,700.0,760.0,30.0,32.0,33.0,0.25248364146391855,,
0a7b0d75b2d02bb0639d8a40,william and mary,REJECT,UNKNOWN,,,,,,,,,,,False,REGEX,0.2,True,200217.0,FUZZY,2023.0,University of Mary,PRIVATE_NP,4.0,17.0,1577.0,1234.0,559.0,0.7824984147114775,0.4529983792544571,,,,,,,,,,1.2802857572993933,,
0a7b0d75b2d02bb0639d8a40,tulane,REJECT,UNKNOWN,,,,,,,,,,,False,REGEX,0.2,True,160755.0,EXACT,2023.0,Tulane University of Louisiana,PRIVATE_NP,5.0,15.0,27936.0,4077.0,1867.0,0.14594072164948454,0.457934755948001,690.0,720.0,750.0,700.0,730.0,760.0,31.0,32.0,33.0,-1.7668000808059914,,
0a7b0d75b2d02bb0639d8a40,northeastern,ACCEPT,UNKNOWN,,,,,,,,,,,False,REGEX,0.2,True,167358.0,EXACT,2023.0,Northeastern University,PRIVATE_NP,1.0,15.0,96631.0,5459.0,2744.0,0.056493257857209385,0.502656164132625,710.0,730.0,760.0,750.0,770.0,790.0,33.0,34.0,35.0,-2.8154822095972705,,
0a7b0d75b2d02bb0639d8a40,skidmore,ACCEPT,UNKNOWN,,,,,,,,,,,False,REGEX,0.2,True,195526.0,EXACT,2023.0,Skidmore College,PRIVATE_NP,2.0,21.0,12144.0,2784.0,735.0,0.22924901185770752,0.2640086206896552,660.0,690.0,730.0,640.0,680.0,730.0,30.0,32.0,33.0,-1.2125565480173275,,
0a7b0d75b2d02bb0639d8a40,ut austin,REJECT,UNKNOWN,,,,,,,,,,,False,REGEX,0.2,True,228778.0,EXACT,2023.0,The University of Texas at Austin,PUBLIC,6.0,15.0,66109.0,19253.0,9385.0,0.29123114855768506,0.4874565002856698,620.0,680.0,730.0,610.0,690.0,760.0,27.0,31.0,33.0,-0.8894121760402826,,
0a7b0d75b2d02bb0639d8a40,grinnell,WAITLIST,UNKNOWN,,,,,,,,,,,False,REGEX,0.2,True,153384.0,EXACT,2023.0,Grinnell College,PRIVATE_NP,4.0,21.0,9988.0,1266.0,457.0,0.12675210252302763,0.3609794628751975,698.0,730.0,760.0,720.0,760.0,790.0,31.0,33.0,34.0,-1.9299862456985903,,
0a7b0d75b2d02bb0639d8a40,occidental,WAITLIST,UNKNOWN,,,,,,,,,,,False,REGEX,0.2,True,120254.0,EXACT,2023.0,Occidental College,PRIVATE_NP,8.0,21.0,6573.0,2622.0,532.0,0.3989046097672296,0.2028985507246377,690.0,730.0,750.0,670.0,720.0,750.0,31.0,33.0,34.0,-0.4100313260877457,,
0a7b0d75b2d02bb0639d8a40,george washington,WAITLIST,UNKNOWN,,,,,,,,,,,False,REGEX,0.2,True,131469.0,EXACT,2023.0,George Washington University,PRIVATE_NP,2.0,15.0,27094.0,11798.0,2539.0,0.4354469624271056,0.21520596711307002,680.0,720.0,750.0,670.0,710.0,750.0,31.0,32.0,34.0,-0.2596613307281621,,
0a7b0d75b2d02bb0639d8a40,kenyon,WAITLIST,UNKNOWN,,,,,,,,,,,False,REGEX,0.2,True,203535.0,EXACT,2023.0,Kenyon College,PRIVATE_NP,3.0,21.0,8218.0,2524.0,455.0,0.30713068873205157,0.18026941362916007,690.0,720.0,750.0,670.0,720.0,750.0,31.0,32.0,34.0,-0.8135680441768793,,
0a7b0d75b2d02bb0639d8a40,bard,ACCEPT,UNKNOWN,,,,,,,,,,,False,REGEX,0.2,True,189088.0,EXACT,2023.0,Bard College,PRIVATE_NP,2.0,21.0,6628.0,3466.0,402.0,0.5229330114665057,0.11598384304673975,670.0,710.0,740.0,620.0,660.0,700.0,30.0,31.0,32.0,0.09179645250613411,,
0a7b0d75b2d02bb0639d8a40,carnegie mellon,REJECT,UNKNOWN,,,,,,,,,,,False,REGEX,0.2,True,211440.0,EXACT,2023.0,Carnegie Mellon University,PRIVATE_NP,2.0,15.0,33707.0,3843.0,1708.0,0.11401192630610853,0.4444444444444444,730.0,750.0,770.0,770.0,790.0,800.0,34.0,35.0,35.0,-2.0504004300295757,,
0064364a12111ec99b926729,USD,ACCEPT,UNKNOWN,4.0,4.75,1480.0,,4.0,,,,,,False,REGEX,0.6,False,382258.0,FUZZY,,,,,,,,,,,,,,,,,,,,,,
8ff771183682535ab2b13401,instate EA,ACCEPT,UNKNOWN,,,,,12.0,,,,,,False,REGEX,0.2,True,,UNRESOLVED,,,,,,,,,,,,,,,,,,,,,,
8ff771183682535ab2b13401,Stanford CS RD,REJECT,UNKNOWN,,,,,12.0,,,,,,False,REGEX,0.2,True,243744.0,FUZZY,2023.0,Stanford University,PRIVATE_NP,8.0,15.0,53733.0,2099.0,1699.0,0.03906351776375784,0.8094330633635064,740.0,760.0,780.0,770.0,790.0,800.0,34.0,35.0,35.0,-3.202719329388706,,
8ff771183682535ab2b13401,Uc Berkley EECS,REJECT,UNKNOWN,,,,,12.0,,,,,,False,REGEX,0.2,True,,UNRESOLVED,,,,,,,,,,,,,,,,,,,,,,
8ff771183682535ab2b13401,deferred,REJECT,UNKNOWN,,,,,12.0,,,,,,False,REGEX,0.2,True,,UNRESOLVED,,,,,,,,,,,,,,,,,,,,,,
8ff771183682535ab2b13401,Purdue CS EA,ACCEPT,UNKNOWN,,,,,12.0,,,,,,False,REGEX,0.2,True,243780.0,FUZZY,2023.0,Purdue University-Main Campus,PUBLIC,3.0,15.0,73083.0,36763.0,9381.0,0.503030800596582,0.25517504012186165,590.0,650.0,710.0,600.0,670.0,750.0,27.0,31.0,34.0,0.012123350870579806,,
8ff771183682535ab2b13401,UCLA CS,ACCEPT,UNKNOWN,,,,,12.0,,,,,,False,REGEX,0.2,True,110662.0,FUZZY,2023.0,University of California-Los Angeles,PUBLIC,8.0,15.0,145903.0,12736.0,6585.0,0.08729087133232354,0.5170383165829145,,,,,,,,,,-2.347171350561971,,
8ff771183682535ab2b13401,UMich CS EA,DEFER,UNKNOWN,,,,,12.0,,,,,,False,REGEX,0.2,True,170976.0,FUZZY,2023.0,University of Michigan-Ann Arbor,PUBLIC,3.0,15.0,87632.0,15722.0,7466.0,0.17940934818331203,0.4748759699783743,670.0,720.0,750.0,680.0,750.0,780.0,31.0,33.0,34.0,-1.520354331742838,,
8ff771183682535ab2b13401,UW madison EA,ACCEPT,UNKNOWN,,,,,12.0,,,,,,False,REGEX,0.2,True,,UNRESOLVED,,,,,,,,,,,,,,,,,,,,,,
052d7e8b6cfd671644a88924,UW Madison,REJECT,UNKNOWN,,,,,,,,,,,False,REGEX,0.2,True,,UNRESOLVED,,,,,,,,,,,,,,,,,,,,,,
052d7e8b6cfd671644a88924,Purdue,DEFER,UNKNOWN,,,,,,,,,,,False,REGEX,0.2,True,243780.0,EXACT,2023.0,Purdue University-Main Campus,PUBLIC,3.0,15.0,73083.0,36763.0,9381.0,0.503030800596582,0.25517504012186165,590.0,650.0,710.0,600.0,670.0,750.0,27.0,31.0,34.0,0.012123350870579806,,
052d7e8b6cfd671644a88924,IU Bloomington,ACCEPT,UNKNOWN,,,,,,,,,,,False,REGEX,0.2,True,,UNRESOLVED,,,,,,,,,,,,,,,,,,,,,,
052d7e8b6cfd671644a88924,UIUC,REJECT,UNKNOWN,,,,,,,,,,,False,REGEX,0.2,True,145637.0,EXACT,2023.0,University of Illinois Urbana-Champaign,PUBLIC,3.0,15.0,67398.0,29446.0,8325.0,0.436897237306745,0.28272091285743395,630.0,690.0,730.0,640.0,720.0,780.0,29.0,32.0,34.0,-0.25376412593204345,,
052d7e8b6cfd671644a88924,Iowa,ACCEPT,UNKNOWN,,,,,,,,,,,False,REGEX,0.2,True,153658.0,EXACT,2023.0,University of Iowa,PUBLIC,4.0,15.0,25682.0,21746.0,5064.0,0.8467409080289697,0.23287041294950794,570.0,610.0,660.0,560.0,610.0,660.0,22.0,25.0,28.0,1.709264853385551,,
052d7e8b6cfd671644a88924,Many lesser colleges in my state,ACCEPT,UNKNOWN,,,,,,,,,,,False,REGEX,0.2,True,,UNRESOLVED,,,,,,,,,,,,,,,,,,,,,,
f91443800694bc30815a263c,Georgetown SFS,ACCEPT,UNKNOWN,,,1550.0,,,,,,,,False,REGEX,0.4,True,156745.0,FUZZY,2023.0,Georgetown College,PRIVATE_NP,5.0,21.0,1815.0,1341.0,307.0,0.7388429752066116,0.22893363161819538,520.0,580.0,610.0,510.0,550.0,620.0,21.0,23.0,26.0,1.039963561586602,420.0,
f91443800694bc30815a263c,USC,ACCEPT,UNKNOWN,,,1550.0,,,,,,,,False,REGEX,0.4,True,123961.0,EXACT,2023.0,University of Southern California,PRIVATE_NP,8.0,15.0,80808.0,8094.0,3633.0,0.10016335016335016,0.44885100074128986,700.0,730.0,760.0,740.0,780.0,790.0,32.0,33.0,35.0,-2.1954108917607313,40.0,
f91443800694bc30815a263c,RC,ACCEPT,UNKNOWN,,,1550.0,,,,,,,,False,REGEX,0.4,True,,UNRESOLVED,,,,,,,,,,,,,,,,,,,,,,
f91443800694bc30815a263c,UVA,ACCEPT,UNKNOWN,,,1550.0,,,,,,,,False,REGEX,0.4,True,234076.0,EXACT,2023.0,University of Virginia-Main Campus,PUBLIC,5.0,15.0,56528.0,9533.0,3966.0,0.16864208887630908,0.41602853246617016,700.0,730.0,750.0,710.0,760.0,780.0,32.0,33.0,34.0,-1.5952817495608238,60.0,
f91443800694bc30815a263c,UCL,ACCEPT,UNKNOWN,,,1550.0,,,,,,,,False,REGEX,0.4,True,,UNRESOLVED,,,,,,,,,,,,,,,,,,,,,,
f91443800694bc30815a263c,St. Andrews,ACCEPT,UNKNOWN,,,1550.0,,,,,,,,False,REGEX,0.4,True,199698.0,EXACT,,,,,,,,,,,,,,,,,,,,,,
f91443800694bc30815a263c,UChicago,DEFER,UNKNOWN,,,1550.0,,,,,,,,False,REGEX,0.4,True,144050.0,EXACT,2023.0,University of Chicago,PRIVATE_NP,3.0,15.0,38631.0,1849.0,1626.0,0.04786311511480417,0.879394267171444,740.0,760.0,770.0,770.0,790.0,800.0,34.0,35.0,35.0,-2.9903636426718014,0.0,
f91443800694bc30815a263c,Oxford,REJECT,UNKNOWN,,,1550.0,,,,,,,,False,REGEX,0.4,True,204024.0,FUZZY,2023.0,Miami University-Oxford,PUBLIC,3.0,16.0,34498.0,28319.0,3937.0,0.8208881674299959,0.13902327059571312,610.0,650.0,690.0,600.0,640.0,690.0,26.0,28.0,31.0,1.5223765113887744,260.0,
f91443800694bc30815a263c,LSE,REJECT,UNKNOWN,,,1550.0,,,,,,,,False,REGEX,0.4,True,,UNRESOLVED,,,,,,,,,,,,,,,,,,,,,,
244243860a92cb510c4dccc8,Accepted,WAITLIST,UNKNOWN,,,,,9.0,,,,,,False,REGEX_PARTIAL,0.2,True,,UNRESOLVED,,,,,,,,,,,,,,,,,,,,,,
998a252e2d7d6baccf25296f,SUNY at Binghamton,ACCEPT,UNKNOWN,,,,,,,,,,,False,REGEX_PARTIAL,0.2,True,196079.0,FUZZY,2023.0,Binghamton University,PUBLIC,2.0,15.0,49513.0,18683.0,3095.0,0.377335245289116,0.16565862013595248,660.0,700.0,730.0,660.0,710.0,760.0,29.0,32.0,34.0,-0.5008742224203585,,
998a252e2d7d6baccf25296f,UChicago,ACCEPT,UNKNOWN,,,,,,,,,,,False,REGEX_PARTIAL,0.2,True,144050.0,EXACT,2023.0,University of Chicago,PRIVATE_NP,3.0,15.0,38631.0,1849.0,1626.0,0.04786311511480417,0.879394267171444,740.0,760.0,770.0,770.0,790.0,800.0,34.0,35.0,35.0,-2.9903636426718014,,
